id,name,experience,experience_id,salary_from,salary_to,salary_currency,schedule,key_skills,description
90000001,Go Backend Developer,Более 6 лет,moreThan6,,,RUR,remote,"[""Kafka"", ""ClickHouse"", ""Python""]","<h3>О проекте:</h3><p>Мы разрабатываем высоконагруженную платформу автоматизации аналитики и бизнес-процессов.</p>
    <h3>Обязанности:</h3><ul><li>Разработка микросервисов на Python и фреймворке Flask.</li>
    <li>Проектирование архитектуры базы данных Redis и оптимизация сложных аналитических запросов.</li>
    <li>Контейнеризация и настройка пайплайнов деплоя с использованием Docker.</li></ul>
    <h3>Требования:</h3><ul><li>Опыт работы с технологиями: Kafka, ClickHouse, Python.</li>
    <li>Понимание принципов чистого кода, SOLID и микросервисной архитектуры.</li>
    <li>Умение работать в Agile/Scrum команде.</li></ul>
    <h3>Мы предлагаем:</h3><ul><li>Конкурентная зарплата, гибкий график, ДМС и возможность удаленной работы.</li></ul>"
90000002,Junior DevOps Engineer,От 1 года до 3 лет,between1And3,75000,130000,RUR,remote,"[""Django"", ""PostgreSQL"", ""Linux"", ""Docker""]","<p>В финтех направление открыта вакансия Junior DevOps Engineer.</p>
    <p><strong>Задачи:</strong></p><ul><li>Создание масштабируемых сервисов с низким latency.</li>
    <li>Интеграция с платежными шлюзами и внешними API.</li><li>Написание юнит и интеграционных тестов.</li></ul>
    <p><strong>Стек:</strong> Django, PostgreSQL, Linux, Docker.</p>
    <p><strong>Условия:</strong> полностью белая зарплата, техника на выбор, дружная инженерная культура.</p>"
90000003,Junior Backend Engineer (FastAPI),От 1 года до 3 лет,between1And3,65000,,RUR,remote,"[""REST API"", ""Git"", ""Linux"", ""FastAPI"", ""Go"", ""Python"", ""PostgreSQL""]","<p>В финтех направление открыта вакансия Junior Backend Engineer (FastAPI).</p>
    <p><strong>Задачи:</strong></p><ul><li>Создание масштабируемых сервисов с низким latency.</li>
    <li>Интеграция с платежными шлюзами и внешними API.</li><li>Написание юнит и интеграционных тестов.</li></ul>
    <p><strong>Стек:</strong> REST API, Git, Linux, FastAPI, Go, Python, PostgreSQL.</p>
    <p><strong>Условия:</strong> полностью белая зарплата, техника на выбор, дружная инженерная культура.</p>"
90000004,Junior Go / Golang Developer,Нет опыта,noExperience,70000,115000,RUR,fullDay,"[""REST API"", ""Git"", ""Redis"", ""SQLAlchemy"", ""Django""]","<h3>О проекте:</h3><p>Мы разрабатываем высоконагруженную платформу автоматизации аналитики и бизнес-процессов.</p>
    <h3>Обязанности:</h3><ul><li>Разработка микросервисов на Python и фреймворке Django.</li>
    <li>Проектирование архитектуры базы данных Redis и оптимизация сложных аналитических запросов.</li>
    <li>Контейнеризация и настройка пайплайнов деплоя с использованием Docker.</li></ul>
    <h3>Требования:</h3><ul><li>Опыт работы с технологиями: REST API, Git, Redis, SQLAlchemy, Django.</li>
    <li>Понимание принципов чистого кода, SOLID и микросервисной архитектуры.</li>
    <li>Умение работать в Agile/Scrum команде.</li></ul>
    <h3>Мы предлагаем:</h3><ul><li>Конкурентная зарплата, гибкий график, ДМС и возможность удаленной работы.</li></ul>"
90000005,Удаленно: Senior DevOps / SRE Engineer,От 3 до 6 лет,between3And6,,,RUR,remote,"[""REST API"", ""CI/CD"", ""Go"", ""Docker"", ""SQLAlchemy"", ""Kubernetes"", ""ClickHouse"", ""PostgreSQL""]","<h3>О проекте:</h3><p>Мы разрабатываем высоконагруженную платформу автоматизации аналитики и бизнес-процессов.</p>
    <h3>Обязанности:</h3><ul><li>Разработка микросервисов на Python и фреймворке Flask.</li>
    <li>Проектирование архитектуры базы данных PostgreSQL и оптимизация сложных аналитических запросов.</li>
    <li>Контейнеризация и настройка пайплайнов деплоя с использованием Docker и Kubernetes.</li></ul>
    <h3>Требования:</h3><ul><li>Опыт работы с технологиями: REST API, CI/CD, Go, Docker, SQLAlchemy, Kubernetes, ClickHouse, PostgreSQL.</li>
    <li>Понимание принципов чистого кода, SOLID и микросервисной архитектуры.</li>
    <li>Умение работать в Agile/Scrum команде.</li></ul>
    <h3>Мы предлагаем:</h3><ul><li>Конкурентная зарплата, гибкий график, ДМС и возможность удаленной работы.</li></ul>"
90000006,Ищем: Junior QA Automation (Python),От 1 года до 3 лет,between1And3,70000,105000,RUR,remote,"[""Git"", ""Django"", ""Python""]","<p>В финтех направление открыта вакансия Ищем: Junior QA Automation (Python).</p>
    <p><strong>Задачи:</strong></p><ul><li>Создание масштабируемых сервисов с низким latency.</li>
    <li>Интеграция с платежными шлюзами и внешними API.</li><li>Написание юнит и интеграционных тестов.</li></ul>
    <p><strong>Стек:</strong> Git, Django, Python.</p>
    <p><strong>Условия:</strong> полностью белая зарплата, техника на выбор, дружная инженерная культура.</p>"
90000007,Tech Lead (Python / FastAPI / Highload),Более 6 лет,moreThan6,330000,520000,RUR,fullDay,"[""Git"", ""Linux"", ""CI/CD"", ""Go"", ""Docker"", ""Kubernetes""]","<p>В финтех направление открыта вакансия Tech Lead (Python / FastAPI / Highload).</p>
    <p><strong>Задачи:</strong></p><ul><li>Создание масштабируемых сервисов с низким latency.</li>
    <li>Интеграция с платежными шлюзами и внешними API.</li><li>Написание юнит и интеграционных тестов.</li></ul>
    <p><strong>Стек:</strong> Git, Linux, CI/CD, Go, Docker, Kubernetes.</p>
    <p><strong>Условия:</strong> полностью белая зарплата, техника на выбор, дружная инженерная культура.</p>"
90000008,Senior Python Developer,От 3 до 6 лет,between3And6,320000,495000,RUR,remote,"[""Kubernetes"", ""ClickHouse"", ""PostgreSQL"", ""Python""]","<p>В финтех направление открыта вакансия Senior Python Developer.</p>
    <p><strong>Задачи:</strong></p><ul><li>Создание масштабируемых сервисов с низким latency.</li>
    <li>Интеграция с платежными шлюзами и внешними API.</li><li>Написание юнит и интеграционных тестов.</li></ul>
    <p><strong>Стек:</strong> Kubernetes, ClickHouse, PostgreSQL, Python.</p>
    <p><strong>Условия:</strong> полностью белая зарплата, техника на выбор, дружная инженерная культура.</p>"
90000009,Data Engineer,От 1 года до 3 лет,between1And3,,,RUR,remote,"[""Git"", ""SQLAlchemy"", ""PostgreSQL"", ""Redis""]","<p>В финтех направление открыта вакансия Data Engineer.</p>
    <p><strong>Задачи:</strong></p><ul><li>Создание масштабируемых сервисов с низким latency.</li>
    <li>Интеграция с платежными шлюзами и внешними API.</li><li>Написание юнит и интеграционных тестов.</li></ul>
    <p><strong>Стек:</strong> Git, SQLAlchemy, PostgreSQL, Redis.</p>
    <p><strong>Условия:</strong> полностью белая зарплата, техника на выбор, дружная инженерная культура.</p>"
90000010,Ищем: Junior DevOps Engineer,От 1 года до 3 лет,between1And3,70000,115000,RUR,fullDay,"[""Git"", ""Django""]","<h3>О проекте:</h3><p>Мы разрабатываем высоконагруженную платформу автоматизации аналитики и бизнес-процессов.</p>
    <h3>Обязанности:</h3><ul><li>Разработка микросервисов на Python и фреймворке Django.</li>
    <li>Проектирование архитектуры базы данных Redis и оптимизация сложных аналитических запросов.</li>
    <li>Контейнеризация и настройка пайплайнов деплоя с использованием Docker.</li></ul>
    <h3>Требования:</h3><ul><li>Опыт работы с технологиями: Git, Django.</li>
    <li>Понимание принципов чистого кода, SOLID и микросервисной архитектуры.</li>
    <li>Умение работать в Agile/Scrum команде.</li></ul>
    <h3>Мы предлагаем:</h3><ul><li>Конкурентная зарплата, гибкий график, ДМС и возможность удаленной работы.</li></ul>"
90000011,Ищем: Senior Golang Developer,От 3 до 6 лет,between3And6,,,RUR,fullDay,"[""Microservices"", ""Kubernetes"", ""Python""]","<h3>О проекте:</h3><p>Мы разрабатываем высоконагруженную платформу автоматизации аналитики и бизнес-процессов.</p>
    <h3>Обязанности:</h3><ul><li>Разработка микросервисов на Python и фреймворке Flask.</li>
    <li>Проектирование архитектуры базы данных Redis и оптимизация сложных аналитических запросов.</li>
    <li>Контейнеризация и настройка пайплайнов деплоя с использованием Docker и Kubernetes.</li></ul>
    <h3>Требования:</h3><ul><li>Опыт работы с технологиями: Microservices, Kubernetes, Python.</li>
    <li>Понимание принципов чистого кода, SOLID и микросервисной архитектуры.</li>
    <li>Умение работать в Agile/Scrum команде.</li></ul>
    <h3>Мы предлагаем:</h3><ul><li>Конкурентная зарплата, гибкий график, ДМС и возможность удаленной работы.</li></ul>"
90000012,IT Компания: Middle Python Developer,От 1 года до 3 лет,between1And3,150000,235000,RUR,fullDay,"[""Asyncio"", ""Pytest"", ""FastAPI"", ""RabbitMQ""]","<p>В финтех направление открыта вакансия IT Компания: Middle Python Developer.</p>
    <p><strong>Задачи:</strong></p><ul><li>Создание масштабируемых сервисов с низким latency.</li>
    <li>Интеграция с платежными шлюзами и внешними API.</li><li>Написание юнит и интеграционных тестов.</li></ul>
    <p><strong>Стек:</strong> Asyncio, Pytest, FastAPI, RabbitMQ.</p>
    <p><strong>Условия:</strong> полностью белая зарплата, техника на выбор, дружная инженерная культура.</p>"
90000013,"Senior Backend Architect (Go, PostgreSQL, Kafka)",Более 6 лет,moreThan6,,,RUR,remote,"[""Celery"", ""PostgreSQL"", ""Linux""]","<p>В финтех направление открыта вакансия Senior Backend Architect (Go, PostgreSQL, Kafka).</p>
    <p><strong>Задачи:</strong></p><ul><li>Создание масштабируемых сервисов с низким latency.</li>
    <li>Интеграция с платежными шлюзами и внешними API.</li><li>Написание юнит и интеграционных тестов.</li></ul>
    <p><strong>Стек:</strong> Celery, PostgreSQL, Linux.</p>
    <p><strong>Условия:</strong> полностью белая зарплата, техника на выбор, дружная инженерная культура.</p>"
90000014,IT Компания: Младший программист Python / Django,От 1 года до 3 лет,between1And3,50000,80000,RUR,remote,"[""Git"", ""Django"", ""Pytest"", ""REST API""]","<h3>О проекте:</h3><p>Мы разрабатываем высоконагруженную платформу автоматизации аналитики и бизнес-процессов.</p>
    <h3>Обязанности:</h3><ul><li>Разработка микросервисов на Python и фреймворке Django.</li>
    <li>Проектирование архитектуры базы данных Redis и оптимизация сложных аналитических запросов.</li>
    <li>Контейнеризация и настройка пайплайнов деплоя с использованием Docker.</li></ul>
    <h3>Требования:</h3><ul><li>Опыт работы с технологиями: Git, Django, Pytest, REST API.</li>
    <li>Понимание принципов чистого кода, SOLID и микросервисной архитектуры.</li>
    <li>Умение работать в Agile/Scrum команде.</li></ul>
    <h3>Мы предлагаем:</h3><ul><li>Конкурентная зарплата, гибкий график, ДМС и возможность удаленной работы.</li></ul>"
90000015,Fullstack Developer (Python / Vue.js),Более 6 лет,moreThan6,,,RUR,fullDay,"[""FastAPI"", ""Linux"", ""Go"", ""SQLAlchemy"", ""Asyncio""]","<h3>О проекте:</h3><p>Мы разрабатываем высоконагруженную платформу автоматизации аналитики и бизнес-процессов.</p>
    <h3>Обязанности:</h3><ul><li>Разработка микросервисов на Go и фреймворке FastAPI.</li>
    <li>Проектирование архитектуры базы данных Redis и оптимизация сложных аналитических запросов.</li>
    <li>Контейнеризация и настройка пайплайнов деплоя с использованием Docker.</li></ul>
    <h3>Требования:</h3><ul><li>Опыт работы с технологиями: FastAPI, Linux, Go, SQLAlchemy, Asyncio.</li>
    <li>Понимание принципов чистого кода, SOLID и микросервисной архитектуры.</li>
    <li>Умение работать в Agile/Scrum команде.</li></ul>
    <h3>Мы предлагаем:</h3><ul><li>Конкурентная зарплата, гибкий график, ДМС и возможность удаленной работы.</li></ul>"
90000016,Data Engineer,Более 6 лет,moreThan6,370000,,RUR,remote,"[""Go"", ""SQLAlchemy"", ""Kubernetes"", ""ClickHouse"", ""PostgreSQL""]","<h3>О проекте:</h3><p>Мы разрабатываем высоконагруженную платформу автоматизации аналитики и бизнес-процессов.</p>
    <h3>Обязанности:</h3><ul><li>Разработка микросервисов на Go и фреймворке Flask.</li>
    <li>Проектирование архитектуры базы данных PostgreSQL и оптимизация сложных аналитических запросов.</li>
    <li>Контейнеризация и настройка пайплайнов деплоя с использованием Docker и Kubernetes.</li></ul>
    <h3>Требования:</h3><ul><li>Опыт работы с технологиями: Go, SQLAlchemy, Kubernetes, ClickHouse, PostgreSQL.</li>
    <li>Понимание принципов чистого кода, SOLID и микросервисной архитектуры.</li>
    <li>Умение работать в Agile/Scrum команде.</li></ul>
    <h3>Мы предлагаем:</h3><ul><li>Конкурентная зарплата, гибкий график, ДМС и возможность удаленной работы.</li></ul>"
90000017,Разработчик Python,От 3 до 6 лет,between3And6,315000,475000,RUR,fullDay,"[""FastAPI"", ""Microservices"", ""Docker"", ""Python"", ""Kafka""]","<p>В финтех направление открыта вакансия Разработчик Python.</p>
    <p><strong>Задачи:</strong></p><ul><li>Создание масштабируемых сервисов с низким latency.</li>
    <li>Интеграция с платежными шлюзами и внешними API.</li><li>Написание юнит и интеграционных тестов.</li></ul>
    <p><strong>Стек:</strong> FastAPI, Microservices, Docker, Python, Kafka.</p>
    <p><strong>Условия:</strong> полностью белая зарплата, техника на выбор, дружная инженерная культура.</p>"
90000018,Ищем: Tech Lead (Python / FastAPI / Highload),От 1 года до 3 лет,between1And3,,495000,RUR,remote,"[""Microservices"", ""CI/CD"", ""Docker"", ""Celery"", ""Python""]","<p>В финтех направление открыта вакансия Ищем: Tech Lead (Python / FastAPI / Highload).</p>
    <p><strong>Задачи:</strong></p><ul><li>Создание масштабируемых сервисов с низким latency.</li>
    <li>Интеграция с платежными шлюзами и внешними API.</li><li>Написание юнит и интеграционных тестов.</li></ul>
    <p><strong>Стек:</strong> Microservices, CI/CD, Docker, Celery, Python.</p>
    <p><strong>Условия:</strong> полностью белая зарплата, техника на выбор, дружная инженерная культура.</p>"
90000019,Senior DevOps / SRE Engineer,От 3 до 6 лет,between3And6,,,RUR,remote,"[""Linux"", ""Redis"", ""Docker"", ""Django"", ""PostgreSQL""]","<p>В финтех направление открыта вакансия Senior DevOps / SRE Engineer.</p>
    <p><strong>Задачи:</strong></p><ul><li>Создание масштабируемых сервисов с низким latency.</li>
    <li>Интеграция с платежными шлюзами и внешними API.</li><li>Написание юнит и интеграционных тестов.</li></ul>
    <p><strong>Стек:</strong> Linux, Redis, Docker, Django, PostgreSQL.</p>
    <p><strong>Условия:</strong> полностью белая зарплата, техника на выбор, дружная инженерная культура.</p>"
90000020,Backend Engineer,От 1 года до 3 лет,between1And3,,,RUR,remote,"[""Git"", ""Redis"", ""SQLAlchemy"", ""Celery"", ""Python"", ""PostgreSQL""]","<h3>О проекте:</h3><p>Мы разрабатываем высоконагруженную платформу автоматизации аналитики и бизнес-процессов.</p>
    <h3>Обязанности:</h3><ul><li>Разработка микросервисов на Python и фреймворке Flask.</li>
    <li>Проектирование архитектуры базы данных PostgreSQL и оптимизация сложных аналитических запросов.</li>
    <li>Контейнеризация и настройка пайплайнов деплоя с использованием Docker.</li></ul>
    <h3>Требования:</h3><ul><li>Опыт работы с технологиями: Git, Redis, SQLAlchemy, Celery, Python, PostgreSQL.</li>
    <li>Понимание принципов чистого кода, SOLID и микросервисной архитектуры.</li>
    <li>Умение работать в Agile/Scrum команде.</li></ul>
    <h3>Мы предлагаем:</h3><ul><li>Конкурентная зарплата, гибкий график, ДМС и возможность удаленной работы.</li></ul>"
90000021,Junior Go / Golang Developer,Нет опыта,noExperience,50000,,RUR,remote,"[""Git"", ""REST API"", ""Kubernetes"", ""Docker"", ""Python"", ""Django"", ""RabbitMQ""]","<h3>О проекте:</h3><p>Мы разрабатываем высоконагруженную платформу автоматизации аналитики и бизнес-процессов.</p>
    <h3>Обязанности:</h3><ul><li>Разработка микросервисов на Python и фреймворке Django.</li>
    <li>Проектирование архитектуры базы данных Redis и оптимизация сложных аналитических запросов.</li>
    <li>Контейнеризация и настройка пайплайнов деплоя с использованием Docker и Kubernetes.</li></ul>
    <h3>Требования:</h3><ul><li>Опыт работы с технологиями: Git, REST API, Kubernetes, Docker, Python, Django, RabbitMQ.</li>
    <li>Понимание принципов чистого кода, SOLID и микросервисной архитектуры.</li>
    <li>Умение работать в Agile/Scrum команде.</li></ul>
    <h3>Мы предлагаем:</h3><ul><li>Конкурентная зарплата, гибкий график, ДМС и возможность удаленной работы.</li></ul>"
90000022,DevOps Engineer,Нет опыта,noExperience,55000,85000,RUR,remote,"[""Kubernetes"", ""Linux"", ""Python""]","<p>В финтех направление открыта вакансия DevOps Engineer.</p>
    <p><strong>Задачи:</strong></p><ul><li>Создание масштабируемых сервисов с низким latency.</li>
    <li>Интеграция с платежными шлюзами и внешними API.</li><li>Написание юнит и интеграционных тестов.</li></ul>
    <p><strong>Стек:</strong> Kubernetes, Linux, Python.</p>
    <p><strong>Условия:</strong> полностью белая зарплата, техника на выбор, дружная инженерная культура.</p>"
90000023,Удаленно: Middle Data Engineer,От 3 до 6 лет,between3And6,,,RUR,fullDay,"[""Git"", ""FastAPI"", ""Microservices"", ""SQLAlchemy"", ""Asyncio"", ""PostgreSQL""]","<p>В финтех направление открыта вакансия Удаленно: Middle Data Engineer.</p>
    <p><strong>Задачи:</strong></p><ul><li>Создание масштабируемых сервисов с низким latency.</li>
    <li>Интеграция с платежными шлюзами и внешними API.</li><li>Написание юнит и интеграционных тестов.</li></ul>
    <p><strong>Стек:</strong> Git, FastAPI, Microservices, SQLAlchemy, Asyncio, PostgreSQL.</p>
    <p><strong>Условия:</strong> полностью белая зарплата, техника на выбор, дружная инженерная культура.</p>"
90000024,Junior Python Developer,Нет опыта,noExperience,60000,,RUR,fullDay,"[""REST API"", ""Git"", ""Linux"", ""Redis"", ""Go"", ""Python""]","<h3>О проекте:</h3><p>Мы разрабатываем высоконагруженную платформу автоматизации аналитики и бизнес-процессов.</p>
    <h3>Обязанности:</h3><ul><li>Разработка микросервисов на Go и фреймворке Flask.</li>
    <li>Проектирование архитектуры базы данных Redis и оптимизация сложных аналитических запросов.</li>
    <li>Контейнеризация и настройка пайплайнов деплоя с использованием Docker.</li></ul>
    <h3>Требования:</h3><ul><li>Опыт работы с технологиями: REST API, Git, Linux, Redis, Go, Python.</li>
    <li>Понимание принципов чистого кода, SOLID и микросервисной архитектуры.</li>
    <li>Умение работать в Agile/Scrum команде.</li></ul>
    <h3>Мы предлагаем:</h3><ul><li>Конкурентная зарплата, гибкий график, ДМС и возможность удаленной работы.</li></ul>"
90000025,Ищем: Senior Python Developer,От 3 до 6 лет,between3And6,250000,390000,RUR,flexible,"[""Linux"", ""CI/CD"", ""Go"", ""Docker"", ""SQLAlchemy"", ""Django"", ""RabbitMQ""]","<h3>О проекте:</h3><p>Мы разрабатываем высоконагруженную платформу автоматизации аналитики и бизнес-процессов.</p>
    <h3>Обязанности:</h3><ul><li>Разработка микросервисов на Go и фреймворке Django.</li>
    <li>Проектирование архитектуры базы данных Redis и оптимизация сложных аналитических запросов.</li>
    <li>Контейнеризация и настройка пайплайнов деплоя с использованием Docker.</li></ul>
    <h3>Требования:</h3><ul><li>Опыт работы с технологиями: Linux, CI/CD, Go, Docker, SQLAlchemy, Django, RabbitMQ.</li>
    <li>Понимание принципов чистого кода, SOLID и микросервисной архитектуры.</li>
    <li>Умение работать в Agile/Scrum команде.</li></ul>
    <h3>Мы предлагаем:</h3><ul><li>Конкурентная зарплата, гибкий график, ДМС и возможность удаленной работы.</li></ul>"
90000026,IT Компания: Junior DevOps Engineer,От 1 года до 3 лет,between1And3,60000,105000,RUR,fullDay,"[""Git"", ""Linux"", ""CI/CD"", ""Django"", ""PostgreSQL""]","<p>В финтех направление открыта вакансия IT Компания: Junior DevOps Engineer.</p>
    <p><strong>Задачи:</strong></p><ul><li>Создание масштабируемых сервисов с низким latency.</li>
    <li>Интеграция с платежными шлюзами и внешними API.</li><li>Написание юнит и интеграционных тестов.</li></ul>
    <p><strong>Стек:</strong> Git, Linux, CI/CD, Django, PostgreSQL.</p>
    <p><strong>Условия:</strong> полностью белая зарплата, техника на выбор, дружная инженерная культура.</p>"
90000027,"Senior Backend Architect (Go, PostgreSQL, Kafka)",Более 6 лет,moreThan6,380000,,RUR,flexible,"[""FastAPI"", ""Linux"", ""Python"", ""Kubernetes"", ""PostgreSQL""]","<p>В финтех направление открыта вакансия Senior Backend Architect (Go, PostgreSQL, Kafka).</p>
    <p><strong>Задачи:</strong></p><ul><li>Создание масштабируемых сервисов с низким latency.</li>
    <li>Интеграция с платежными шлюзами и внешними API.</li><li>Написание юнит и интеграционных тестов.</li></ul>
    <p><strong>Стек:</strong> FastAPI, Linux, Python, Kubernetes, PostgreSQL.</p>
    <p><strong>Условия:</strong> полностью белая зарплата, техника на выбор, дружная инженерная культура.</p>"
90000028,Tech Lead (Python / FastAPI / Highload),Более 6 лет,moreThan6,395000,625000,RUR,remote,"[""Git"", ""Kafka"", ""Go""]","<p>В финтех направление открыта вакансия Tech Lead (Python / FastAPI / Highload).</p>
    <p><strong>Задачи:</strong></p><ul><li>Создание масштабируемых сервисов с низким latency.</li>
    <li>Интеграция с платежными шлюзами и внешними API.</li><li>Написание юнит и интеграционных тестов.</li></ul>
    <p><strong>Стек:</strong> Git, Kafka, Go.</p>
    <p><strong>Условия:</strong> полностью белая зарплата, техника на выбор, дружная инженерная культура.</p>"
90000029,Ищем: Стажер-разработчик Python,Нет опыта,noExperience,45000,80000,RUR,fullDay,"[""REST API"", ""Git"", ""Linux"", ""Redis"", ""Django"", ""PostgreSQL"", ""Kubernetes""]","<p>В финтех направление открыта вакансия Ищем: Стажер-разработчик Python.</p>
    <p><strong>Задачи:</strong></p><ul><li>Создание масштабируемых сервисов с низким latency.</li>
    <li>Интеграция с платежными шлюзами и внешними API.</li><li>Написание юнит и интеграционных тестов.</li></ul>
    <p><strong>Стек:</strong> REST API, Git, Linux, Redis, Django, PostgreSQL, Kubernetes.</p>
    <p><strong>Условия:</strong> полностью белая зарплата, техника на выбор, дружная инженерная культура.</p>"
90000030,IT Компания: Senior Python Developer,От 3 до 6 лет,between3And6,,,RUR,remote,"[""Kubernetes"", ""CI/CD"", ""Go"", ""FastAPI""]","<h3>О проекте:</h3><p>Мы разрабатываем высоконагруженную платформу автоматизации аналитики и бизнес-процессов.</p>
    <h3>Обязанности:</h3><ul><li>Разработка микросервисов на Python и фреймворке FastAPI.</li>
    <li>Проектирование архитектуры базы данных Redis и оптимизация сложных аналитических запросов.</li>
    <li>Контейнеризация и настройка пайплайнов деплоя с использованием Docker и Kubernetes.</li></ul>
    <h3>Требования:</h3><ul><li>Опыт работы с технологиями: Kubernetes, CI/CD, Go, FastAPI.</li>
    <li>Понимание принципов чистого кода, SOLID и микросервисной архитектуры.</li>
    <li>Умение работать в Agile/Scrum команде.</li></ul>
    <h3>Мы предлагаем:</h3><ul><li>Конкурентная зарплата, гибкий график, ДМС и возможность удаленной работы.</li></ul>"
90000031,Backend Engineer,Более 6 лет,moreThan6,250000,390000,RUR,fullDay,"[""Asyncio"", ""Kafka"", ""ClickHouse"", ""Python""]","<p>В финтех направление открыта вакансия Backend Engineer.</p>
    <p><strong>Задачи:</strong></p><ul><li>Создание масштабируемых сервисов с низким latency.</li>
    <li>Интеграция с платежными шлюзами и внешними API.</li><li>Написание юнит и интеграционных тестов.</li></ul>
    <p><strong>Стек:</strong> Asyncio, Kafka, ClickHouse, Python.</p>
    <p><strong>Условия:</strong> полностью белая зарплата, техника на выбор, дружная инженерная культура.</p>"
90000032,IT Компания: Fullstack Developer (Python / Vue.js),От 1 года до 3 лет,between1And3,155000,250000,RUR,remote,"[""Pytest"", ""Go"", ""Docker"", ""Asyncio"", ""PostgreSQL""]","<p>В финтех направление открыта вакансия IT Компания: Fullstack Developer (Python / Vue.js).</p>
    <p><strong>Задачи:</strong></p><ul><li>Создание масштабируемых сервисов с низким latency.</li>
    <li>Интеграция с платежными шлюзами и внешними API.</li><li>Написание юнит и интеграционных тестов.</li></ul>
    <p><strong>Стек:</strong> Pytest, Go, Docker, Asyncio, PostgreSQL.</p>
    <p><strong>Условия:</strong> полностью белая зарплата, техника на выбор, дружная инженерная культура.</p>"
90000033,Ищем: Senior Golang Developer,Более 6 лет,moreThan6,,,RUR,remote,"[""Microservices"", ""Kafka"", ""SQLAlchemy"", ""Django"", ""PostgreSQL"", ""Kubernetes""]","<p>В финтех направление открыта вакансия Ищем: Senior Golang Developer.</p>
    <p><strong>Задачи:</strong></p><ul><li>Создание масштабируемых сервисов с низким latency.</li>
    <li>Интеграция с платежными шлюзами и внешними API.</li><li>Написание юнит и интеграционных тестов.</li></ul>
    <p><strong>Стек:</strong> Microservices, Kafka, SQLAlchemy, Django, PostgreSQL, Kubernetes.</p>
    <p><strong>Условия:</strong> полностью белая зарплата, техника на выбор, дружная инженерная культура.</p>"
90000034,"Удаленно: Middle DevOps Engineer (Docker, K8s)",От 3 до 6 лет,between3And6,155000,240000,RUR,remote,"[""Docker"", ""Python""]","<h3>О проекте:</h3><p>Мы разрабатываем высоконагруженную платформу автоматизации аналитики и бизнес-процессов.</p>
    <h3>Обязанности:</h3><ul><li>Разработка микросервисов на Python и фреймворке Flask.</li>
    <li>Проектирование архитектуры базы данных Redis и оптимизация сложных аналитических запросов.</li>
    <li>Контейнеризация и настройка пайплайнов деплоя с использованием Docker.</li></ul>
    <h3>Требования:</h3><ul><li>Опыт работы с технологиями: Docker, Python.</li>
    <li>Понимание принципов чистого кода, SOLID и микросервисной архитектуры.</li>
    <li>Умение работать в Agile/Scrum команде.</li></ul>
    <h3>Мы предлагаем:</h3><ul><li>Конкурентная зарплата, гибкий график, ДМС и возможность удаленной работы.</li></ul>"
90000035,Junior QA Automation (Python),От 1 года до 3 лет,between1And3,65000,100000,RUR,fullDay,"[""REST API"", ""SQLAlchemy"", ""Python"", ""ClickHouse"", ""PostgreSQL""]","<p>В финтех направление открыта вакансия Junior QA Automation (Python).</p>
    <p><strong>Задачи:</strong></p><ul><li>Создание масштабируемых сервисов с низким latency.</li>
    <li>Интеграция с платежными шлюзами и внешними API.</li><li>Написание юнит и интеграционных тестов.</li></ul>
    <p><strong>Стек:</strong> REST API, SQLAlchemy, Python, ClickHouse, PostgreSQL.</p>
    <p><strong>Условия:</strong> полностью белая зарплата, техника на выбор, дружная инженерная культура.</p>"
90000036,DevOps Engineer,Более 6 лет,moreThan6,,,RUR,fullDay,"[""ClickHouse"", ""Celery"", ""Python"", ""RabbitMQ""]","<p>В финтех направление открыта вакансия DevOps Engineer.</p>
    <p><strong>Задачи:</strong></p><ul><li>Создание масштабируемых сервисов с низким latency.</li>
    <li>Интеграция с платежными шлюзами и внешними API.</li><li>Написание юнит и интеграционных тестов.</li></ul>
    <p><strong>Стек:</strong> ClickHouse, Celery, Python, RabbitMQ.</p>
    <p><strong>Условия:</strong> полностью белая зарплата, техника на выбор, дружная инженерная культура.</p>"
90000037,Ищем: Junior Go / Golang Developer,Более 6 лет,moreThan6,50000,85000,RUR,fullDay,"[""Git"", ""REST API"", ""Linux"", ""Django"", ""ClickHouse"", ""PostgreSQL"", ""RabbitMQ""]","<p>В финтех направление открыта вакансия Ищем: Junior Go / Golang Developer.</p>
    <p><strong>Задачи:</strong></p><ul><li>Создание масштабируемых сервисов с низким latency.</li>
    <li>Интеграция с платежными шлюзами и внешними API.</li><li>Написание юнит и интеграционных тестов.</li></ul>
    <p><strong>Стек:</strong> Git, REST API, Linux, Django, ClickHouse, PostgreSQL, RabbitMQ.</p>
    <p><strong>Условия:</strong> полностью белая зарплата, техника на выбор, дружная инженерная культура.</p>"
90000038,Golang Developer (Middle),Более 6 лет,moreThan6,,,RUR,remote,"[""FastAPI"", ""Redis"", ""Linux"", ""Docker"", ""Python"", ""Asyncio"", ""PostgreSQL""]","<p>В финтех направление открыта вакансия Golang Developer (Middle).</p>
    <p><strong>Задачи:</strong></p><ul><li>Создание масштабируемых сервисов с низким latency.</li>
    <li>Интеграция с платежными шлюзами и внешними API.</li><li>Написание юнит и интеграционных тестов.</li></ul>
    <p><strong>Стек:</strong> FastAPI, Redis, Linux, Docker, Python, Asyncio, PostgreSQL.</p>
    <p><strong>Условия:</strong> полностью белая зарплата, техника на выбор, дружная инженерная культура.</p>"
90000039,Удаленно: Golang Developer (Middle),От 3 до 6 лет,between3And6,,,RUR,remote,"[""Asyncio"", ""Kubernetes"", ""Celery"", ""Docker""]","<p>В финтех направление открыта вакансия Удаленно: Golang Developer (Middle).</p>
    <p><strong>Задачи:</strong></p><ul><li>Создание масштабируемых сервисов с низким latency.</li>
    <li>Интеграция с платежными шлюзами и внешними API.</li><li>Написание юнит и интеграционных тестов.</li></ul>
    <p><strong>Стек:</strong> Asyncio, Kubernetes, Celery, Docker.</p>
    <p><strong>Условия:</strong> полностью белая зарплата, техника на выбор, дружная инженерная культура.</p>"
90000040,IT Компания: Senior Data Engineer / Architect,От 3 до 6 лет,between3And6,,,RUR,fullDay,"[""Microservices"", ""Django"", ""CI/CD"", ""Celery"", ""Kubernetes"", ""ClickHouse""]","<p>В финтех направление открыта вакансия IT Компания: Senior Data Engineer / Architect.</p>
    <p><strong>Задачи:</strong></p><ul><li>Создание масштабируемых сервисов с низким latency.</li>
    <li>Интеграция с платежными шлюзами и внешними API.</li><li>Написание юнит и интеграционных тестов.</li></ul>
    <p><strong>Стек:</strong> Microservices, Django, CI/CD, Celery, Kubernetes, ClickHouse.</p>
    <p><strong>Условия:</strong> полностью белая зарплата, техника на выбор, дружная инженерная культура.</p>"
90000041,IT Компания: Ведущий разработчик Python,Более 6 лет,moreThan6,,,RUR,remote,"[""Microservices"", ""ClickHouse"", ""PostgreSQL"", ""Linux""]","<p>В финтех направление открыта вакансия IT Компания: Ведущий разработчик Python.</p>
    <p><strong>Задачи:</strong></p><ul><li>Создание масштабируемых сервисов с низким latency.</li>
    <li>Интеграция с платежными шлюзами и внешними API.</li><li>Написание юнит и интеграционных тестов.</li></ul>
    <p><strong>Стек:</strong> Microservices, ClickHouse, PostgreSQL, Linux.</p>
    <p><strong>Условия:</strong> полностью белая зарплата, техника на выбор, дружная инженерная культура.</p>"
90000042,Junior Backend Engineer (FastAPI),От 1 года до 3 лет,between1And3,75000,,RUR,remote,"[""Git"", ""Linux"", ""Python"", ""Django"", ""ClickHouse""]","<p>В финтех направление открыта вакансия Junior Backend Engineer (FastAPI).</p>
    <p><strong>Задачи:</strong></p><ul><li>Создание масштабируемых сервисов с низким latency.</li>
    <li>Интеграция с платежными шлюзами и внешними API.</li><li>Написание юнит и интеграционных тестов.</li></ul>
    <p><strong>Стек:</strong> Git, Linux, Python, Django, ClickHouse.</p>
    <p><strong>Условия:</strong> полностью белая зарплата, техника на выбор, дружная инженерная культура.</p>"
90000043,IT Компания: Middle Go Engineer (Микросервисы),От 3 до 6 лет,between3And6,,,RUR,flexible,"[""Asyncio"", ""ClickHouse"", ""FastAPI""]","<h3>О проекте:</h3><p>Мы разрабатываем высоконагруженную платформу автоматизации аналитики и бизнес-процессов.</p>
    <h3>Обязанности:</h3><ul><li>Разработка микросервисов на Python и фреймворке FastAPI.</li>
    <li>Проектирование архитектуры базы данных Redis и оптимизация сложных аналитических запросов.</li>
    <li>Контейнеризация и настройка пайплайнов деплоя с использованием Docker.</li></ul>
    <h3>Требования:</h3><ul><li>Опыт работы с технологиями: Asyncio, ClickHouse, FastAPI.</li>
    <li>Понимание принципов чистого кода, SOLID и микросервисной архитектуры.</li>
    <li>Умение работать в Agile/Scrum команде.</li></ul>
    <h3>Мы предлагаем:</h3><ul><li>Конкурентная зарплата, гибкий график, ДМС и возможность удаленной работы.</li></ul>"
90000044,Младший программист Python / Django,От 1 года до 3 лет,between1And3,,,RUR,remote,"[""REST API"", ""Linux"", ""Django"", ""Kafka"", ""ClickHouse""]","<p>В финтех направление открыта вакансия Младший программист Python / Django.</p>
    <p><strong>Задачи:</strong></p><ul><li>Создание масштабируемых сервисов с низким latency.</li>
    <li>Интеграция с платежными шлюзами и внешними API.</li><li>Написание юнит и интеграционных тестов.</li></ul>
    <p><strong>Стек:</strong> REST API, Linux, Django, Kafka, ClickHouse.</p>
    <p><strong>Условия:</strong> полностью белая зарплата, техника на выбор, дружная инженерная культура.</p>"
90000045,"Ищем: Backend Разработчик (Python, FastAPI, PostgreSQL)",От 1 года до 3 лет,between1And3,180000,290000,RUR,fullDay,"[""FastAPI"", ""SQLAlchemy"", ""PostgreSQL"", ""RabbitMQ""]","<p>В финтех направление открыта вакансия Ищем: Backend Разработчик (Python, FastAPI, PostgreSQL).</p>
    <p><strong>Задачи:</strong></p><ul><li>Создание масштабируемых сервисов с низким latency.</li>
    <li>Интеграция с платежными шлюзами и внешними API.</li><li>Написание юнит и интеграционных тестов.</li></ul>
    <p><strong>Стек:</strong> FastAPI, SQLAlchemy, PostgreSQL, RabbitMQ.</p>
    <p><strong>Условия:</strong> полностью белая зарплата, техника на выбор, дружная инженерная культура.</p>"
90000046,Ищем: Ведущий разработчик Python,От 3 до 6 лет,between3And6,325000,505000,RUR,flexible,"[""Kafka"", ""CI/CD"", ""Go"", ""Docker""]","<h3>О проекте:</h3><p>Мы разрабатываем высоконагруженную платформу автоматизации аналитики и бизнес-процессов.</p>
    <h3>Обязанности:</h3><ul><li>Разработка микросервисов на Go и фреймворке Flask.</li>
    <li>Проектирование архитектуры базы данных Redis и оптимизация сложных аналитических запросов.</li>
    <li>Контейнеризация и настройка пайплайнов деплоя с использованием Docker.</li></ul>
    <h3>Требования:</h3><ul><li>Опыт работы с технологиями: Kafka, CI/CD, Go, Docker.</li>
    <li>Понимание принципов чистого кода, SOLID и микросервисной архитектуры.</li>
    <li>Умение работать в Agile/Scrum команде.</li></ul>
    <h3>Мы предлагаем:</h3><ul><li>Конкурентная зарплата, гибкий график, ДМС и возможность удаленной работы.</li></ul>"
90000047,Junior Go / Golang Developer,Нет опыта,noExperience,60000,105000,RUR,fullDay,"[""REST API"", ""Git"", ""Linux"", ""Pytest"", ""Django""]","<h3>О проекте:</h3><p>Мы разрабатываем высоконагруженную платформу автоматизации аналитики и бизнес-процессов.</p>
    <h3>Обязанности:</h3><ul><li>Разработка микросервисов на Python и фреймворке Django.</li>
    <li>Проектирование архитектуры базы данных Redis и оптимизация сложных аналитических запросов.</li>
    <li>Контейнеризация и настройка пайплайнов деплоя с использованием Docker.</li></ul>
    <h3>Требования:</h3><ul><li>Опыт работы с технологиями: REST API, Git, Linux, Pytest, Django.</li>
    <li>Понимание принципов чистого кода, SOLID и микросервисной архитектуры.</li>
    <li>Умение работать в Agile/Scrum команде.</li></ul>
    <h3>Мы предлагаем:</h3><ul><li>Конкурентная зарплата, гибкий график, ДМС и возможность удаленной работы.</li></ul>"
90000048,"Удаленно: Middle DevOps Engineer (Docker, K8s)",От 1 года до 3 лет,between1And3,210000,330000,RUR,flexible,"[""Git"", ""Redis"", ""CI/CD"", ""Docker"", ""Python"", ""PostgreSQL""]","<p>В финтех направление открыта вакансия Удаленно: Middle DevOps Engineer (Docker, K8s).</p>
    <p><strong>Задачи:</strong></p><ul><li>Создание масштабируемых сервисов с низким latency.</li>
    <li>Интеграция с платежными шлюзами и внешними API.</li><li>Написание юнит и интеграционных тестов.</li></ul>
    <p><strong>Стек:</strong> Git, Redis, CI/CD, Docker, Python, PostgreSQL.</p>
    <p><strong>Условия:</strong> полностью белая зарплата, техника на выбор, дружная инженерная культура.</p>"
90000049,IT Компания: Senior Data Engineer / Architect,Более 6 лет,moreThan6,290000,,RUR,remote,"[""Django"", ""CI/CD"", ""Docker"", ""Python"", ""Kafka"", ""PostgreSQL""]","<p>В финтех направление открыта вакансия IT Компания: Senior Data Engineer / Architect.</p>
    <p><strong>Задачи:</strong></p><ul><li>Создание масштабируемых сервисов с низким latency.</li>
    <li>Интеграция с платежными шлюзами и внешними API.</li><li>Написание юнит и интеграционных тестов.</li></ul>
    <p><strong>Стек:</strong> Django, CI/CD, Docker, Python, Kafka, PostgreSQL.</p>
    <p><strong>Условия:</strong> полностью белая зарплата, техника на выбор, дружная инженерная культура.</p>"
90000050,Golang Developer (Middle),От 3 до 6 лет,between3And6,220000,335000,RUR,remote,"[""Redis"", ""Go"", ""SQLAlchemy"", ""Python"", ""Asyncio""]","<p>В финтех направление открыта вакансия Golang Developer (Middle).</p>
    <p><strong>Задачи:</strong></p><ul><li>Создание масштабируемых сервисов с низким latency.</li>
    <li>Интеграция с платежными шлюзами и внешними API.</li><li>Написание юнит и интеграционных тестов.</li></ul>
    <p><strong>Стек:</strong> Redis, Go, SQLAlchemy, Python, Asyncio.</p>
    <p><strong>Условия:</strong> полностью белая зарплата, техника на выбор, дружная инженерная культура.</p>"
90000051,DevOps Engineer,От 1 года до 3 лет,between1And3,,,RUR,remote,"[""Asyncio"", ""Kubernetes"", ""Go""]","<h3>О проекте:</h3><p>Мы разрабатываем высоконагруженную платформу автоматизации аналитики и бизнес-процессов.</p>
    <h3>Обязанности:</h3><ul><li>Разработка микросервисов на Go и фреймворке Flask.</li>
    <li>Проектирование архитектуры базы данных Redis и оптимизация сложных аналитических запросов.</li>
    <li>Контейнеризация и настройка пайплайнов деплоя с использованием Docker и Kubernetes.</li></ul>
    <h3>Требования:</h3><ul><li>Опыт работы с технологиями: Asyncio, Kubernetes, Go.</li>
    <li>Понимание принципов чистого кода, SOLID и микросервисной архитектуры.</li>
    <li>Умение работать в Agile/Scrum команде.</li></ul>
    <h3>Мы предлагаем:</h3><ul><li>Конкурентная зарплата, гибкий график, ДМС и возможность удаленной работы.</li></ul>"
90000052,Python Backend Engineer,От 1 года до 3 лет,between1And3,150000,240000,RUR,remote,"[""Pytest"", ""PostgreSQL"", ""SQLAlchemy"", ""Docker""]","<h3>О проекте:</h3><p>Мы разрабатываем высоконагруженную платформу автоматизации аналитики и бизнес-процессов.</p>
    <h3>Обязанности:</h3><ul><li>Разработка микросервисов на Python и фреймворке Flask.</li>
    <li>Проектирование архитектуры базы данных PostgreSQL и оптимизация сложных аналитических запросов.</li>
    <li>Контейнеризация и настройка пайплайнов деплоя с использованием Docker.</li></ul>
    <h3>Требования:</h3><ul><li>Опыт работы с технологиями: Pytest, PostgreSQL, SQLAlchemy, Docker.</li>
    <li>Понимание принципов чистого кода, SOLID и микросервисной архитектуры.</li>
    <li>Умение работать в Agile/Scrum команде.</li></ul>
    <h3>Мы предлагаем:</h3><ul><li>Конкурентная зарплата, гибкий график, ДМС и возможность удаленной работы.</li></ul>"
90000053,Удаленно: Junior Go / Golang Developer,Нет опыта,noExperience,,115000,RUR,fullDay,"[""REST API"", ""Django"", ""Celery"", ""Linux""]","<p>В финтех направление открыта вакансия Удаленно: Junior Go / Golang Developer.</p>
    <p><strong>Задачи:</strong></p><ul><li>Создание масштабируемых сервисов с низким latency.</li>
    <li>Интеграция с платежными шлюзами и внешними API.</li><li>Написание юнит и интеграционных тестов.</li></ul>
    <p><strong>Стек:</strong> REST API, Django, Celery, Linux.</p>
    <p><strong>Условия:</strong> полностью белая зарплата, техника на выбор, дружная инженерная культура.</p>"
90000054,Удаленно: Python Backend Engineer,От 1 года до 3 лет,between1And3,,,RUR,remote,"[""Pytest"", ""SQLAlchemy"", ""Redis"", ""Docker""]","<p>В финтех направление открыта вакансия Удаленно: Python Backend Engineer.</p>
    <p><strong>Задачи:</strong></p><ul><li>Создание масштабируемых сервисов с низким latency.</li>
    <li>Интеграция с платежными шлюзами и внешними API.</li><li>Написание юнит и интеграционных тестов.</li></ul>
    <p><strong>Стек:</strong> Pytest, SQLAlchemy, Redis, Docker.</p>
    <p><strong>Условия:</strong> полностью белая зарплата, техника на выбор, дружная инженерная культура.</p>"
90000055,Стажер-разработчик Python,Нет опыта,noExperience,45000,80000,RUR,remote,"[""Git"", ""REST API"", ""Pytest"", ""SQLAlchemy"", ""Python"", ""Django"", ""PostgreSQL""]","<h3>О проекте:</h3><p>Мы разрабатываем высоконагруженную платформу автоматизации аналитики и бизнес-процессов.</p>
    <h3>Обязанности:</h3><ul><li>Разработка микросервисов на Python и фреймворке Django.</li>
    <li>Проектирование архитектуры базы данных PostgreSQL и оптимизация сложных аналитических запросов.</li>
    <li>Контейнеризация и настройка пайплайнов деплоя с использованием Docker.</li></ul>
    <h3>Требования:</h3><ul><li>Опыт работы с технологиями: Git, REST API, Pytest, SQLAlchemy, Python, Django, PostgreSQL.</li>
    <li>Понимание принципов чистого кода, SOLID и микросервисной архитектуры.</li>
    <li>Умение работать в Agile/Scrum команде.</li></ul>
    <h3>Мы предлагаем:</h3><ul><li>Конкурентная зарплата, гибкий график, ДМС и возможность удаленной работы.</li></ul>"
90000056,Ищем: Golang Developer (Middle),От 3 до 6 лет,between3And6,,310000,RUR,remote,"[""Git"", ""FastAPI"", ""CI/CD"", ""Go"", ""Docker"", ""Python"", ""PostgreSQL""]","<h3>О проекте:</h3><p>Мы разрабатываем высоконагруженную платформу автоматизации аналитики и бизнес-процессов.</p>
    <h3>Обязанности:</h3><ul><li>Разработка микросервисов на Go и фреймворке FastAPI.</li>
    <li>Проектирование архитектуры базы данных PostgreSQL и оптимизация сложных аналитических запросов.</li>
    <li>Контейнеризация и настройка пайплайнов деплоя с использованием Docker.</li></ul>
    <h3>Требования:</h3><ul><li>Опыт работы с технологиями: Git, FastAPI, CI/CD, Go, Docker, Python, PostgreSQL.</li>
    <li>Понимание принципов чистого кода, SOLID и микросервисной архитектуры.</li>
    <li>Умение работать в Agile/Scrum команде.</li></ul>
    <h3>Мы предлагаем:</h3><ul><li>Конкурентная зарплата, гибкий график, ДМС и возможность удаленной работы.</li></ul>"
90000057,Удаленно: Стажер-разработчик Python,Нет опыта,noExperience,35000,60000,RUR,fullDay,"[""REST API"", ""Linux"", ""Docker"", ""Python"", ""Kubernetes""]","<h3>О проекте:</h3><p>Мы разрабатываем высоконагруженную платформу автоматизации аналитики и бизнес-процессов.</p>
    <h3>Обязанности:</h3><ul><li>Разработка микросервисов на Python и фреймворке Flask.</li>
    <li>Проектирование архитектуры базы данных Redis и оптимизация сложных аналитических запросов.</li>
    <li>Контейнеризация и настройка пайплайнов деплоя с использованием Docker и Kubernetes.</li></ul>
    <h3>Требования:</h3><ul><li>Опыт работы с технологиями: REST API, Linux, Docker, Python, Kubernetes.</li>
    <li>Понимание принципов чистого кода, SOLID и микросервисной архитектуры.</li>
    <li>Умение работать в Agile/Scrum команде.</li></ul>
    <h3>Мы предлагаем:</h3><ul><li>Конкурентная зарплата, гибкий график, ДМС и возможность удаленной работы.</li></ul>"
90000058,Удаленно: Python Backend Engineer,От 1 года до 3 лет,between1And3,165000,255000,RUR,remote,"[""Git"", ""SQLAlchemy"", ""Docker"", ""Asyncio"", ""PostgreSQL""]","<p>В финтех направление открыта вакансия Удаленно: Python Backend Engineer.</p>
    <p><strong>Задачи:</strong></p><ul><li>Создание масштабируемых сервисов с низким latency.</li>
    <li>Интеграция с платежными шлюзами и внешними API.</li><li>Написание юнит и интеграционных тестов.</li></ul>
    <p><strong>Стек:</strong> Git, SQLAlchemy, Docker, Asyncio, PostgreSQL.</p>
    <p><strong>Условия:</strong> полностью белая зарплата, техника на выбор, дружная инженерная культура.</p>"
90000059,Junior Backend Engineer (FastAPI),От 1 года до 3 лет,between1And3,75000,,RUR,fullDay,"[""REST API"", ""Django"", ""Python"", ""Kafka"", ""PostgreSQL"", ""Kubernetes""]","<p>В финтех направление открыта вакансия Junior Backend Engineer (FastAPI).</p>
    <p><strong>Задачи:</strong></p><ul><li>Создание масштабируемых сервисов с низким latency.</li>
    <li>Интеграция с платежными шлюзами и внешними API.</li><li>Написание юнит и интеграционных тестов.</li></ul>
    <p><strong>Стек:</strong> REST API, Django, Python, Kafka, PostgreSQL, Kubernetes.</p>
    <p><strong>Условия:</strong> полностью белая зарплата, техника на выбор, дружная инженерная культура.</p>"
90000060,Junior QA Automation (Python),От 1 года до 3 лет,between1And3,70000,110000,RUR,flexible,"[""FastAPI"", ""Linux"", ""Python"", ""Django"", ""PostgreSQL""]","<p>В финтех направление открыта вакансия Junior QA Automation (Python).</p>
    <p><strong>Задачи:</strong></p><ul><li>Создание масштабируемых сервисов с низким latency.</li>
    <li>Интеграция с платежными шлюзами и внешними API.</li><li>Написание юнит и интеграционных тестов.</li></ul>
    <p><strong>Стек:</strong> FastAPI, Linux, Python, Django, PostgreSQL.</p>
    <p><strong>Условия:</strong> полностью белая зарплата, техника на выбор, дружная инженерная культура.</p>"
90000061,IT Компания: Golang Developer (Middle),От 3 до 6 лет,between3And6,220000,330000,RUR,fullDay,"[""Git"", ""Redis"", ""Docker"", ""Python"", ""Asyncio""]","<h3>О проекте:</h3><p>Мы разрабатываем высоконагруженную платформу автоматизации аналитики и бизнес-процессов.</p>
    <h3>Обязанности:</h3><ul><li>Разработка микросервисов на Python и фреймворке Flask.</li>
    <li>Проектирование архитектуры базы данных Redis и оптимизация сложных аналитических запросов.</li>
    <li>Контейнеризация и настройка пайплайнов деплоя с использованием Docker.</li></ul>
    <h3>Требования:</h3><ul><li>Опыт работы с технологиями: Git, Redis, Docker, Python, Asyncio.</li>
    <li>Понимание принципов чистого кода, SOLID и микросервисной архитектуры.</li>
    <li>Умение работать в Agile/Scrum команде.</li></ul>
    <h3>Мы предлагаем:</h3><ul><li>Конкурентная зарплата, гибкий график, ДМС и возможность удаленной работы.</li></ul>"
90000062,IT Компания: Senior DevOps / SRE Engineer,От 3 до 6 лет,between3And6,325000,,RUR,remote,"[""Kubernetes"", ""Kafka"", ""Linux"", ""Docker""]","<p>В финтех направление открыта вакансия IT Компания: Senior DevOps / SRE Engineer.</p>
    <p><strong>Задачи:</strong></p><ul><li>Создание масштабируемых сервисов с низким latency.</li>
    <li>Интеграция с платежными шлюзами и внешними API.</li><li>Написание юнит и интеграционных тестов.</li></ul>
    <p><strong>Стек:</strong> Kubernetes, Kafka, Linux, Docker.</p>
    <p><strong>Условия:</strong> полностью белая зарплата, техника на выбор, дружная инженерная культура.</p>"
90000063,Ищем: Junior Python Developer,Нет опыта,noExperience,45000,,RUR,fullDay,"[""Git"", ""REST API"", ""Linux"", ""Pytest"", ""Python"", ""Django"", ""PostgreSQL""]","<h3>О проекте:</h3><p>Мы разрабатываем высоконагруженную платформу автоматизации аналитики и бизнес-процессов.</p>
    <h3>Обязанности:</h3><ul><li>Разработка микросервисов на Python и фреймворке Django.</li>
    <li>Проектирование архитектуры базы данных PostgreSQL и оптимизация сложных аналитических запросов.</li>
    <li>Контейнеризация и настройка пайплайнов деплоя с использованием Docker.</li></ul>
    <h3>Требования:</h3><ul><li>Опыт работы с технологиями: Git, REST API, Linux, Pytest, Python, Django, PostgreSQL.</li>
    <li>Понимание принципов чистого кода, SOLID и микросервисной архитектуры.</li>
    <li>Умение работать в Agile/Scrum команде.</li></ul>
    <h3>Мы предлагаем:</h3><ul><li>Конкурентная зарплата, гибкий график, ДМС и возможность удаленной работы.</li></ul>"
90000064,Lead / Senior Backend Engineer (Go / Python),Более 6 лет,moreThan6,360000,560000,RUR,fullDay,"[""Microservices"", ""ClickHouse"", ""Go"", ""Redis""]","<h3>О проекте:</h3><p>Мы разрабатываем высоконагруженную платформу автоматизации аналитики и бизнес-процессов.</p>
    <h3>Обязанности:</h3><ul><li>Разработка микросервисов на Go и фреймворке Flask.</li>
    <li>Проектирование архитектуры базы данных Redis и оптимизация сложных аналитических запросов.</li>
    <li>Контейнеризация и настройка пайплайнов деплоя с использованием Docker.</li></ul>
    <h3>Требования:</h3><ul><li>Опыт работы с технологиями: Microservices, ClickHouse, Go, Redis.</li>
    <li>Понимание принципов чистого кода, SOLID и микросервисной архитектуры.</li>
    <li>Умение работать в Agile/Scrum команде.</li></ul>
    <h3>Мы предлагаем:</h3><ul><li>Конкурентная зарплата, гибкий график, ДМС и возможность удаленной работы.</li></ul>"
90000065,IT Компания: Python Backend Engineer,От 1 года до 3 лет,between1And3,,,RUR,fullDay,"[""FastAPI"", ""CI/CD"", ""Python"", ""Asyncio"", ""PostgreSQL""]","<h3>О проекте:</h3><p>Мы разрабатываем высоконагруженную платформу автоматизации аналитики и бизнес-процессов.</p>
    <h3>Обязанности:</h3><ul><li>Разработка микросервисов на Python и фреймворке FastAPI.</li>
    <li>Проектирование архитектуры базы данных PostgreSQL и оптимизация сложных аналитических запросов.</li>
    <li>Контейнеризация и настройка пайплайнов деплоя с использованием Docker.</li></ul>
    <h3>Требования:</h3><ul><li>Опыт работы с технологиями: FastAPI, CI/CD, Python, Asyncio, PostgreSQL.</li>
    <li>Понимание принципов чистого кода, SOLID и микросервисной архитектуры.</li>
    <li>Умение работать в Agile/Scrum команде.</li></ul>
    <h3>Мы предлагаем:</h3><ul><li>Конкурентная зарплата, гибкий график, ДМС и возможность удаленной работы.</li></ul>"
90000066,Senior DevOps / SRE Engineer,От 3 до 6 лет,between3And6,,,RUR,fullDay,"[""Linux"", ""Pytest"", ""Go"", ""ClickHouse"", ""PostgreSQL""]","<h3>О проекте:</h3><p>Мы разрабатываем высоконагруженную платформу автоматизации аналитики и бизнес-процессов.</p>
    <h3>Обязанности:</h3><ul><li>Разработка микросервисов на Go и фреймворке Flask.</li>
    <li>Проектирование архитектуры базы данных PostgreSQL и оптимизация сложных аналитических запросов.</li>
    <li>Контейнеризация и настройка пайплайнов деплоя с использованием Docker.</li></ul>
    <h3>Требования:</h3><ul><li>Опыт работы с технологиями: Linux, Pytest, Go, ClickHouse, PostgreSQL.</li>
    <li>Понимание принципов чистого кода, SOLID и микросервисной архитектуры.</li>
    <li>Умение работать в Agile/Scrum команде.</li></ul>
    <h3>Мы предлагаем:</h3><ul><li>Конкурентная зарплата, гибкий график, ДМС и возможность удаленной работы.</li></ul>"
90000067,Golang Developer (Middle),От 3 до 6 лет,between3And6,,,RUR,flexible,"[""Python"", ""FastAPI"", ""PostgreSQL"", ""Redis""]","<p>В финтех направление открыта вакансия Golang Developer (Middle).</p>
    <p><strong>Задачи:</strong></p><ul><li>Создание масштабируемых сервисов с низким latency.</li>
    <li>Интеграция с платежными шлюзами и внешними API.</li><li>Написание юнит и интеграционных тестов.</li></ul>
    <p><strong>Стек:</strong> Python, FastAPI, PostgreSQL, Redis.</p>
    <p><strong>Условия:</strong> полностью белая зарплата, техника на выбор, дружная инженерная культура.</p>"
90000068,Ищем: Junior QA Automation (Python),От 1 года до 3 лет,between1And3,,,RUR,fullDay,"[""Microservices"", ""Django"", ""ClickHouse"", ""Linux""]","<h3>О проекте:</h3><p>Мы разрабатываем высоконагруженную платформу автоматизации аналитики и бизнес-процессов.</p>
    <h3>Обязанности:</h3><ul><li>Разработка микросервисов на Python и фреймворке Django.</li>
    <li>Проектирование архитектуры базы данных Redis и оптимизация сложных аналитических запросов.</li>
    <li>Контейнеризация и настройка пайплайнов деплоя с использованием Docker.</li></ul>
    <h3>Требования:</h3><ul><li>Опыт работы с технологиями: Microservices, Django, ClickHouse, Linux.</li>
    <li>Понимание принципов чистого кода, SOLID и микросервисной архитектуры.</li>
    <li>Умение работать в Agile/Scrum команде.</li></ul>
    <h3>Мы предлагаем:</h3><ul><li>Конкурентная зарплата, гибкий график, ДМС и возможность удаленной работы.</li></ul>"
90000069,Ищем: Python Backend Engineer,От 1 года до 3 лет,between1And3,190000,300000,RUR,fullDay,"[""Asyncio"", ""PostgreSQL"", ""REST API"", ""SQLAlchemy""]","<p>В финтех направление открыта вакансия Ищем: Python Backend Engineer.</p>
    <p><strong>Задачи:</strong></p><ul><li>Создание масштабируемых сервисов с низким latency.</li>
    <li>Интеграция с платежными шлюзами и внешними API.</li><li>Написание юнит и интеграционных тестов.</li></ul>
    <p><strong>Стек:</strong> Asyncio, PostgreSQL, REST API, SQLAlchemy.</p>
    <p><strong>Условия:</strong> полностью белая зарплата, техника на выбор, дружная инженерная культура.</p>"
90000070,Junior Go / Golang Developer,Нет опыта,noExperience,,,RUR,fullDay,"[""REST API"", ""Git"", ""Linux"", ""Django"", ""PostgreSQL""]","<h3>О проекте:</h3><p>Мы разрабатываем высоконагруженную платформу автоматизации аналитики и бизнес-процессов.</p>
    <h3>Обязанности:</h3><ul><li>Разработка микросервисов на Python и фреймворке Django.</li>
    <li>Проектирование архитектуры базы данных PostgreSQL и оптимизация сложных аналитических запросов.</li>
    <li>Контейнеризация и настройка пайплайнов деплоя с использованием Docker.</li></ul>
    <h3>Требования:</h3><ul><li>Опыт работы с технологиями: REST API, Git, Linux, Django, PostgreSQL.</li>
    <li>Понимание принципов чистого кода, SOLID и микросервисной архитектуры.</li>
    <li>Умение работать в Agile/Scrum команде.</li></ul>
    <h3>Мы предлагаем:</h3><ul><li>Конкурентная зарплата, гибкий график, ДМС и возможность удаленной работы.</li></ul>"
90000071,"IT Компания: Middle DevOps Engineer (Docker, K8s)",От 3 до 6 лет,between3And6,180000,280000,RUR,remote,"[""FastAPI"", ""SQLAlchemy"", ""Python"", ""Asyncio"", ""PostgreSQL""]","<p>В финтех направление открыта вакансия IT Компания: Middle DevOps Engineer (Docker, K8s).</p>
    <p><strong>Задачи:</strong></p><ul><li>Создание масштабируемых сервисов с низким latency.</li>
    <li>Интеграция с платежными шлюзами и внешними API.</li><li>Написание юнит и интеграционных тестов.</li></ul>
    <p><strong>Стек:</strong> FastAPI, SQLAlchemy, Python, Asyncio, PostgreSQL.</p>
    <p><strong>Условия:</strong> полностью белая зарплата, техника на выбор, дружная инженерная культура.</p>"
90000072,Удаленно: Junior Backend Engineer (FastAPI),От 1 года до 3 лет,between1And3,75000,115000,RUR,remote,"[""REST API"", ""PostgreSQL"", ""Asyncio""]","<h3>О проекте:</h3><p>Мы разрабатываем высоконагруженную платформу автоматизации аналитики и бизнес-процессов.</p>
    <h3>Обязанности:</h3><ul><li>Разработка микросервисов на Python и фреймворке Flask.</li>
    <li>Проектирование архитектуры базы данных PostgreSQL и оптимизация сложных аналитических запросов.</li>
    <li>Контейнеризация и настройка пайплайнов деплоя с использованием Docker.</li></ul>
    <h3>Требования:</h3><ul><li>Опыт работы с технологиями: REST API, PostgreSQL, Asyncio.</li>
    <li>Понимание принципов чистого кода, SOLID и микросервисной архитектуры.</li>
    <li>Умение работать в Agile/Scrum команде.</li></ul>
    <h3>Мы предлагаем:</h3><ul><li>Конкурентная зарплата, гибкий график, ДМС и возможность удаленной работы.</li></ul>"
90000073,IT Компания: Младший программист Python / Django,От 1 года до 3 лет,between1And3,55000,90000,RUR,fullDay,"[""Git"", ""Linux"", ""Python"", ""Asyncio"", ""Django"", ""PostgreSQL""]","<h3>О проекте:</h3><p>Мы разрабатываем высоконагруженную платформу автоматизации аналитики и бизнес-процессов.</p>
    <h3>Обязанности:</h3><ul><li>Разработка микросервисов на Python и фреймворке Django.</li>
    <li>Проектирование архитектуры базы данных PostgreSQL и оптимизация сложных аналитических запросов.</li>
    <li>Контейнеризация и настройка пайплайнов деплоя с использованием Docker.</li></ul>
    <h3>Требования:</h3><ul><li>Опыт работы с технологиями: Git, Linux, Python, Asyncio, Django, PostgreSQL.</li>
    <li>Понимание принципов чистого кода, SOLID и микросервисной архитектуры.</li>
    <li>Умение работать в Agile/Scrum команде.</li></ul>
    <h3>Мы предлагаем:</h3><ul><li>Конкурентная зарплата, гибкий график, ДМС и возможность удаленной работы.</li></ul>"
90000074,Trainee / Junior Data Engineer,Нет опыта,noExperience,,,RUR,fullDay,"[""REST API"", ""Django"", ""SQLAlchemy""]","<p>В финтех направление открыта вакансия Trainee / Junior Data Engineer.</p>
    <p><strong>Задачи:</strong></p><ul><li>Создание масштабируемых сервисов с низким latency.</li>
    <li>Интеграция с платежными шлюзами и внешними API.</li><li>Написание юнит и интеграционных тестов.</li></ul>
    <p><strong>Стек:</strong> REST API, Django, SQLAlchemy.</p>
    <p><strong>Условия:</strong> полностью белая зарплата, техника на выбор, дружная инженерная культура.</p>"
90000075,Удаленно: Python Backend Engineer,От 1 года до 3 лет,between1And3,195000,305000,RUR,remote,"[""Git"", ""REST API"", ""FastAPI"", ""RabbitMQ""]","<p>В финтех направление открыта вакансия Удаленно: Python Backend Engineer.</p>
    <p><strong>Задачи:</strong></p><ul><li>Создание масштабируемых сервисов с низким latency.</li>
    <li>Интеграция с платежными шлюзами и внешними API.</li><li>Написание юнит и интеграционных тестов.</li></ul>
    <p><strong>Стек:</strong> Git, REST API, FastAPI, RabbitMQ.</p>
    <p><strong>Условия:</strong> полностью белая зарплата, техника на выбор, дружная инженерная культура.</p>"
90000076,"Удаленно: Middle DevOps Engineer (Docker, K8s)",От 3 до 6 лет,between3And6,160000,250000,RUR,remote,"[""Linux"", ""Go"", ""Docker"", ""Python"", ""Asyncio""]","<h3>О проекте:</h3><p>Мы разрабатываем высоконагруженную платформу автоматизации аналитики и бизнес-процессов.</p>
    <h3>Обязанности:</h3><ul><li>Разработка микросервисов на Python и фреймворке Flask.</li>
    <li>Проектирование архитектуры базы данных Redis и оптимизация сложных аналитических запросов.</li>
    <li>Контейнеризация и настройка пайплайнов деплоя с использованием Docker.</li></ul>
    <h3>Требования:</h3><ul><li>Опыт работы с технологиями: Linux, Go, Docker, Python, Asyncio.</li>
    <li>Понимание принципов чистого кода, SOLID и микросервисной архитектуры.</li>
    <li>Умение работать в Agile/Scrum команде.</li></ul>
    <h3>Мы предлагаем:</h3><ul><li>Конкурентная зарплата, гибкий график, ДМС и возможность удаленной работы.</li></ul>"
90000077,Удаленно: Младший программист Python / Django,От 1 года до 3 лет,between1And3,60000,,RUR,remote,"[""Git"", ""Linux"", ""CI/CD"", ""Python"", ""Django""]","<h3>О проекте:</h3><p>Мы разрабатываем высоконагруженную платформу автоматизации аналитики и бизнес-процессов.</p>
    <h3>Обязанности:</h3><ul><li>Разработка микросервисов на Python и фреймворке Django.</li>
    <li>Проектирование архитектуры базы данных Redis и оптимизация сложных аналитических запросов.</li>
    <li>Контейнеризация и настройка пайплайнов деплоя с использованием Docker.</li></ul>
    <h3>Требования:</h3><ul><li>Опыт работы с технологиями: Git, Linux, CI/CD, Python, Django.</li>
    <li>Понимание принципов чистого кода, SOLID и микросервисной архитектуры.</li>
    <li>Умение работать в Agile/Scrum команде.</li></ul>
    <h3>Мы предлагаем:</h3><ul><li>Конкурентная зарплата, гибкий график, ДМС и возможность удаленной работы.</li></ul>"
90000078,Ищем: Golang Developer (Middle),От 3 до 6 лет,between3And6,170000,260000,RUR,remote,"[""FastAPI"", ""Redis"", ""SQLAlchemy"", ""Docker"", ""Python"", ""ClickHouse""]","<h3>О проекте:</h3><p>Мы разрабатываем высоконагруженную платформу автоматизации аналитики и бизнес-процессов.</p>
    <h3>Обязанности:</h3><ul><li>Разработка микросервисов на Python и фреймворке FastAPI.</li>
    <li>Проектирование архитектуры базы данных Redis и оптимизация сложных аналитических запросов.</li>
    <li>Контейнеризация и настройка пайплайнов деплоя с использованием Docker.</li></ul>
    <h3>Требования:</h3><ul><li>Опыт работы с технологиями: FastAPI, Redis, SQLAlchemy, Docker, Python, ClickHouse.</li>
    <li>Понимание принципов чистого кода, SOLID и микросервисной архитектуры.</li>
    <li>Умение работать в Agile/Scrum команде.</li></ul>
    <h3>Мы предлагаем:</h3><ul><li>Конкурентная зарплата, гибкий график, ДМС и возможность удаленной работы.</li></ul>"
90000079,Удаленно: Fullstack Developer (Python / Vue.js),От 1 года до 3 лет,between1And3,110000,180000,RUR,remote,"[""Git"", ""Linux"", ""FastAPI"", ""Docker"", ""Python"", ""PostgreSQL""]","<h3>О проекте:</h3><p>Мы разрабатываем высоконагруженную платформу автоматизации аналитики и бизнес-процессов.</p>
    <h3>Обязанности:</h3><ul><li>Разработка микросервисов на Python и фреймворке FastAPI.</li>
    <li>Проектирование архитектуры базы данных PostgreSQL и оптимизация сложных аналитических запросов.</li>
    <li>Контейнеризация и настройка пайплайнов деплоя с использованием Docker.</li></ul>
    <h3>Требования:</h3><ul><li>Опыт работы с технологиями: Git, Linux, FastAPI, Docker, Python, PostgreSQL.</li>
    <li>Понимание принципов чистого кода, SOLID и микросервисной архитектуры.</li>
    <li>Умение работать в Agile/Scrum команде.</li></ul>
    <h3>Мы предлагаем:</h3><ul><li>Конкурентная зарплата, гибкий график, ДМС и возможность удаленной работы.</li></ul>"
90000080,Senior Data Engineer / Architect,Более 6 лет,moreThan6,345000,550000,RUR,flexible,"[""REST API"", ""FastAPI"", ""Linux"", ""Microservices"", ""Kubernetes""]","<p>В финтех направление открыта вакансия Senior Data Engineer / Architect.</p>
    <p><strong>Задачи:</strong></p><ul><li>Создание масштабируемых сервисов с низким latency.</li>
    <li>Интеграция с платежными шлюзами и внешними API.</li><li>Написание юнит и интеграционных тестов.</li></ul>
    <p><strong>Стек:</strong> REST API, FastAPI, Linux, Microservices, Kubernetes.</p>
    <p><strong>Условия:</strong> полностью белая зарплата, техника на выбор, дружная инженерная культура.</p>"
90000081,Удаленно: Senior Data Engineer / Architect,Более 6 лет,moreThan6,,420000,RUR,remote,"[""Linux"", ""Microservices"", ""Pytest"", ""Go"", ""SQLAlchemy""]","<h3>О проекте:</h3><p>Мы разрабатываем высоконагруженную платформу автоматизации аналитики и бизнес-процессов.</p>
    <h3>Обязанности:</h3><ul><li>Разработка микросервисов на Go и фреймворке Flask.</li>
    <li>Проектирование архитектуры базы данных Redis и оптимизация сложных аналитических запросов.</li>
    <li>Контейнеризация и настройка пайплайнов деплоя с использованием Docker.</li></ul>
    <h3>Требования:</h3><ul><li>Опыт работы с технологиями: Linux, Microservices, Pytest, Go, SQLAlchemy.</li>
    <li>Понимание принципов чистого кода, SOLID и микросервисной архитектуры.</li>
    <li>Умение работать в Agile/Scrum команде.</li></ul>
    <h3>Мы предлагаем:</h3><ul><li>Конкурентная зарплата, гибкий график, ДМС и возможность удаленной работы.</li></ul>"
90000082,Ищем: Python Backend Engineer,От 1 года до 3 лет,between1And3,145000,,RUR,remote,"[""Kubernetes"", ""Go"", ""PostgreSQL""]","<p>В финтех направление открыта вакансия Ищем: Python Backend Engineer.</p>
    <p><strong>Задачи:</strong></p><ul><li>Создание масштабируемых сервисов с низким latency.</li>
    <li>Интеграция с платежными шлюзами и внешними API.</li><li>Написание юнит и интеграционных тестов.</li></ul>
    <p><strong>Стек:</strong> Kubernetes, Go, PostgreSQL.</p>
    <p><strong>Условия:</strong> полностью белая зарплата, техника на выбор, дружная инженерная культура.</p>"
90000083,Ищем: Senior Python Developer,От 3 до 6 лет,between3And6,270000,420000,RUR,remote,"[""Linux"", ""Redis"", ""Go"", ""Docker"", ""Kafka"", ""Kubernetes""]","<h3>О проекте:</h3><p>Мы разрабатываем высоконагруженную платформу автоматизации аналитики и бизнес-процессов.</p>
    <h3>Обязанности:</h3><ul><li>Разработка микросервисов на Python и фреймворке Flask.</li>
    <li>Проектирование архитектуры базы данных Redis и оптимизация сложных аналитических запросов.</li>
    <li>Контейнеризация и настройка пайплайнов деплоя с использованием Docker и Kubernetes.</li></ul>
    <h3>Требования:</h3><ul><li>Опыт работы с технологиями: Linux, Redis, Go, Docker, Kafka, Kubernetes.</li>
    <li>Понимание принципов чистого кода, SOLID и микросервисной архитектуры.</li>
    <li>Умение работать в Agile/Scrum команде.</li></ul>
    <h3>Мы предлагаем:</h3><ul><li>Конкурентная зарплата, гибкий график, ДМС и возможность удаленной работы.</li></ul>"
90000084,Удаленно: Middle Data Engineer,От 3 до 6 лет,between3And6,180000,280000,RUR,remote,"[""FastAPI"", ""Redis"", ""Microservices"", ""Go"", ""Asyncio"", ""RabbitMQ""]","<p>В финтех направление открыта вакансия Удаленно: Middle Data Engineer.</p>
    <p><strong>Задачи:</strong></p><ul><li>Создание масштабируемых сервисов с низким latency.</li>
    <li>Интеграция с платежными шлюзами и внешними API.</li><li>Написание юнит и интеграционных тестов.</li></ul>
    <p><strong>Стек:</strong> FastAPI, Redis, Microservices, Go, Asyncio, RabbitMQ.</p>
    <p><strong>Условия:</strong> полностью белая зарплата, техника на выбор, дружная инженерная культура.</p>"
90000085,Trainee / Junior Data Engineer,Нет опыта,noExperience,,,RUR,flexible,"[""Microservices"", ""Go"", ""Celery"", ""Python"", ""PostgreSQL""]","<h3>О проекте:</h3><p>Мы разрабатываем высоконагруженную платформу автоматизации аналитики и бизнес-процессов.</p>
    <h3>Обязанности:</h3><ul><li>Разработка микросервисов на Go и фреймворке Flask.</li>
    <li>Проектирование архитектуры базы данных PostgreSQL и оптимизация сложных аналитических запросов.</li>
    <li>Контейнеризация и настройка пайплайнов деплоя с использованием Docker.</li></ul>
    <h3>Требования:</h3><ul><li>Опыт работы с технологиями: Microservices, Go, Celery, Python, PostgreSQL.</li>
    <li>Понимание принципов чистого кода, SOLID и микросервисной архитектуры.</li>
    <li>Умение работать в Agile/Scrum команде.</li></ul>
    <h3>Мы предлагаем:</h3><ul><li>Конкурентная зарплата, гибкий график, ДМС и возможность удаленной работы.</li></ul>"
90000086,IT Компания: Tech Lead (Python / FastAPI / Highload),Более 6 лет,moreThan6,380000,600000,RUR,remote,"[""Microservices"", ""CI/CD"", ""Docker"", ""Celery"", ""Kubernetes"", ""ClickHouse""]","<h3>О проекте:</h3><p>Мы разрабатываем высоконагруженную платформу автоматизации аналитики и бизнес-процессов.</p>
    <h3>Обязанности:</h3><ul><li>Разработка микросервисов на Python и фреймворке Flask.</li>
    <li>Проектирование архитектуры базы данных Redis и оптимизация сложных аналитических запросов.</li>
    <li>Контейнеризация и настройка пайплайнов деплоя с использованием Docker и Kubernetes.</li></ul>
    <h3>Требования:</h3><ul><li>Опыт работы с технологиями: Microservices, CI/CD, Docker, Celery, Kubernetes, ClickHouse.</li>
    <li>Понимание принципов чистого кода, SOLID и микросервисной архитектуры.</li>
    <li>Умение работать в Agile/Scrum команде.</li></ul>
    <h3>Мы предлагаем:</h3><ul><li>Конкурентная зарплата, гибкий график, ДМС и возможность удаленной работы.</li></ul>"
90000087,"IT Компания: Backend Разработчик (Python, FastAPI, PostgreSQL)",От 1 года до 3 лет,between1And3,160000,255000,RUR,fullDay,"[""Git"", ""REST API"", ""FastAPI"", ""Go"", ""Docker"", ""Asyncio"", ""PostgreSQL""]","<h3>О проекте:</h3><p>Мы разрабатываем высоконагруженную платформу автоматизации аналитики и бизнес-процессов.</p>
    <h3>Обязанности:</h3><ul><li>Разработка микросервисов на Go и фреймворке FastAPI.</li>
    <li>Проектирование архитектуры базы данных PostgreSQL и оптимизация сложных аналитических запросов.</li>
    <li>Контейнеризация и настройка пайплайнов деплоя с использованием Docker.</li></ul>
    <h3>Требования:</h3><ul><li>Опыт работы с технологиями: Git, REST API, FastAPI, Go, Docker, Asyncio, PostgreSQL.</li>
    <li>Понимание принципов чистого кода, SOLID и микросервисной архитектуры.</li>
    <li>Умение работать в Agile/Scrum команде.</li></ul>
    <h3>Мы предлагаем:</h3><ul><li>Конкурентная зарплата, гибкий график, ДМС и возможность удаленной работы.</li></ul>"
90000088,Ищем: Ведущий разработчик Python,Более 6 лет,moreThan6,275000,430000,RUR,remote,"[""SQLAlchemy"", ""Python"", ""Asyncio"", ""Kafka"", ""ClickHouse"", ""PostgreSQL"", ""Kubernetes""]","<h3>О проекте:</h3><p>Мы разрабатываем высоконагруженную платформу автоматизации аналитики и бизнес-процессов.</p>
    <h3>Обязанности:</h3><ul><li>Разработка микросервисов на Python и фреймворке Flask.</li>
    <li>Проектирование архитектуры базы данных PostgreSQL и оптимизация сложных аналитических запросов.</li>
    <li>Контейнеризация и настройка пайплайнов деплоя с использованием Docker и Kubernetes.</li></ul>
    <h3>Требования:</h3><ul><li>Опыт работы с технологиями: SQLAlchemy, Python, Asyncio, Kafka, ClickHouse, PostgreSQL, Kubernetes.</li>
    <li>Понимание принципов чистого кода, SOLID и микросервисной архитектуры.</li>
    <li>Умение работать в Agile/Scrum команде.</li></ul>
    <h3>Мы предлагаем:</h3><ul><li>Конкурентная зарплата, гибкий график, ДМС и возможность удаленной работы.</li></ul>"
90000089,Разработчик Python,От 3 до 6 лет,between3And6,195000,,RUR,remote,"[""Git"", ""FastAPI"", ""Go"", ""SQLAlchemy""]","<h3>О проекте:</h3><p>Мы разрабатываем высоконагруженную платформу автоматизации аналитики и бизнес-процессов.</p>
    <h3>Обязанности:</h3><ul><li>Разработка микросервисов на Python и фреймворке FastAPI.</li>
    <li>Проектирование архитектуры базы данных Redis и оптимизация сложных аналитических запросов.</li>
    <li>Контейнеризация и настройка пайплайнов деплоя с использованием Docker.</li></ul>
    <h3>Требования:</h3><ul><li>Опыт работы с технологиями: Git, FastAPI, Go, SQLAlchemy.</li>
    <li>Понимание принципов чистого кода, SOLID и микросервисной архитектуры.</li>
    <li>Умение работать в Agile/Scrum команде.</li></ul>
    <h3>Мы предлагаем:</h3><ul><li>Конкурентная зарплата, гибкий график, ДМС и возможность удаленной работы.</li></ul>"
90000090,Ищем: Младший программист Python / Django,От 1 года до 3 лет,between1And3,65000,110000,RUR,remote,"[""Microservices"", ""Celery"", ""Linux"", ""Python""]","<h3>О проекте:</h3><p>Мы разрабатываем высоконагруженную платформу автоматизации аналитики и бизнес-процессов.</p>
    <h3>Обязанности:</h3><ul><li>Разработка микросервисов на Python и фреймворке Flask.</li>
    <li>Проектирование архитектуры базы данных Redis и оптимизация сложных аналитических запросов.</li>
    <li>Контейнеризация и настройка пайплайнов деплоя с использованием Docker.</li></ul>
    <h3>Требования:</h3><ul><li>Опыт работы с технологиями: Microservices, Celery, Linux, Python.</li>
    <li>Понимание принципов чистого кода, SOLID и микросервисной архитектуры.</li>
    <li>Умение работать в Agile/Scrum команде.</li></ul>
    <h3>Мы предлагаем:</h3><ul><li>Конкурентная зарплата, гибкий график, ДМС и возможность удаленной работы.</li></ul>"
90000091,Ведущий разработчик Python,От 3 до 6 лет,between3And6,,,RUR,remote,"[""Microservices"", ""Kubernetes"", ""CI/CD""]","<h3>О проекте:</h3><p>Мы разрабатываем высоконагруженную платформу автоматизации аналитики и бизнес-процессов.</p>
    <h3>Обязанности:</h3><ul><li>Разработка микросервисов на Python и фреймворке Flask.</li>
    <li>Проектирование архитектуры базы данных Redis и оптимизация сложных аналитических запросов.</li>
    <li>Контейнеризация и настройка пайплайнов деплоя с использованием Docker и Kubernetes.</li></ul>
    <h3>Требования:</h3><ul><li>Опыт работы с технологиями: Microservices, Kubernetes, CI/CD.</li>
    <li>Понимание принципов чистого кода, SOLID и микросервисной архитектуры.</li>
    <li>Умение работать в Agile/Scrum команде.</li></ul>
    <h3>Мы предлагаем:</h3><ul><li>Конкурентная зарплата, гибкий график, ДМС и возможность удаленной работы.</li></ul>"
90000092,Backend Engineer,От 1 года до 3 лет,between1And3,,,RUR,remote,"[""Git"", ""FastAPI"", ""Go"", ""Docker"", ""Asyncio"", ""Django""]","<p>В финтех направление открыта вакансия Backend Engineer.</p>
    <p><strong>Задачи:</strong></p><ul><li>Создание масштабируемых сервисов с низким latency.</li>
    <li>Интеграция с платежными шлюзами и внешними API.</li><li>Написание юнит и интеграционных тестов.</li></ul>
    <p><strong>Стек:</strong> Git, FastAPI, Go, Docker, Asyncio, Django.</p>
    <p><strong>Условия:</strong> полностью белая зарплата, техника на выбор, дружная инженерная культура.</p>"
90000093,Senior Data Engineer / Architect,Более 6 лет,moreThan6,310000,495000,RUR,fullDay,"[""PostgreSQL"", ""Docker"", ""Linux""]","<h3>О проекте:</h3><p>Мы разрабатываем высоконагруженную платформу автоматизации аналитики и бизнес-процессов.</p>
    <h3>Обязанности:</h3><ul><li>Разработка микросервисов на Python и фреймворке Flask.</li>
    <li>Проектирование архитектуры базы данных PostgreSQL и оптимизация сложных аналитических запросов.</li>
    <li>Контейнеризация и настройка пайплайнов деплоя с использованием Docker.</li></ul>
    <h3>Требования:</h3><ul><li>Опыт работы с технологиями: PostgreSQL, Docker, Linux.</li>
    <li>Понимание принципов чистого кода, SOLID и микросервисной архитектуры.</li>
    <li>Умение работать в Agile/Scrum команде.</li></ul>
    <h3>Мы предлагаем:</h3><ul><li>Конкурентная зарплата, гибкий график, ДМС и возможность удаленной работы.</li></ul>"
90000094,Удаленно: Golang Developer (Middle),От 3 до 6 лет,between3And6,170000,255000,RUR,remote,"[""Git"", ""FastAPI"", ""CI/CD"", ""SQLAlchemy"", ""Asyncio"", ""PostgreSQL""]","<p>В финтех направление открыта вакансия Удаленно: Golang Developer (Middle).</p>
    <p><strong>Задачи:</strong></p><ul><li>Создание масштабируемых сервисов с низким latency.</li>
    <li>Интеграция с платежными шлюзами и внешними API.</li><li>Написание юнит и интеграционных тестов.</li></ul>
    <p><strong>Стек:</strong> Git, FastAPI, CI/CD, SQLAlchemy, Asyncio, PostgreSQL.</p>
    <p><strong>Условия:</strong> полностью белая зарплата, техника на выбор, дружная инженерная культура.</p>"
90000095,Golang Developer (Middle),От 3 до 6 лет,between3And6,190000,285000,RUR,remote,"[""Git"", ""FastAPI"", ""Go"", ""PostgreSQL""]","<p>В финтех направление открыта вакансия Golang Developer (Middle).</p>
    <p><strong>Задачи:</strong></p><ul><li>Создание масштабируемых сервисов с низким latency.</li>
    <li>Интеграция с платежными шлюзами и внешними API.</li><li>Написание юнит и интеграционных тестов.</li></ul>
    <p><strong>Стек:</strong> Git, FastAPI, Go, PostgreSQL.</p>
    <p><strong>Условия:</strong> полностью белая зарплата, техника на выбор, дружная инженерная культура.</p>"
90000096,"IT Компания: Backend Разработчик (Python, FastAPI, PostgreSQL)",От 1 года до 3 лет,between1And3,145000,,RUR,fullDay,"[""Git"", ""Redis"", ""Microservices"", ""SQLAlchemy"", ""Docker"", ""Python""]","<h3>О проекте:</h3><p>Мы разрабатываем высоконагруженную платформу автоматизации аналитики и бизнес-процессов.</p>
    <h3>Обязанности:</h3><ul><li>Разработка микросервисов на Python и фреймворке Flask.</li>
    <li>Проектирование архитектуры базы данных Redis и оптимизация сложных аналитических запросов.</li>
    <li>Контейнеризация и настройка пайплайнов деплоя с использованием Docker.</li></ul>
    <h3>Требования:</h3><ul><li>Опыт работы с технологиями: Git, Redis, Microservices, SQLAlchemy, Docker, Python.</li>
    <li>Понимание принципов чистого кода, SOLID и микросервисной архитектуры.</li>
    <li>Умение работать в Agile/Scrum команде.</li></ul>
    <h3>Мы предлагаем:</h3><ul><li>Конкурентная зарплата, гибкий график, ДМС и возможность удаленной работы.</li></ul>"
90000097,Ищем: Младший программист Python / Django,От 1 года до 3 лет,between1And3,,,RUR,remote,"[""REST API"", ""Linux"", ""CI/CD"", ""Python"", ""PostgreSQL""]","<p>В финтех направление открыта вакансия Ищем: Младший программист Python / Django.</p>
    <p><strong>Задачи:</strong></p><ul><li>Создание масштабируемых сервисов с низким latency.</li>
    <li>Интеграция с платежными шлюзами и внешними API.</li><li>Написание юнит и интеграционных тестов.</li></ul>
    <p><strong>Стек:</strong> REST API, Linux, CI/CD, Python, PostgreSQL.</p>
    <p><strong>Условия:</strong> полностью белая зарплата, техника на выбор, дружная инженерная культура.</p>"
90000098,IT Компания: Middle Data Engineer,От 3 до 6 лет,between3And6,170000,260000,RUR,remote,"[""Asyncio"", ""Git"", ""SQLAlchemy"", ""Redis""]","<p>В финтех направление открыта вакансия IT Компания: Middle Data Engineer.</p>
    <p><strong>Задачи:</strong></p><ul><li>Создание масштабируемых сервисов с низким latency.</li>
    <li>Интеграция с платежными шлюзами и внешними API.</li><li>Написание юнит и интеграционных тестов.</li></ul>
    <p><strong>Стек:</strong> Asyncio, Git, SQLAlchemy, Redis.</p>
    <p><strong>Условия:</strong> полностью белая зарплата, техника на выбор, дружная инженерная культура.</p>"
90000099,IT Компания: Ведущий разработчик Python,Более 6 лет,moreThan6,360000,560000,RUR,remote,"[""Git"", ""Linux"", ""Kafka"", ""Pytest"", ""Go"", ""Docker"", ""Kubernetes"", ""ClickHouse""]","<h3>О проекте:</h3><p>Мы разрабатываем высоконагруженную платформу автоматизации аналитики и бизнес-процессов.</p>
    <h3>Обязанности:</h3><ul><li>Разработка микросервисов на Go и фреймворке Flask.</li>
    <li>Проектирование архитектуры базы данных Redis и оптимизация сложных аналитических запросов.</li>
    <li>Контейнеризация и настройка пайплайнов деплоя с использованием Docker и Kubernetes.</li></ul>
    <h3>Требования:</h3><ul><li>Опыт работы с технологиями: Git, Linux, Kafka, Pytest, Go, Docker, Kubernetes, ClickHouse.</li>
    <li>Понимание принципов чистого кода, SOLID и микросервисной архитектуры.</li>
    <li>Умение работать в Agile/Scrum команде.</li></ul>
    <h3>Мы предлагаем:</h3><ul><li>Конкурентная зарплата, гибкий график, ДМС и возможность удаленной работы.</li></ul>"
90000100,Ищем: Middle Data Engineer,От 3 до 6 лет,between3And6,160000,245000,RUR,fullDay,"[""REST API"", ""FastAPI"", ""Microservices"", ""Go"", ""PostgreSQL""]","<p>В финтех направление открыта вакансия Ищем: Middle Data Engineer.</p>
    <p><strong>Задачи:</strong></p><ul><li>Создание масштабируемых сервисов с низким latency.</li>
    <li>Интеграция с платежными шлюзами и внешними API.</li><li>Написание юнит и интеграционных тестов.</li></ul>
    <p><strong>Стек:</strong> REST API, FastAPI, Microservices, Go, PostgreSQL.</p>
    <p><strong>Условия:</strong> полностью белая зарплата, техника на выбор, дружная инженерная культура.</p>"
90000101,Go Backend Developer,От 3 до 6 лет,between3And6,335000,500000,RUR,fullDay,"[""PostgreSQL"", ""Kafka"", ""CI/CD"", ""FastAPI""]","<h3>О проекте:</h3><p>Мы разрабатываем высоконагруженную платформу автоматизации аналитики и бизнес-процессов.</p>
    <h3>Обязанности:</h3><ul><li>Разработка микросервисов на Python и фреймворке FastAPI.</li>
    <li>Проектирование архитектуры базы данных PostgreSQL и оптимизация сложных аналитических запросов.</li>
    <li>Контейнеризация и настройка пайплайнов деплоя с использованием Docker.</li></ul>
    <h3>Требования:</h3><ul><li>Опыт работы с технологиями: PostgreSQL, Kafka, CI/CD, FastAPI.</li>
    <li>Понимание принципов чистого кода, SOLID и микросервисной архитектуры.</li>
    <li>Умение работать в Agile/Scrum команде.</li></ul>
    <h3>Мы предлагаем:</h3><ul><li>Конкурентная зарплата, гибкий график, ДМС и возможность удаленной работы.</li></ul>"
90000102,"Backend Разработчик (Python, FastAPI, PostgreSQL)",От 1 года до 3 лет,between1And3,,,RUR,flexible,"[""Git"", ""FastAPI"", ""Redis"", ""Go"", ""Docker"", ""Kafka""]","<h3>О проекте:</h3><p>Мы разрабатываем высоконагруженную платформу автоматизации аналитики и бизнес-процессов.</p>
    <h3>Обязанности:</h3><ul><li>Разработка микросервисов на Go и фреймворке FastAPI.</li>
    <li>Проектирование архитектуры базы данных Redis и оптимизация сложных аналитических запросов.</li>
    <li>Контейнеризация и настройка пайплайнов деплоя с использованием Docker.</li></ul>
    <h3>Требования:</h3><ul><li>Опыт работы с технологиями: Git, FastAPI, Redis, Go, Docker, Kafka.</li>
    <li>Понимание принципов чистого кода, SOLID и микросервисной архитектуры.</li>
    <li>Умение работать в Agile/Scrum команде.</li></ul>
    <h3>Мы предлагаем:</h3><ul><li>Конкурентная зарплата, гибкий график, ДМС и возможность удаленной работы.</li></ul>"
90000103,Senior Python Developer,От 3 до 6 лет,between3And6,,,RUR,fullDay,"[""Go"", ""ClickHouse"", ""Linux"", ""Python""]","<h3>О проекте:</h3><p>Мы разрабатываем высоконагруженную платформу автоматизации аналитики и бизнес-процессов.</p>
    <h3>Обязанности:</h3><ul><li>Разработка микросервисов на Python и фреймворке Flask.</li>
    <li>Проектирование архитектуры базы данных Redis и оптимизация сложных аналитических запросов.</li>
    <li>Контейнеризация и настройка пайплайнов деплоя с использованием Docker.</li></ul>
    <h3>Требования:</h3><ul><li>Опыт работы с технологиями: Go, ClickHouse, Linux, Python.</li>
    <li>Понимание принципов чистого кода, SOLID и микросервисной архитектуры.</li>
    <li>Умение работать в Agile/Scrum команде.</li></ul>
    <h3>Мы предлагаем:</h3><ul><li>Конкурентная зарплата, гибкий график, ДМС и возможность удаленной работы.</li></ul>"
90000104,IT Компания: Senior Golang Developer,От 3 до 6 лет,between3And6,290000,435000,RUR,remote,"[""REST API"", ""FastAPI"", ""Python"", ""RabbitMQ""]","<p>В финтех направление открыта вакансия IT Компания: Senior Golang Developer.</p>
    <p><strong>Задачи:</strong></p><ul><li>Создание масштабируемых сервисов с низким latency.</li>
    <li>Интеграция с платежными шлюзами и внешними API.</li><li>Написание юнит и интеграционных тестов.</li></ul>
    <p><strong>Стек:</strong> REST API, FastAPI, Python, RabbitMQ.</p>
    <p><strong>Условия:</strong> полностью белая зарплата, техника на выбор, дружная инженерная культура.</p>"
90000105,Удаленно: Junior DevOps Engineer,От 1 года до 3 лет,between1And3,80000,130000,RUR,remote,"[""Git"", ""PostgreSQL"", ""Redis""]","<p>В финтех направление открыта вакансия Удаленно: Junior DevOps Engineer.</p>
    <p><strong>Задачи:</strong></p><ul><li>Создание масштабируемых сервисов с низким latency.</li>
    <li>Интеграция с платежными шлюзами и внешними API.</li><li>Написание юнит и интеграционных тестов.</li></ul>
    <p><strong>Стек:</strong> Git, PostgreSQL, Redis.</p>
    <p><strong>Условия:</strong> полностью белая зарплата, техника на выбор, дружная инженерная культура.</p>"
90000106,Go Backend Developer,От 1 года до 3 лет,between1And3,65000,100000,RUR,fullDay,"[""Git"", ""Kafka"", ""REST API"", ""Linux""]","<h3>О проекте:</h3><p>Мы разрабатываем высоконагруженную платформу автоматизации аналитики и бизнес-процессов.</p>
    <h3>Обязанности:</h3><ul><li>Разработка микросервисов на Python и фреймворке Flask.</li>
    <li>Проектирование архитектуры базы данных Redis и оптимизация сложных аналитических запросов.</li>
    <li>Контейнеризация и настройка пайплайнов деплоя с использованием Docker.</li></ul>
    <h3>Требования:</h3><ul><li>Опыт работы с технологиями: Git, Kafka, REST API, Linux.</li>
    <li>Понимание принципов чистого кода, SOLID и микросервисной архитектуры.</li>
    <li>Умение работать в Agile/Scrum команде.</li></ul>
    <h3>Мы предлагаем:</h3><ul><li>Конкурентная зарплата, гибкий график, ДМС и возможность удаленной работы.</li></ul>"
90000107,IT Компания: Junior Go / Golang Developer,Нет опыта,noExperience,,,RUR,remote,"[""REST API"", ""Git"", ""Linux"", ""Python"", ""Django"", ""PostgreSQL"", ""RabbitMQ""]","<h3>О проекте:</h3><p>Мы разрабатываем высоконагруженную платформу автоматизации аналитики и бизнес-процессов.</p>
    <h3>Обязанности:</h3><ul><li>Разработка микросервисов на Python и фреймворке Django.</li>
    <li>Проектирование архитектуры базы данных PostgreSQL и оптимизация сложных аналитических запросов.</li>
    <li>Контейнеризация и настройка пайплайнов деплоя с использованием Docker.</li></ul>
    <h3>Требования:</h3><ul><li>Опыт работы с технологиями: REST API, Git, Linux, Python, Django, PostgreSQL, RabbitMQ.</li>
    <li>Понимание принципов чистого кода, SOLID и микросервисной архитектуры.</li>
    <li>Умение работать в Agile/Scrum команде.</li></ul>
    <h3>Мы предлагаем:</h3><ul><li>Конкурентная зарплата, гибкий график, ДМС и возможность удаленной работы.</li></ul>"
90000108,Удаленно: Middle Python Developer,От 1 года до 3 лет,between1And3,150000,235000,RUR,remote,"[""Git"", ""Redis"", ""Go"", ""SQLAlchemy"", ""Docker"", ""Asyncio""]","<p>В финтех направление открыта вакансия Удаленно: Middle Python Developer.</p>
    <p><strong>Задачи:</strong></p><ul><li>Создание масштабируемых сервисов с низким latency.</li>
    <li>Интеграция с платежными шлюзами и внешними API.</li><li>Написание юнит и интеграционных тестов.</li></ul>
    <p><strong>Стек:</strong> Git, Redis, Go, SQLAlchemy, Docker, Asyncio.</p>
    <p><strong>Условия:</strong> полностью белая зарплата, техника на выбор, дружная инженерная культура.</p>"
90000109,Удаленно: Middle Data Engineer,От 3 до 6 лет,between3And6,,,RUR,fullDay,"[""Django"", ""Go"", ""Python""]","<p>В финтех направление открыта вакансия Удаленно: Middle Data Engineer.</p>
    <p><strong>Задачи:</strong></p><ul><li>Создание масштабируемых сервисов с низким latency.</li>
    <li>Интеграция с платежными шлюзами и внешними API.</li><li>Написание юнит и интеграционных тестов.</li></ul>
    <p><strong>Стек:</strong> Django, Go, Python.</p>
    <p><strong>Условия:</strong> полностью белая зарплата, техника на выбор, дружная инженерная культура.</p>"
90000110,Ищем: Младший программист Python / Django,От 1 года до 3 лет,between1And3,55000,90000,RUR,fullDay,"[""REST API"", ""Git"", ""Python"", ""Django"", ""PostgreSQL""]","<p>В финтех направление открыта вакансия Ищем: Младший программист Python / Django.</p>
    <p><strong>Задачи:</strong></p><ul><li>Создание масштабируемых сервисов с низким latency.</li>
    <li>Интеграция с платежными шлюзами и внешними API.</li><li>Написание юнит и интеграционных тестов.</li></ul>
    <p><strong>Стек:</strong> REST API, Git, Python, Django, PostgreSQL.</p>
    <p><strong>Условия:</strong> полностью белая зарплата, техника на выбор, дружная инженерная культура.</p>"
90000111,Удаленно: Senior Golang Developer,От 3 до 6 лет,between3And6,255000,385000,RUR,fullDay,"[""Microservices"", ""ClickHouse"", ""Python""]","<p>В финтех направление открыта вакансия Удаленно: Senior Golang Developer.</p>
    <p><strong>Задачи:</strong></p><ul><li>Создание масштабируемых сервисов с низким latency.</li>
    <li>Интеграция с платежными шлюзами и внешними API.</li><li>Написание юнит и интеграционных тестов.</li></ul>
    <p><strong>Стек:</strong> Microservices, ClickHouse, Python.</p>
    <p><strong>Условия:</strong> полностью белая зарплата, техника на выбор, дружная инженерная культура.</p>"
90000112,DevOps Engineer,От 1 года до 3 лет,between1And3,,,RUR,remote,"[""Git"", ""REST API"", ""Linux"", ""Microservices"", ""Go"", ""Docker"", ""Django"", ""PostgreSQL""]","<p>В финтех направление открыта вакансия DevOps Engineer.</p>
    <p><strong>Задачи:</strong></p><ul><li>Создание масштабируемых сервисов с низким latency.</li>
    <li>Интеграция с платежными шлюзами и внешними API.</li><li>Написание юнит и интеграционных тестов.</li></ul>
    <p><strong>Стек:</strong> Git, REST API, Linux, Microservices, Go, Docker, Django, PostgreSQL.</p>
    <p><strong>Условия:</strong> полностью белая зарплата, техника на выбор, дружная инженерная культура.</p>"
90000113,IT Компания: Senior DevOps / SRE Engineer,От 3 до 6 лет,between3And6,,,RUR,flexible,"[""Linux"", ""Redis"", ""Microservices"", ""Docker"", ""PostgreSQL""]","<p>В финтех направление открыта вакансия IT Компания: Senior DevOps / SRE Engineer.</p>
    <p><strong>Задачи:</strong></p><ul><li>Создание масштабируемых сервисов с низким latency.</li>
    <li>Интеграция с платежными шлюзами и внешними API.</li><li>Написание юнит и интеграционных тестов.</li></ul>
    <p><strong>Стек:</strong> Linux, Redis, Microservices, Docker, PostgreSQL.</p>
    <p><strong>Условия:</strong> полностью белая зарплата, техника на выбор, дружная инженерная культура.</p>"
90000114,Удаленно: Junior QA Automation (Python),От 1 года до 3 лет,between1And3,65000,100000,RUR,flexible,"[""REST API"", ""Git"", ""Linux"", ""Docker"", ""Python"", ""Kafka""]","<h3>О проекте:</h3><p>Мы разрабатываем высоконагруженную платформу автоматизации аналитики и бизнес-процессов.</p>
    <h3>Обязанности:</h3><ul><li>Разработка микросервисов на Python и фреймворке Flask.</li>
    <li>Проектирование архитектуры базы данных Redis и оптимизация сложных аналитических запросов.</li>
    <li>Контейнеризация и настройка пайплайнов деплоя с использованием Docker.</li></ul>
    <h3>Требования:</h3><ul><li>Опыт работы с технологиями: REST API, Git, Linux, Docker, Python, Kafka.</li>
    <li>Понимание принципов чистого кода, SOLID и микросервисной архитектуры.</li>
    <li>Умение работать в Agile/Scrum команде.</li></ul>
    <h3>Мы предлагаем:</h3><ul><li>Конкурентная зарплата, гибкий график, ДМС и возможность удаленной работы.</li></ul>"
90000115,"Backend Разработчик (Python, FastAPI, PostgreSQL)",От 1 года до 3 лет,between1And3,,,RUR,remote,"[""Git"", ""FastAPI"", ""Pytest"", ""Go"", ""Python"", ""Kubernetes"", ""ClickHouse""]","<h3>О проекте:</h3><p>Мы разрабатываем высоконагруженную платформу автоматизации аналитики и бизнес-процессов.</p>
    <h3>Обязанности:</h3><ul><li>Разработка микросервисов на Python и фреймворке FastAPI.</li>
    <li>Проектирование архитектуры базы данных Redis и оптимизация сложных аналитических запросов.</li>
    <li>Контейнеризация и настройка пайплайнов деплоя с использованием Docker и Kubernetes.</li></ul>
    <h3>Требования:</h3><ul><li>Опыт работы с технологиями: Git, FastAPI, Pytest, Go, Python, Kubernetes, ClickHouse.</li>
    <li>Понимание принципов чистого кода, SOLID и микросервисной архитектуры.</li>
    <li>Умение работать в Agile/Scrum команде.</li></ul>
    <h3>Мы предлагаем:</h3><ul><li>Конкурентная зарплата, гибкий график, ДМС и возможность удаленной работы.</li></ul>"
90000116,Backend Engineer,Более 6 лет,moreThan6,335000,,RUR,flexible,"[""Linux"", ""Microservices"", ""Django"", ""Kafka"", ""ClickHouse"", ""PostgreSQL""]","<h3>О проекте:</h3><p>Мы разрабатываем высоконагруженную платформу автоматизации аналитики и бизнес-процессов.</p>
    <h3>Обязанности:</h3><ul><li>Разработка микросервисов на Python и фреймворке Django.</li>
    <li>Проектирование архитектуры базы данных PostgreSQL и оптимизация сложных аналитических запросов.</li>
    <li>Контейнеризация и настройка пайплайнов деплоя с использованием Docker.</li></ul>
    <h3>Требования:</h3><ul><li>Опыт работы с технологиями: Linux, Microservices, Django, Kafka, ClickHouse, PostgreSQL.</li>
    <li>Понимание принципов чистого кода, SOLID и микросервисной архитектуры.</li>
    <li>Умение работать в Agile/Scrum команде.</li></ul>
    <h3>Мы предлагаем:</h3><ul><li>Конкурентная зарплата, гибкий график, ДМС и возможность удаленной работы.</li></ul>"
90000117,Ищем: Junior Go / Golang Developer,Нет опыта,noExperience,50000,85000,RUR,fullDay,"[""Git"", ""Linux"", ""Python"", ""Django"", ""ClickHouse"", ""PostgreSQL""]","<p>В финтех направление открыта вакансия Ищем: Junior Go / Golang Developer.</p>
    <p><strong>Задачи:</strong></p><ul><li>Создание масштабируемых сервисов с низким latency.</li>
    <li>Интеграция с платежными шлюзами и внешними API.</li><li>Написание юнит и интеграционных тестов.</li></ul>
    <p><strong>Стек:</strong> Git, Linux, Python, Django, ClickHouse, PostgreSQL.</p>
    <p><strong>Условия:</strong> полностью белая зарплата, техника на выбор, дружная инженерная культура.</p>"
90000118,"IT Компания: Backend Разработчик (Python, FastAPI, PostgreSQL)",От 1 года до 3 лет,between1And3,180000,290000,RUR,remote,"[""Git"", ""Redis"", ""Go"", ""SQLAlchemy"", ""Python"", ""Django"", ""PostgreSQL""]","<h3>О проекте:</h3><p>Мы разрабатываем высоконагруженную платформу автоматизации аналитики и бизнес-процессов.</p>
    <h3>Обязанности:</h3><ul><li>Разработка микросервисов на Go и фреймворке Django.</li>
    <li>Проектирование архитектуры базы данных PostgreSQL и оптимизация сложных аналитических запросов.</li>
    <li>Контейнеризация и настройка пайплайнов деплоя с использованием Docker.</li></ul>
    <h3>Требования:</h3><ul><li>Опыт работы с технологиями: Git, Redis, Go, SQLAlchemy, Python, Django, PostgreSQL.</li>
    <li>Понимание принципов чистого кода, SOLID и микросервисной архитектуры.</li>
    <li>Умение работать в Agile/Scrum команде.</li></ul>
    <h3>Мы предлагаем:</h3><ul><li>Конкурентная зарплата, гибкий график, ДМС и возможность удаленной работы.</li></ul>"
90000119,Ищем: Trainee / Junior Data Engineer,Нет опыта,noExperience,55000,,RUR,fullDay,"[""Git"", ""PostgreSQL"", ""Linux"", ""Redis""]","<p>В финтех направление открыта вакансия Ищем: Trainee / Junior Data Engineer.</p>
    <p><strong>Задачи:</strong></p><ul><li>Создание масштабируемых сервисов с низким latency.</li>
    <li>Интеграция с платежными шлюзами и внешними API.</li><li>Написание юнит и интеграционных тестов.</li></ul>
    <p><strong>Стек:</strong> Git, PostgreSQL, Linux, Redis.</p>
    <p><strong>Условия:</strong> полностью белая зарплата, техника на выбор, дружная инженерная культура.</p>"
90000120,IT Компания: Junior QA Automation (Python),От 1 года до 3 лет,between1And3,70000,,RUR,fullDay,"[""Git"", ""Kafka"", ""Django"", ""Python""]","<p>В финтех направление открыта вакансия IT Компания: Junior QA Automation (Python).</p>
    <p><strong>Задачи:</strong></p><ul><li>Создание масштабируемых сервисов с низким latency.</li>
    <li>Интеграция с платежными шлюзами и внешними API.</li><li>Написание юнит и интеграционных тестов.</li></ul>
    <p><strong>Стек:</strong> Git, Kafka, Django, Python.</p>
    <p><strong>Условия:</strong> полностью белая зарплата, техника на выбор, дружная инженерная культура.</p>"
90000121,Ищем: Senior DevOps / SRE Engineer,От 3 до 6 лет,between3And6,315000,480000,RUR,remote,"[""FastAPI"", ""Linux"", ""Microservices"", ""Pytest"", ""Asyncio""]","<p>В финтех направление открыта вакансия Ищем: Senior DevOps / SRE Engineer.</p>
    <p><strong>Задачи:</strong></p><ul><li>Создание масштабируемых сервисов с низким latency.</li>
    <li>Интеграция с платежными шлюзами и внешними API.</li><li>Написание юнит и интеграционных тестов.</li></ul>
    <p><strong>Стек:</strong> FastAPI, Linux, Microservices, Pytest, Asyncio.</p>
    <p><strong>Условия:</strong> полностью белая зарплата, техника на выбор, дружная инженерная культура.</p>"
90000122,Ищем: Ведущий разработчик Python,Более 6 лет,moreThan6,340000,530000,RUR,fullDay,"[""Linux"", ""Microservices"", ""CI/CD"", ""Go"", ""Celery"", ""Python"", ""Kubernetes""]","<p>В финтех направление открыта вакансия Ищем: Ведущий разработчик Python.</p>
    <p><strong>Задачи:</strong></p><ul><li>Создание масштабируемых сервисов с низким latency.</li>
    <li>Интеграция с платежными шлюзами и внешними API.</li><li>Написание юнит и интеграционных тестов.</li></ul>
    <p><strong>Стек:</strong> Linux, Microservices, CI/CD, Go, Celery, Python, Kubernetes.</p>
    <p><strong>Условия:</strong> полностью белая зарплата, техника на выбор, дружная инженерная культура.</p>"
90000123,Инженер бэкенда,От 3 до 6 лет,between3And6,,505000,RUR,remote,"[""Microservices"", ""CI/CD"", ""SQLAlchemy"", ""Python"", ""Kubernetes"", ""ClickHouse""]","<p>В финтех направление открыта вакансия Инженер бэкенда.</p>
    <p><strong>Задачи:</strong></p><ul><li>Создание масштабируемых сервисов с низким latency.</li>
    <li>Интеграция с платежными шлюзами и внешними API.</li><li>Написание юнит и интеграционных тестов.</li></ul>
    <p><strong>Стек:</strong> Microservices, CI/CD, SQLAlchemy, Python, Kubernetes, ClickHouse.</p>
    <p><strong>Условия:</strong> полностью белая зарплата, техника на выбор, дружная инженерная культура.</p>"
90000124,Junior Python Developer,От 3 до 6 лет,between3And6,50000,,RUR,fullDay,"[""PostgreSQL"", ""Linux"", ""Docker""]","<p>В финтех направление открыта вакансия Junior Python Developer.</p>
    <p><strong>Задачи:</strong></p><ul><li>Создание масштабируемых сервисов с низким latency.</li>
    <li>Интеграция с платежными шлюзами и внешними API.</li><li>Написание юнит и интеграционных тестов.</li></ul>
    <p><strong>Стек:</strong> PostgreSQL, Linux, Docker.</p>
    <p><strong>Условия:</strong> полностью белая зарплата, техника на выбор, дружная инженерная культура.</p>"
90000125,IT Компания: Middle Data Engineer,От 3 до 6 лет,between3And6,145000,225000,RUR,remote,"[""Docker"", ""Python"", ""Asyncio"", ""Kubernetes"", ""PostgreSQL""]","<h3>О проекте:</h3><p>Мы разрабатываем высоконагруженную платформу автоматизации аналитики и бизнес-процессов.</p>
    <h3>Обязанности:</h3><ul><li>Разработка микросервисов на Python и фреймворке Flask.</li>
    <li>Проектирование архитектуры базы данных PostgreSQL и оптимизация сложных аналитических запросов.</li>
    <li>Контейнеризация и настройка пайплайнов деплоя с использованием Docker и Kubernetes.</li></ul>
    <h3>Требования:</h3><ul><li>Опыт работы с технологиями: Docker, Python, Asyncio, Kubernetes, PostgreSQL.</li>
    <li>Понимание принципов чистого кода, SOLID и микросервисной архитектуры.</li>
    <li>Умение работать в Agile/Scrum команде.</li></ul>
    <h3>Мы предлагаем:</h3><ul><li>Конкурентная зарплата, гибкий график, ДМС и возможность удаленной работы.</li></ul>"
90000126,"IT Компания: Backend Разработчик (Python, FastAPI, PostgreSQL)",От 1 года до 3 лет,between1And3,175000,280000,RUR,remote,"[""Asyncio"", ""Kubernetes"", ""Linux"", ""Python""]","<h3>О проекте:</h3><p>Мы разрабатываем высоконагруженную платформу автоматизации аналитики и бизнес-процессов.</p>
    <h3>Обязанности:</h3><ul><li>Разработка микросервисов на Python и фреймворке Flask.</li>
    <li>Проектирование архитектуры базы данных Redis и оптимизация сложных аналитических запросов.</li>
    <li>Контейнеризация и настройка пайплайнов деплоя с использованием Docker и Kubernetes.</li></ul>
    <h3>Требования:</h3><ul><li>Опыт работы с технологиями: Asyncio, Kubernetes, Linux, Python.</li>
    <li>Понимание принципов чистого кода, SOLID и микросервисной архитектуры.</li>
    <li>Умение работать в Agile/Scrum команде.</li></ul>
    <h3>Мы предлагаем:</h3><ul><li>Конкурентная зарплата, гибкий график, ДМС и возможность удаленной работы.</li></ul>"
90000127,Data Engineer,От 1 года до 3 лет,between1And3,65000,,RUR,remote,"[""Git"", ""Kubernetes"", ""REST API"", ""ClickHouse""]","<p>В финтех направление открыта вакансия Data Engineer.</p>
    <p><strong>Задачи:</strong></p><ul><li>Создание масштабируемых сервисов с низким latency.</li>
    <li>Интеграция с платежными шлюзами и внешними API.</li><li>Написание юнит и интеграционных тестов.</li></ul>
    <p><strong>Стек:</strong> Git, Kubernetes, REST API, ClickHouse.</p>
    <p><strong>Условия:</strong> полностью белая зарплата, техника на выбор, дружная инженерная культура.</p>"
90000128,Ищем: Senior Golang Developer,От 3 до 6 лет,between3And6,,,RUR,fullDay,"[""Kafka"", ""Celery"", ""ClickHouse"", ""Docker""]","<h3>О проекте:</h3><p>Мы разрабатываем высоконагруженную платформу автоматизации аналитики и бизнес-процессов.</p>
    <h3>Обязанности:</h3><ul><li>Разработка микросервисов на Python и фреймворке Flask.</li>
    <li>Проектирование архитектуры базы данных Redis и оптимизация сложных аналитических запросов.</li>
    <li>Контейнеризация и настройка пайплайнов деплоя с использованием Docker.</li></ul>
    <h3>Требования:</h3><ul><li>Опыт работы с технологиями: Kafka, Celery, ClickHouse, Docker.</li>
    <li>Понимание принципов чистого кода, SOLID и микросервисной архитектуры.</li>
    <li>Умение работать в Agile/Scrum команде.</li></ul>
    <h3>Мы предлагаем:</h3><ul><li>Конкурентная зарплата, гибкий график, ДМС и возможность удаленной работы.</li></ul>"
90000129,IT Компания: Senior Data Engineer / Architect,От 3 до 6 лет,between3And6,335000,535000,RUR,remote,"[""FastAPI"", ""Microservices"", ""CI/CD"", ""Kafka"", ""Kubernetes""]","<p>В финтех направление открыта вакансия IT Компания: Senior Data Engineer / Architect.</p>
    <p><strong>Задачи:</strong></p><ul><li>Создание масштабируемых сервисов с низким latency.</li>
    <li>Интеграция с платежными шлюзами и внешними API.</li><li>Написание юнит и интеграционных тестов.</li></ul>
    <p><strong>Стек:</strong> FastAPI, Microservices, CI/CD, Kafka, Kubernetes.</p>
    <p><strong>Условия:</strong> полностью белая зарплата, техника на выбор, дружная инженерная культура.</p>"
90000130,Ведущий разработчик Python,Более 6 лет,moreThan6,355000,555000,RUR,remote,"[""Linux"", ""Microservices"", ""Go"", ""Celery"", ""Kubernetes""]","<h3>О проекте:</h3><p>Мы разрабатываем высоконагруженную платформу автоматизации аналитики и бизнес-процессов.</p>
    <h3>Обязанности:</h3><ul><li>Разработка микросервисов на Go и фреймворке Flask.</li>
    <li>Проектирование архитектуры базы данных Redis и оптимизация сложных аналитических запросов.</li>
    <li>Контейнеризация и настройка пайплайнов деплоя с использованием Docker и Kubernetes.</li></ul>
    <h3>Требования:</h3><ul><li>Опыт работы с технологиями: Linux, Microservices, Go, Celery, Kubernetes.</li>
    <li>Понимание принципов чистого кода, SOLID и микросервисной архитектуры.</li>
    <li>Умение работать в Agile/Scrum команде.</li></ul>
    <h3>Мы предлагаем:</h3><ul><li>Конкурентная зарплата, гибкий график, ДМС и возможность удаленной работы.</li></ul>"
90000131,Удаленно: Стажер-разработчик Python,Нет опыта,noExperience,,,RUR,remote,"[""Git"", ""REST API"", ""Linux"", ""Python"", ""PostgreSQL""]","<p>В финтех направление открыта вакансия Удаленно: Стажер-разработчик Python.</p>
    <p><strong>Задачи:</strong></p><ul><li>Создание масштабируемых сервисов с низким latency.</li>
    <li>Интеграция с платежными шлюзами и внешними API.</li><li>Написание юнит и интеграционных тестов.</li></ul>
    <p><strong>Стек:</strong> Git, REST API, Linux, Python, PostgreSQL.</p>
    <p><strong>Условия:</strong> полностью белая зарплата, техника на выбор, дружная инженерная культура.</p>"
90000132,Ищем: Junior QA Automation (Python),От 1 года до 3 лет,between1And3,,,RUR,remote,"[""REST API"", ""Git"", ""Linux"", ""Microservices"", ""Django"", ""PostgreSQL""]","<p>В финтех направление открыта вакансия Ищем: Junior QA Automation (Python).</p>
    <p><strong>Задачи:</strong></p><ul><li>Создание масштабируемых сервисов с низким latency.</li>
    <li>Интеграция с платежными шлюзами и внешними API.</li><li>Написание юнит и интеграционных тестов.</li></ul>
    <p><strong>Стек:</strong> REST API, Git, Linux, Microservices, Django, PostgreSQL.</p>
    <p><strong>Условия:</strong> полностью белая зарплата, техника на выбор, дружная инженерная культура.</p>"
90000133,IT Компания: Junior Backend Engineer (FastAPI),От 1 года до 3 лет,between1And3,,,RUR,remote,"[""Git"", ""Celery"", ""Python"", ""Django"", ""ClickHouse""]","<p>В финтех направление открыта вакансия IT Компания: Junior Backend Engineer (FastAPI).</p>
    <p><strong>Задачи:</strong></p><ul><li>Создание масштабируемых сервисов с низким latency.</li>
    <li>Интеграция с платежными шлюзами и внешними API.</li><li>Написание юнит и интеграционных тестов.</li></ul>
    <p><strong>Стек:</strong> Git, Celery, Python, Django, ClickHouse.</p>
    <p><strong>Условия:</strong> полностью белая зарплата, техника на выбор, дружная инженерная культура.</p>"
90000134,"Backend Разработчик (Python, FastAPI, PostgreSQL)",От 1 года до 3 лет,between1And3,140000,225000,RUR,remote,"[""FastAPI"", ""Redis"", ""Go"", ""SQLAlchemy"", ""Celery"", ""PostgreSQL""]","<h3>О проекте:</h3><p>Мы разрабатываем высоконагруженную платформу автоматизации аналитики и бизнес-процессов.</p>
    <h3>Обязанности:</h3><ul><li>Разработка микросервисов на Go и фреймворке FastAPI.</li>
    <li>Проектирование архитектуры базы данных PostgreSQL и оптимизация сложных аналитических запросов.</li>
    <li>Контейнеризация и настройка пайплайнов деплоя с использованием Docker.</li></ul>
    <h3>Требования:</h3><ul><li>Опыт работы с технологиями: FastAPI, Redis, Go, SQLAlchemy, Celery, PostgreSQL.</li>
    <li>Понимание принципов чистого кода, SOLID и микросервисной архитектуры.</li>
    <li>Умение работать в Agile/Scrum команде.</li></ul>
    <h3>Мы предлагаем:</h3><ul><li>Конкурентная зарплата, гибкий график, ДМС и возможность удаленной работы.</li></ul>"
90000135,Senior Python Developer,Нет опыта,noExperience,270000,425000,RUR,fullDay,"[""Microservices"", ""Pytest"", ""Kubernetes"", ""CI/CD""]","<p>В финтех направление открыта вакансия Senior Python Developer.</p>
    <p><strong>Задачи:</strong></p><ul><li>Создание масштабируемых сервисов с низким latency.</li>
    <li>Интеграция с платежными шлюзами и внешними API.</li><li>Написание юнит и интеграционных тестов.</li></ul>
    <p><strong>Стек:</strong> Microservices, Pytest, Kubernetes, CI/CD.</p>
    <p><strong>Условия:</strong> полностью белая зарплата, техника на выбор, дружная инженерная культура.</p>"
90000136,Data Engineer,От 3 до 6 лет,between3And6,,,RUR,remote,"[""FastAPI"", ""CI/CD"", ""Python"", ""Kafka"", ""PostgreSQL""]","<h3>О проекте:</h3><p>Мы разрабатываем высоконагруженную платформу автоматизации аналитики и бизнес-процессов.</p>
    <h3>Обязанности:</h3><ul><li>Разработка микросервисов на Python и фреймворке FastAPI.</li>
    <li>Проектирование архитектуры базы данных PostgreSQL и оптимизация сложных аналитических запросов.</li>
    <li>Контейнеризация и настройка пайплайнов деплоя с использованием Docker.</li></ul>
    <h3>Требования:</h3><ul><li>Опыт работы с технологиями: FastAPI, CI/CD, Python, Kafka, PostgreSQL.</li>
    <li>Понимание принципов чистого кода, SOLID и микросервисной архитектуры.</li>
    <li>Умение работать в Agile/Scrum команде.</li></ul>
    <h3>Мы предлагаем:</h3><ul><li>Конкурентная зарплата, гибкий график, ДМС и возможность удаленной работы.</li></ul>"
90000137,Junior QA Automation (Python),От 1 года до 3 лет,between1And3,75000,,RUR,flexible,"[""Git"", ""FastAPI"", ""Pytest"", ""Go"", ""Django"", ""PostgreSQL""]","<p>В финтех направление открыта вакансия Junior QA Automation (Python).</p>
    <p><strong>Задачи:</strong></p><ul><li>Создание масштабируемых сервисов с низким latency.</li>
    <li>Интеграция с платежными шлюзами и внешними API.</li><li>Написание юнит и интеграционных тестов.</li></ul>
    <p><strong>Стек:</strong> Git, FastAPI, Pytest, Go, Django, PostgreSQL.</p>
    <p><strong>Условия:</strong> полностью белая зарплата, техника на выбор, дружная инженерная культура.</p>"
90000138,Разработчик Python,Более 6 лет,moreThan6,,,RUR,fullDay,"[""Linux"", ""CI/CD"", ""Go"", ""Python"", ""ClickHouse""]","<p>В финтех направление открыта вакансия Разработчик Python.</p>
    <p><strong>Задачи:</strong></p><ul><li>Создание масштабируемых сервисов с низким latency.</li>
    <li>Интеграция с платежными шлюзами и внешними API.</li><li>Написание юнит и интеграционных тестов.</li></ul>
    <p><strong>Стек:</strong> Linux, CI/CD, Go, Python, ClickHouse.</p>
    <p><strong>Условия:</strong> полностью белая зарплата, техника на выбор, дружная инженерная культура.</p>"
90000139,Middle Python Developer,От 1 года до 3 лет,between1And3,145000,230000,RUR,fullDay,"[""Git"", ""Python"", ""Asyncio"", ""ClickHouse"", ""PostgreSQL""]","<h3>О проекте:</h3><p>Мы разрабатываем высоконагруженную платформу автоматизации аналитики и бизнес-процессов.</p>
    <h3>Обязанности:</h3><ul><li>Разработка микросервисов на Python и фреймворке Flask.</li>
    <li>Проектирование архитектуры базы данных PostgreSQL и оптимизация сложных аналитических запросов.</li>
    <li>Контейнеризация и настройка пайплайнов деплоя с использованием Docker.</li></ul>
    <h3>Требования:</h3><ul><li>Опыт работы с технологиями: Git, Python, Asyncio, ClickHouse, PostgreSQL.</li>
    <li>Понимание принципов чистого кода, SOLID и микросервисной архитектуры.</li>
    <li>Умение работать в Agile/Scrum команде.</li></ul>
    <h3>Мы предлагаем:</h3><ul><li>Конкурентная зарплата, гибкий график, ДМС и возможность удаленной работы.</li></ul>"
90000140,IT Компания: Senior Golang Developer,От 3 до 6 лет,between3And6,340000,515000,RUR,remote,"[""Django"", ""Go"", ""Python"", ""Kafka"", ""PostgreSQL""]","<p>В финтех направление открыта вакансия IT Компания: Senior Golang Developer.</p>
    <p><strong>Задачи:</strong></p><ul><li>Создание масштабируемых сервисов с низким latency.</li>
    <li>Интеграция с платежными шлюзами и внешними API.</li><li>Написание юнит и интеграционных тестов.</li></ul>
    <p><strong>Стек:</strong> Django, Go, Python, Kafka, PostgreSQL.</p>
    <p><strong>Условия:</strong> полностью белая зарплата, техника на выбор, дружная инженерная культура.</p>"
90000141,Golang Developer (Middle),От 3 до 6 лет,between3And6,165000,250000,RUR,remote,"[""Git"", ""FastAPI"", ""Redis"", ""Go"", ""Python"", ""Asyncio""]","<h3>О проекте:</h3><p>Мы разрабатываем высоконагруженную платформу автоматизации аналитики и бизнес-процессов.</p>
    <h3>Обязанности:</h3><ul><li>Разработка микросервисов на Python и фреймворке FastAPI.</li>
    <li>Проектирование архитектуры базы данных Redis и оптимизация сложных аналитических запросов.</li>
    <li>Контейнеризация и настройка пайплайнов деплоя с использованием Docker.</li></ul>
    <h3>Требования:</h3><ul><li>Опыт работы с технологиями: Git, FastAPI, Redis, Go, Python, Asyncio.</li>
    <li>Понимание принципов чистого кода, SOLID и микросервисной архитектуры.</li>
    <li>Умение работать в Agile/Scrum команде.</li></ul>
    <h3>Мы предлагаем:</h3><ul><li>Конкурентная зарплата, гибкий график, ДМС и возможность удаленной работы.</li></ul>"
90000142,"IT Компания: Senior Backend Architect (Go, PostgreSQL, Kafka)",Более 6 лет,moreThan6,,,RUR,remote,"[""FastAPI"", ""Linux"", ""CI/CD"", ""Go"", ""Celery"", ""ClickHouse""]","<p>В финтех направление открыта вакансия IT Компания: Senior Backend Architect (Go, PostgreSQL, Kafka).</p>
    <p><strong>Задачи:</strong></p><ul><li>Создание масштабируемых сервисов с низким latency.</li>
    <li>Интеграция с платежными шлюзами и внешними API.</li><li>Написание юнит и интеграционных тестов.</li></ul>
    <p><strong>Стек:</strong> FastAPI, Linux, CI/CD, Go, Celery, ClickHouse.</p>
    <p><strong>Условия:</strong> полностью белая зарплата, техника на выбор, дружная инженерная культура.</p>"
90000143,Data Engineer,От 3 до 6 лет,between3And6,55000,90000,RUR,fullDay,"[""Git"", ""Django"", ""Linux"", ""Redis""]","<p>В финтех направление открыта вакансия Data Engineer.</p>
    <p><strong>Задачи:</strong></p><ul><li>Создание масштабируемых сервисов с низким latency.</li>
    <li>Интеграция с платежными шлюзами и внешними API.</li><li>Написание юнит и интеграционных тестов.</li></ul>
    <p><strong>Стек:</strong> Git, Django, Linux, Redis.</p>
    <p><strong>Условия:</strong> полностью белая зарплата, техника на выбор, дружная инженерная культура.</p>"
90000144,Инженер бэкенда,От 1 года до 3 лет,between1And3,145000,,RUR,remote,"[""FastAPI"", ""SQLAlchemy"", ""Docker"", ""Python"", ""PostgreSQL""]","<p>В финтех направление открыта вакансия Инженер бэкенда.</p>
    <p><strong>Задачи:</strong></p><ul><li>Создание масштабируемых сервисов с низким latency.</li>
    <li>Интеграция с платежными шлюзами и внешними API.</li><li>Написание юнит и интеграционных тестов.</li></ul>
    <p><strong>Стек:</strong> FastAPI, SQLAlchemy, Docker, Python, PostgreSQL.</p>
    <p><strong>Условия:</strong> полностью белая зарплата, техника на выбор, дружная инженерная культура.</p>"
90000145,IT Компания: Tech Lead (Python / FastAPI / Highload),Более 6 лет,moreThan6,410000,645000,RUR,remote,"[""FastAPI"", ""Microservices"", ""Django"", ""Kafka"", ""Kubernetes""]","<p>В финтех направление открыта вакансия IT Компания: Tech Lead (Python / FastAPI / Highload).</p>
    <p><strong>Задачи:</strong></p><ul><li>Создание масштабируемых сервисов с низким latency.</li>
    <li>Интеграция с платежными шлюзами и внешними API.</li><li>Написание юнит и интеграционных тестов.</li></ul>
    <p><strong>Стек:</strong> FastAPI, Microservices, Django, Kafka, Kubernetes.</p>
    <p><strong>Условия:</strong> полностью белая зарплата, техника на выбор, дружная инженерная культура.</p>"
90000146,Senior Golang Developer,От 3 до 6 лет,between3And6,295000,445000,RUR,flexible,"[""Microservices"", ""Kafka"", ""FastAPI"", ""PostgreSQL""]","<p>В финтех направление открыта вакансия Senior Golang Developer.</p>
    <p><strong>Задачи:</strong></p><ul><li>Создание масштабируемых сервисов с низким latency.</li>
    <li>Интеграция с платежными шлюзами и внешними API.</li><li>Написание юнит и интеграционных тестов.</li></ul>
    <p><strong>Стек:</strong> Microservices, Kafka, FastAPI, PostgreSQL.</p>
    <p><strong>Условия:</strong> полностью белая зарплата, техника на выбор, дружная инженерная культура.</p>"
90000147,Go Backend Developer,От 3 до 6 лет,between3And6,,485000,RUR,flexible,"[""Linux"", ""FastAPI"", ""CI/CD"", ""Celery"", ""Python"", ""Kafka"", ""ClickHouse""]","<h3>О проекте:</h3><p>Мы разрабатываем высоконагруженную платформу автоматизации аналитики и бизнес-процессов.</p>
    <h3>Обязанности:</h3><ul><li>Разработка микросервисов на Python и фреймворке FastAPI.</li>
    <li>Проектирование архитектуры базы данных Redis и оптимизация сложных аналитических запросов.</li>
    <li>Контейнеризация и настройка пайплайнов деплоя с использованием Docker.</li></ul>
    <h3>Требования:</h3><ul><li>Опыт работы с технологиями: Linux, FastAPI, CI/CD, Celery, Python, Kafka, ClickHouse.</li>
    <li>Понимание принципов чистого кода, SOLID и микросервисной архитектуры.</li>
    <li>Умение работать в Agile/Scrum команде.</li></ul>
    <h3>Мы предлагаем:</h3><ul><li>Конкурентная зарплата, гибкий график, ДМС и возможность удаленной работы.</li></ul>"
90000148,Удаленно: Junior QA Automation (Python),От 1 года до 3 лет,between1And3,70000,110000,RUR,remote,"[""Microservices"", ""Django"", ""Python"", ""Kubernetes""]","<h3>О проекте:</h3><p>Мы разрабатываем высоконагруженную платформу автоматизации аналитики и бизнес-процессов.</p>
    <h3>Обязанности:</h3><ul><li>Разработка микросервисов на Python и фреймворке Django.</li>
    <li>Проектирование архитектуры базы данных Redis и оптимизация сложных аналитических запросов.</li>
    <li>Контейнеризация и настройка пайплайнов деплоя с использованием Docker и Kubernetes.</li></ul>
    <h3>Требования:</h3><ul><li>Опыт работы с технологиями: Microservices, Django, Python, Kubernetes.</li>
    <li>Понимание принципов чистого кода, SOLID и микросервисной архитектуры.</li>
    <li>Умение работать в Agile/Scrum команде.</li></ul>
    <h3>Мы предлагаем:</h3><ul><li>Конкурентная зарплата, гибкий график, ДМС и возможность удаленной работы.</li></ul>"
90000149,Удаленно: Python Backend Engineer,От 1 года до 3 лет,between1And3,,260000,RUR,remote,"[""Kafka"", ""PostgreSQL"", ""FastAPI"", ""Django""]","<p>В финтех направление открыта вакансия Удаленно: Python Backend Engineer.</p>
    <p><strong>Задачи:</strong></p><ul><li>Создание масштабируемых сервисов с низким latency.</li>
    <li>Интеграция с платежными шлюзами и внешними API.</li><li>Написание юнит и интеграционных тестов.</li></ul>
    <p><strong>Стек:</strong> Kafka, PostgreSQL, FastAPI, Django.</p>
    <p><strong>Условия:</strong> полностью белая зарплата, техника на выбор, дружная инженерная культура.</p>"
90000150,Ищем: Junior DevOps Engineer,От 1 года до 3 лет,between1And3,75000,125000,RUR,fullDay,"[""Git"", ""Microservices"", ""Python"", ""Kubernetes"", ""PostgreSQL""]","<h3>О проекте:</h3><p>Мы разрабатываем высоконагруженную платформу автоматизации аналитики и бизнес-процессов.</p>
    <h3>Обязанности:</h3><ul><li>Разработка микросервисов на Python и фреймворке Flask.</li>
    <li>Проектирование архитектуры базы данных PostgreSQL и оптимизация сложных аналитических запросов.</li>
    <li>Контейнеризация и настройка пайплайнов деплоя с использованием Docker и Kubernetes.</li></ul>
    <h3>Требования:</h3><ul><li>Опыт работы с технологиями: Git, Microservices, Python, Kubernetes, PostgreSQL.</li>
    <li>Понимание принципов чистого кода, SOLID и микросервисной архитектуры.</li>
    <li>Умение работать в Agile/Scrum команде.</li></ul>
    <h3>Мы предлагаем:</h3><ul><li>Конкурентная зарплата, гибкий график, ДМС и возможность удаленной работы.</li></ul>"
90000151,Lead / Senior Backend Engineer (Go / Python),Более 6 лет,moreThan6,370000,580000,RUR,fullDay,"[""ClickHouse"", ""PostgreSQL"", ""RabbitMQ""]","<p>В финтех направление открыта вакансия Lead / Senior Backend Engineer (Go / Python).</p>
    <p><strong>Задачи:</strong></p><ul><li>Создание масштабируемых сервисов с низким latency.</li>
    <li>Интеграция с платежными шлюзами и внешними API.</li><li>Написание юнит и интеграционных тестов.</li></ul>
    <p><strong>Стек:</strong> ClickHouse, PostgreSQL, RabbitMQ.</p>
    <p><strong>Условия:</strong> полностью белая зарплата, техника на выбор, дружная инженерная культура.</p>"
90000152,Junior Python Developer,Нет опыта,noExperience,40000,,RUR,fullDay,"[""Git"", ""REST API"", ""Linux"", ""Microservices"", ""Python"", ""PostgreSQL""]","<p>В финтех направление открыта вакансия Junior Python Developer.</p>
    <p><strong>Задачи:</strong></p><ul><li>Создание масштабируемых сервисов с низким latency.</li>
    <li>Интеграция с платежными шлюзами и внешними API.</li><li>Написание юнит и интеграционных тестов.</li></ul>
    <p><strong>Стек:</strong> Git, REST API, Linux, Microservices, Python, PostgreSQL.</p>
    <p><strong>Условия:</strong> полностью белая зарплата, техника на выбор, дружная инженерная культура.</p>"
90000153,IT Компания: Tech Lead (Python / FastAPI / Highload),Более 6 лет,moreThan6,415000,650000,RUR,fullDay,"[""PostgreSQL"", ""Kubernetes"", ""FastAPI"", ""Linux""]","<p>В финтех направление открыта вакансия IT Компания: Tech Lead (Python / FastAPI / Highload).</p>
    <p><strong>Задачи:</strong></p><ul><li>Создание масштабируемых сервисов с низким latency.</li>
    <li>Интеграция с платежными шлюзами и внешними API.</li><li>Написание юнит и интеграционных тестов.</li></ul>
    <p><strong>Стек:</strong> PostgreSQL, Kubernetes, FastAPI, Linux.</p>
    <p><strong>Условия:</strong> полностью белая зарплата, техника на выбор, дружная инженерная культура.</p>"
90000154,Junior Backend Engineer (FastAPI),От 1 года до 3 лет,between1And3,75000,115000,RUR,remote,"[""Git"", ""Django"", ""PostgreSQL"", ""Linux""]","<p>В финтех направление открыта вакансия Junior Backend Engineer (FastAPI).</p>
    <p><strong>Задачи:</strong></p><ul><li>Создание масштабируемых сервисов с низким latency.</li>
    <li>Интеграция с платежными шлюзами и внешними API.</li><li>Написание юнит и интеграционных тестов.</li></ul>
    <p><strong>Стек:</strong> Git, Django, PostgreSQL, Linux.</p>
    <p><strong>Условия:</strong> полностью белая зарплата, техника на выбор, дружная инженерная культура.</p>"
90000155,Tech Lead (Python / FastAPI / Highload),Более 6 лет,moreThan6,320000,510000,RUR,fullDay,"[""FastAPI"", ""Microservices"", ""Python"", ""Kafka"", ""ClickHouse"", ""Kubernetes""]","<h3>О проекте:</h3><p>Мы разрабатываем высоконагруженную платформу автоматизации аналитики и бизнес-процессов.</p>
    <h3>Обязанности:</h3><ul><li>Разработка микросервисов на Python и фреймворке FastAPI.</li>
    <li>Проектирование архитектуры базы данных Redis и оптимизация сложных аналитических запросов.</li>
    <li>Контейнеризация и настройка пайплайнов деплоя с использованием Docker и Kubernetes.</li></ul>
    <h3>Требования:</h3><ul><li>Опыт работы с технологиями: FastAPI, Microservices, Python, Kafka, ClickHouse, Kubernetes.</li>
    <li>Понимание принципов чистого кода, SOLID и микросервисной архитектуры.</li>
    <li>Умение работать в Agile/Scrum команде.</li></ul>
    <h3>Мы предлагаем:</h3><ul><li>Конкурентная зарплата, гибкий график, ДМС и возможность удаленной работы.</li></ul>"
90000156,Middle Python Developer,От 1 года до 3 лет,between1And3,160000,250000,RUR,remote,"[""Git"", ""Linux"", ""Redis"", ""CI/CD"", ""Go"", ""Celery"", ""Python""]","<h3>О проекте:</h3><p>Мы разрабатываем высоконагруженную платформу автоматизации аналитики и бизнес-процессов.</p>
    <h3>Обязанности:</h3><ul><li>Разработка микросервисов на Go и фреймворке Flask.</li>
    <li>Проектирование архитектуры базы данных Redis и оптимизация сложных аналитических запросов.</li>
    <li>Контейнеризация и настройка пайплайнов деплоя с использованием Docker.</li></ul>
    <h3>Требования:</h3><ul><li>Опыт работы с технологиями: Git, Linux, Redis, CI/CD, Go, Celery, Python.</li>
    <li>Понимание принципов чистого кода, SOLID и микросервисной архитектуры.</li>
    <li>Умение работать в Agile/Scrum команде.</li></ul>
    <h3>Мы предлагаем:</h3><ul><li>Конкурентная зарплата, гибкий график, ДМС и возможность удаленной работы.</li></ul>"
90000157,"Senior Backend Architect (Go, PostgreSQL, Kafka)",Более 6 лет,moreThan6,345000,510000,RUR,flexible,"[""Kafka"", ""Kubernetes"", ""Pytest"", ""ClickHouse""]","<h3>О проекте:</h3><p>Мы разрабатываем высоконагруженную платформу автоматизации аналитики и бизнес-процессов.</p>
    <h3>Обязанности:</h3><ul><li>Разработка микросервисов на Python и фреймворке Flask.</li>
    <li>Проектирование архитектуры базы данных Redis и оптимизация сложных аналитических запросов.</li>
    <li>Контейнеризация и настройка пайплайнов деплоя с использованием Docker и Kubernetes.</li></ul>
    <h3>Требования:</h3><ul><li>Опыт работы с технологиями: Kafka, Kubernetes, Pytest, ClickHouse.</li>
    <li>Понимание принципов чистого кода, SOLID и микросервисной архитектуры.</li>
    <li>Умение работать в Agile/Scrum команде.</li></ul>
    <h3>Мы предлагаем:</h3><ul><li>Конкурентная зарплата, гибкий график, ДМС и возможность удаленной работы.</li></ul>"
90000158,Junior DevOps Engineer,От 1 года до 3 лет,between1And3,75000,125000,RUR,remote,"[""Git"", ""Linux"", ""Redis""]","<h3>О проекте:</h3><p>Мы разрабатываем высоконагруженную платформу автоматизации аналитики и бизнес-процессов.</p>
    <h3>Обязанности:</h3><ul><li>Разработка микросервисов на Python и фреймворке Flask.</li>
    <li>Проектирование архитектуры базы данных Redis и оптимизация сложных аналитических запросов.</li>
    <li>Контейнеризация и настройка пайплайнов деплоя с использованием Docker.</li></ul>
    <h3>Требования:</h3><ul><li>Опыт работы с технологиями: Git, Linux, Redis.</li>
    <li>Понимание принципов чистого кода, SOLID и микросервисной архитектуры.</li>
    <li>Умение работать в Agile/Scrum команде.</li></ul>
    <h3>Мы предлагаем:</h3><ul><li>Конкурентная зарплата, гибкий график, ДМС и возможность удаленной работы.</li></ul>"
90000159,Ведущий разработчик Python,Более 6 лет,moreThan6,330000,515000,RUR,fullDay,"[""Redis"", ""Microservices"", ""CI/CD"", ""Go"", ""Asyncio"", ""Kafka"", ""PostgreSQL""]","<p>В финтех направление открыта вакансия Ведущий разработчик Python.</p>
    <p><strong>Задачи:</strong></p><ul><li>Создание масштабируемых сервисов с низким latency.</li>
    <li>Интеграция с платежными шлюзами и внешними API.</li><li>Написание юнит и интеграционных тестов.</li></ul>
    <p><strong>Стек:</strong> Redis, Microservices, CI/CD, Go, Asyncio, Kafka, PostgreSQL.</p>
    <p><strong>Условия:</strong> полностью белая зарплата, техника на выбор, дружная инженерная культура.</p>"
90000160,Senior Golang Developer,От 3 до 6 лет,between3And6,,,RUR,flexible,"[""REST API"", ""Linux"", ""CI/CD"", ""Go"", ""Kafka"", ""PostgreSQL""]","<p>В финтех направление открыта вакансия Senior Golang Developer.</p>
    <p><strong>Задачи:</strong></p><ul><li>Создание масштабируемых сервисов с низким latency.</li>
    <li>Интеграция с платежными шлюзами и внешними API.</li><li>Написание юнит и интеграционных тестов.</li></ul>
    <p><strong>Стек:</strong> REST API, Linux, CI/CD, Go, Kafka, PostgreSQL.</p>
    <p><strong>Условия:</strong> полностью белая зарплата, техника на выбор, дружная инженерная культура.</p>"
90000161,Ищем: Golang Developer (Middle),От 3 до 6 лет,between3And6,,265000,RUR,remote,"[""Python"", ""PostgreSQL"", ""FastAPI"", ""CI/CD""]","<p>В финтех направление открыта вакансия Ищем: Golang Developer (Middle).</p>
    <p><strong>Задачи:</strong></p><ul><li>Создание масштабируемых сервисов с низким latency.</li>
    <li>Интеграция с платежными шлюзами и внешними API.</li><li>Написание юнит и интеграционных тестов.</li></ul>
    <p><strong>Стек:</strong> Python, PostgreSQL, FastAPI, CI/CD.</p>
    <p><strong>Условия:</strong> полностью белая зарплата, техника на выбор, дружная инженерная культура.</p>"
90000162,Junior DevOps Engineer,От 1 года до 3 лет,between1And3,80000,,RUR,remote,"[""Git"", ""REST API"", ""Django"", ""Python"", ""Kafka"", ""RabbitMQ"", ""Kubernetes""]","<h3>О проекте:</h3><p>Мы разрабатываем высоконагруженную платформу автоматизации аналитики и бизнес-процессов.</p>
    <h3>Обязанности:</h3><ul><li>Разработка микросервисов на Python и фреймворке Django.</li>
    <li>Проектирование архитектуры базы данных Redis и оптимизация сложных аналитических запросов.</li>
    <li>Контейнеризация и настройка пайплайнов деплоя с использованием Docker и Kubernetes.</li></ul>
    <h3>Требования:</h3><ul><li>Опыт работы с технологиями: Git, REST API, Django, Python, Kafka, RabbitMQ, Kubernetes.</li>
    <li>Понимание принципов чистого кода, SOLID и микросервисной архитектуры.</li>
    <li>Умение работать в Agile/Scrum команде.</li></ul>
    <h3>Мы предлагаем:</h3><ul><li>Конкурентная зарплата, гибкий график, ДМС и возможность удаленной работы.</li></ul>"
90000163,Backend Engineer,От 1 года до 3 лет,between1And3,295000,,RUR,remote,"[""FastAPI"", ""Microservices"", ""Go"", ""ClickHouse"", ""PostgreSQL""]","<p>В финтех направление открыта вакансия Backend Engineer.</p>
    <p><strong>Задачи:</strong></p><ul><li>Создание масштабируемых сервисов с низким latency.</li>
    <li>Интеграция с платежными шлюзами и внешними API.</li><li>Написание юнит и интеграционных тестов.</li></ul>
    <p><strong>Стек:</strong> FastAPI, Microservices, Go, ClickHouse, PostgreSQL.</p>
    <p><strong>Условия:</strong> полностью белая зарплата, техника на выбор, дружная инженерная культура.</p>"
90000164,"Backend Разработчик (Python, FastAPI, PostgreSQL)",От 1 года до 3 лет,between1And3,,265000,RUR,fullDay,"[""Go"", ""SQLAlchemy"", ""Redis"", ""Docker""]","<p>В финтех направление открыта вакансия Backend Разработчик (Python, FastAPI, PostgreSQL).</p>
    <p><strong>Задачи:</strong></p><ul><li>Создание масштабируемых сервисов с низким latency.</li>
    <li>Интеграция с платежными шлюзами и внешними API.</li><li>Написание юнит и интеграционных тестов.</li></ul>
    <p><strong>Стек:</strong> Go, SQLAlchemy, Redis, Docker.</p>
    <p><strong>Условия:</strong> полностью белая зарплата, техника на выбор, дружная инженерная культура.</p>"
90000165,Junior DevOps Engineer,От 1 года до 3 лет,between1And3,,,RUR,fullDay,"[""Git"", ""REST API"", ""Linux"", ""Celery"", ""Python"", ""PostgreSQL""]","<p>В финтех направление открыта вакансия Junior DevOps Engineer.</p>
    <p><strong>Задачи:</strong></p><ul><li>Создание масштабируемых сервисов с низким latency.</li>
    <li>Интеграция с платежными шлюзами и внешними API.</li><li>Написание юнит и интеграционных тестов.</li></ul>
    <p><strong>Стек:</strong> Git, REST API, Linux, Celery, Python, PostgreSQL.</p>
    <p><strong>Условия:</strong> полностью белая зарплата, техника на выбор, дружная инженерная культура.</p>"
90000166,Ведущий разработчик Python,Более 6 лет,moreThan6,305000,475000,RUR,remote,"[""Microservices"", ""REST API"", ""Kafka"", ""Go""]","<h3>О проекте:</h3><p>Мы разрабатываем высоконагруженную платформу автоматизации аналитики и бизнес-процессов.</p>
    <h3>Обязанности:</h3><ul><li>Разработка микросервисов на Go и фреймворке Flask.</li>
    <li>Проектирование архитектуры базы данных Redis и оптимизация сложных аналитических запросов.</li>
    <li>Контейнеризация и настройка пайплайнов деплоя с использованием Docker.</li></ul>
    <h3>Требования:</h3><ul><li>Опыт работы с технологиями: Microservices, REST API, Kafka, Go.</li>
    <li>Понимание принципов чистого кода, SOLID и микросервисной архитектуры.</li>
    <li>Умение работать в Agile/Scrum команде.</li></ul>
    <h3>Мы предлагаем:</h3><ul><li>Конкурентная зарплата, гибкий график, ДМС и возможность удаленной работы.</li></ul>"
90000167,Senior Python Developer,От 3 до 6 лет,between3And6,,,RUR,fullDay,"[""FastAPI"", ""Microservices"", ""CI/CD"", ""Python"", ""Kafka"", ""Kubernetes""]","<h3>О проекте:</h3><p>Мы разрабатываем высоконагруженную платформу автоматизации аналитики и бизнес-процессов.</p>
    <h3>Обязанности:</h3><ul><li>Разработка микросервисов на Python и фреймворке FastAPI.</li>
    <li>Проектирование архитектуры базы данных Redis и оптимизация сложных аналитических запросов.</li>
    <li>Контейнеризация и настройка пайплайнов деплоя с использованием Docker и Kubernetes.</li></ul>
    <h3>Требования:</h3><ul><li>Опыт работы с технологиями: FastAPI, Microservices, CI/CD, Python, Kafka, Kubernetes.</li>
    <li>Понимание принципов чистого кода, SOLID и микросервисной архитектуры.</li>
    <li>Умение работать в Agile/Scrum команде.</li></ul>
    <h3>Мы предлагаем:</h3><ul><li>Конкурентная зарплата, гибкий график, ДМС и возможность удаленной работы.</li></ul>"
90000168,Удаленно: Junior Python Developer,Нет опыта,noExperience,50000,90000,RUR,fullDay,"[""REST API"", ""Git"", ""Linux"", ""FastAPI"", ""Microservices"", ""Python"", ""Django""]","<h3>О проекте:</h3><p>Мы разрабатываем высоконагруженную платформу автоматизации аналитики и бизнес-процессов.</p>
    <h3>Обязанности:</h3><ul><li>Разработка микросервисов на Python и фреймворке FastAPI.</li>
    <li>Проектирование архитектуры базы данных Redis и оптимизация сложных аналитических запросов.</li>
    <li>Контейнеризация и настройка пайплайнов деплоя с использованием Docker.</li></ul>
    <h3>Требования:</h3><ul><li>Опыт работы с технологиями: REST API, Git, Linux, FastAPI, Microservices, Python, Django.</li>
    <li>Понимание принципов чистого кода, SOLID и микросервисной архитектуры.</li>
    <li>Умение работать в Agile/Scrum команде.</li></ul>
    <h3>Мы предлагаем:</h3><ul><li>Конкурентная зарплата, гибкий график, ДМС и возможность удаленной работы.</li></ul>"
90000169,Ищем: Младший программист Python / Django,От 1 года до 3 лет,between1And3,65000,105000,RUR,remote,"[""Git"", ""CI/CD"", ""PostgreSQL"", ""Python""]","<h3>О проекте:</h3><p>Мы разрабатываем высоконагруженную платформу автоматизации аналитики и бизнес-процессов.</p>
    <h3>Обязанности:</h3><ul><li>Разработка микросервисов на Python и фреймворке Flask.</li>
    <li>Проектирование архитектуры базы данных PostgreSQL и оптимизация сложных аналитических запросов.</li>
    <li>Контейнеризация и настройка пайплайнов деплоя с использованием Docker.</li></ul>
    <h3>Требования:</h3><ul><li>Опыт работы с технологиями: Git, CI/CD, PostgreSQL, Python.</li>
    <li>Понимание принципов чистого кода, SOLID и микросервисной архитектуры.</li>
    <li>Умение работать в Agile/Scrum команде.</li></ul>
    <h3>Мы предлагаем:</h3><ul><li>Конкурентная зарплата, гибкий график, ДМС и возможность удаленной работы.</li></ul>"
90000170,DevOps Engineer,От 1 года до 3 лет,between1And3,,,RUR,remote,"[""FastAPI"", ""Redis"", ""SQLAlchemy"", ""Python"", ""PostgreSQL""]","<p>В финтех направление открыта вакансия DevOps Engineer.</p>
    <p><strong>Задачи:</strong></p><ul><li>Создание масштабируемых сервисов с низким latency.</li>
    <li>Интеграция с платежными шлюзами и внешними API.</li><li>Написание юнит и интеграционных тестов.</li></ul>
    <p><strong>Стек:</strong> FastAPI, Redis, SQLAlchemy, Python, PostgreSQL.</p>
    <p><strong>Условия:</strong> полностью белая зарплата, техника на выбор, дружная инженерная культура.</p>"
90000171,"Удаленно: Middle DevOps Engineer (Docker, K8s)",От 3 до 6 лет,between3And6,195000,305000,RUR,remote,"[""SQLAlchemy"", ""PostgreSQL"", ""Redis"", ""ClickHouse""]","<h3>О проекте:</h3><p>Мы разрабатываем высоконагруженную платформу автоматизации аналитики и бизнес-процессов.</p>
    <h3>Обязанности:</h3><ul><li>Разработка микросервисов на Python и фреймворке Flask.</li>
    <li>Проектирование архитектуры базы данных PostgreSQL и оптимизация сложных аналитических запросов.</li>
    <li>Контейнеризация и настройка пайплайнов деплоя с использованием Docker.</li></ul>
    <h3>Требования:</h3><ul><li>Опыт работы с технологиями: SQLAlchemy, PostgreSQL, Redis, ClickHouse.</li>
    <li>Понимание принципов чистого кода, SOLID и микросервисной архитектуры.</li>
    <li>Умение работать в Agile/Scrum команде.</li></ul>
    <h3>Мы предлагаем:</h3><ul><li>Конкурентная зарплата, гибкий график, ДМС и возможность удаленной работы.</li></ul>"
90000172,Software Engineer,От 1 года до 3 лет,between1And3,,,RUR,remote,"[""Git"", ""Django"", ""Linux"", ""Python""]","<h3>О проекте:</h3><p>Мы разрабатываем высоконагруженную платформу автоматизации аналитики и бизнес-процессов.</p>
    <h3>Обязанности:</h3><ul><li>Разработка микросервисов на Python и фреймворке Django.</li>
    <li>Проектирование архитектуры базы данных Redis и оптимизация сложных аналитических запросов.</li>
    <li>Контейнеризация и настройка пайплайнов деплоя с использованием Docker.</li></ul>
    <h3>Требования:</h3><ul><li>Опыт работы с технологиями: Git, Django, Linux, Python.</li>
    <li>Понимание принципов чистого кода, SOLID и микросервисной архитектуры.</li>
    <li>Умение работать в Agile/Scrum команде.</li></ul>
    <h3>Мы предлагаем:</h3><ul><li>Конкурентная зарплата, гибкий график, ДМС и возможность удаленной работы.</li></ul>"
90000173,"Удаленно: Middle DevOps Engineer (Docker, K8s)",От 3 до 6 лет,between3And6,,,RUR,fullDay,"[""CI/CD"", ""Go"", ""Docker"", ""Python""]","<p>В финтех направление открыта вакансия Удаленно: Middle DevOps Engineer (Docker, K8s).</p>
    <p><strong>Задачи:</strong></p><ul><li>Создание масштабируемых сервисов с низким latency.</li>
    <li>Интеграция с платежными шлюзами и внешними API.</li><li>Написание юнит и интеграционных тестов.</li></ul>
    <p><strong>Стек:</strong> CI/CD, Go, Docker, Python.</p>
    <p><strong>Условия:</strong> полностью белая зарплата, техника на выбор, дружная инженерная культура.</p>"
90000174,Golang Developer (Middle),От 1 года до 3 лет,between1And3,205000,310000,RUR,remote,"[""FastAPI"", ""Go"", ""Docker"", ""RabbitMQ""]","<p>В финтех направление открыта вакансия Golang Developer (Middle).</p>
    <p><strong>Задачи:</strong></p><ul><li>Создание масштабируемых сервисов с низким latency.</li>
    <li>Интеграция с платежными шлюзами и внешними API.</li><li>Написание юнит и интеграционных тестов.</li></ul>
    <p><strong>Стек:</strong> FastAPI, Go, Docker, RabbitMQ.</p>
    <p><strong>Условия:</strong> полностью белая зарплата, техника на выбор, дружная инженерная культура.</p>"
90000175,Senior Data Engineer / Architect,Более 6 лет,moreThan6,340000,,RUR,remote,"[""FastAPI"", ""Microservices"", ""Docker"", ""Python"", ""Kubernetes"", ""ClickHouse""]","<p>В финтех направление открыта вакансия Senior Data Engineer / Architect.</p>
    <p><strong>Задачи:</strong></p><ul><li>Создание масштабируемых сервисов с низким latency.</li>
    <li>Интеграция с платежными шлюзами и внешними API.</li><li>Написание юнит и интеграционных тестов.</li></ul>
    <p><strong>Стек:</strong> FastAPI, Microservices, Docker, Python, Kubernetes, ClickHouse.</p>
    <p><strong>Условия:</strong> полностью белая зарплата, техника на выбор, дружная инженерная культура.</p>"
90000176,Удаленно: Ведущий разработчик Python,Более 6 лет,moreThan6,305000,470000,RUR,fullDay,"[""FastAPI"", ""Linux"", ""Docker"", ""SQLAlchemy"", ""Django"", ""ClickHouse"", ""PostgreSQL""]","<p>В финтех направление открыта вакансия Удаленно: Ведущий разработчик Python.</p>
    <p><strong>Задачи:</strong></p><ul><li>Создание масштабируемых сервисов с низким latency.</li>
    <li>Интеграция с платежными шлюзами и внешними API.</li><li>Написание юнит и интеграционных тестов.</li></ul>
    <p><strong>Стек:</strong> FastAPI, Linux, Docker, SQLAlchemy, Django, ClickHouse, PostgreSQL.</p>
    <p><strong>Условия:</strong> полностью белая зарплата, техника на выбор, дружная инженерная культура.</p>"
90000177,Удаленно: Python Backend Engineer,От 1 года до 3 лет,between1And3,,,RUR,fullDay,"[""FastAPI"", ""Docker"", ""Django"", ""PostgreSQL"", ""RabbitMQ""]","<h3>О проекте:</h3><p>Мы разрабатываем высоконагруженную платформу автоматизации аналитики и бизнес-процессов.</p>
    <h3>Обязанности:</h3><ul><li>Разработка микросервисов на Python и фреймворке FastAPI.</li>
    <li>Проектирование архитектуры базы данных PostgreSQL и оптимизация сложных аналитических запросов.</li>
    <li>Контейнеризация и настройка пайплайнов деплоя с использованием Docker.</li></ul>
    <h3>Требования:</h3><ul><li>Опыт работы с технологиями: FastAPI, Docker, Django, PostgreSQL, RabbitMQ.</li>
    <li>Понимание принципов чистого кода, SOLID и микросервисной архитектуры.</li>
    <li>Умение работать в Agile/Scrum команде.</li></ul>
    <h3>Мы предлагаем:</h3><ul><li>Конкурентная зарплата, гибкий график, ДМС и возможность удаленной работы.</li></ul>"
90000178,Удаленно: Lead / Senior Backend Engineer (Go / Python),Более 6 лет,moreThan6,305000,,RUR,remote,"[""FastAPI"", ""Python"", ""Kubernetes"", ""ClickHouse"", ""PostgreSQL""]","<h3>О проекте:</h3><p>Мы разрабатываем высоконагруженную платформу автоматизации аналитики и бизнес-процессов.</p>
    <h3>Обязанности:</h3><ul><li>Разработка микросервисов на Python и фреймворке FastAPI.</li>
    <li>Проектирование архитектуры базы данных PostgreSQL и оптимизация сложных аналитических запросов.</li>
    <li>Контейнеризация и настройка пайплайнов деплоя с использованием Docker и Kubernetes.</li></ul>
    <h3>Требования:</h3><ul><li>Опыт работы с технологиями: FastAPI, Python, Kubernetes, ClickHouse, PostgreSQL.</li>
    <li>Понимание принципов чистого кода, SOLID и микросервисной архитектуры.</li>
    <li>Умение работать в Agile/Scrum команде.</li></ul>
    <h3>Мы предлагаем:</h3><ul><li>Конкурентная зарплата, гибкий график, ДМС и возможность удаленной работы.</li></ul>"
90000179,IT Компания: Middle Data Engineer,От 3 до 6 лет,between3And6,,,RUR,flexible,"[""Go"", ""SQLAlchemy"", ""Docker"", ""Python"", ""Asyncio"", ""PostgreSQL""]","<h3>О проекте:</h3><p>Мы разрабатываем высоконагруженную платформу автоматизации аналитики и бизнес-процессов.</p>
    <h3>Обязанности:</h3><ul><li>Разработка микросервисов на Python и фреймворке Flask.</li>
    <li>Проектирование архитектуры базы данных PostgreSQL и оптимизация сложных аналитических запросов.</li>
    <li>Контейнеризация и настройка пайплайнов деплоя с использованием Docker.</li></ul>
    <h3>Требования:</h3><ul><li>Опыт работы с технологиями: Go, SQLAlchemy, Docker, Python, Asyncio, PostgreSQL.</li>
    <li>Понимание принципов чистого кода, SOLID и микросервисной архитектуры.</li>
    <li>Умение работать в Agile/Scrum команде.</li></ul>
    <h3>Мы предлагаем:</h3><ul><li>Конкурентная зарплата, гибкий график, ДМС и возможность удаленной работы.</li></ul>"
90000180,Младший программист Python / Django,От 1 года до 3 лет,between1And3,65000,105000,RUR,fullDay,"[""Git"", ""FastAPI"", ""Linux""]","<p>В финтех направление открыта вакансия Младший программист Python / Django.</p>
    <p><strong>Задачи:</strong></p><ul><li>Создание масштабируемых сервисов с низким latency.</li>
    <li>Интеграция с платежными шлюзами и внешними API.</li><li>Написание юнит и интеграционных тестов.</li></ul>
    <p><strong>Стек:</strong> Git, FastAPI, Linux.</p>
    <p><strong>Условия:</strong> полностью белая зарплата, техника на выбор, дружная инженерная культура.</p>"
90000181,Junior Backend Engineer (FastAPI),Более 6 лет,moreThan6,70000,,RUR,fullDay,"[""Git"", ""REST API"", ""Go"", ""Docker"", ""Django"", ""PostgreSQL""]","<h3>О проекте:</h3><p>Мы разрабатываем высоконагруженную платформу автоматизации аналитики и бизнес-процессов.</p>
    <h3>Обязанности:</h3><ul><li>Разработка микросервисов на Go и фреймворке Django.</li>
    <li>Проектирование архитектуры базы данных PostgreSQL и оптимизация сложных аналитических запросов.</li>
    <li>Контейнеризация и настройка пайплайнов деплоя с использованием Docker.</li></ul>
    <h3>Требования:</h3><ul><li>Опыт работы с технологиями: Git, REST API, Go, Docker, Django, PostgreSQL.</li>
    <li>Понимание принципов чистого кода, SOLID и микросервисной архитектуры.</li>
    <li>Умение работать в Agile/Scrum команде.</li></ul>
    <h3>Мы предлагаем:</h3><ul><li>Конкурентная зарплата, гибкий график, ДМС и возможность удаленной работы.</li></ul>"
90000182,Удаленно: Senior Data Engineer / Architect,Более 6 лет,moreThan6,265000,420000,RUR,fullDay,"[""REST API"", ""Linux"", ""CI/CD"", ""Python"", ""Asyncio""]","<p>В финтех направление открыта вакансия Удаленно: Senior Data Engineer / Architect.</p>
    <p><strong>Задачи:</strong></p><ul><li>Создание масштабируемых сервисов с низким latency.</li>
    <li>Интеграция с платежными шлюзами и внешними API.</li><li>Написание юнит и интеграционных тестов.</li></ul>
    <p><strong>Стек:</strong> REST API, Linux, CI/CD, Python, Asyncio.</p>
    <p><strong>Условия:</strong> полностью белая зарплата, техника на выбор, дружная инженерная культура.</p>"
90000183,Ищем: Middle Data Engineer,От 3 до 6 лет,between3And6,,,RUR,remote,"[""Git"", ""Microservices"", ""Python"", ""Asyncio""]","<h3>О проекте:</h3><p>Мы разрабатываем высоконагруженную платформу автоматизации аналитики и бизнес-процессов.</p>
    <h3>Обязанности:</h3><ul><li>Разработка микросервисов на Python и фреймворке Flask.</li>
    <li>Проектирование архитектуры базы данных Redis и оптимизация сложных аналитических запросов.</li>
    <li>Контейнеризация и настройка пайплайнов деплоя с использованием Docker.</li></ul>
    <h3>Требования:</h3><ul><li>Опыт работы с технологиями: Git, Microservices, Python, Asyncio.</li>
    <li>Понимание принципов чистого кода, SOLID и микросервисной архитектуры.</li>
    <li>Умение работать в Agile/Scrum команде.</li></ul>
    <h3>Мы предлагаем:</h3><ul><li>Конкурентная зарплата, гибкий график, ДМС и возможность удаленной работы.</li></ul>"
90000184,Trainee / Junior Data Engineer,Нет опыта,noExperience,60000,95000,RUR,flexible,"[""Git"", ""REST API"", ""Asyncio"", ""Django"", ""ClickHouse"", ""PostgreSQL""]","<h3>О проекте:</h3><p>Мы разрабатываем высоконагруженную платформу автоматизации аналитики и бизнес-процессов.</p>
    <h3>Обязанности:</h3><ul><li>Разработка микросервисов на Python и фреймворке Django.</li>
    <li>Проектирование архитектуры базы данных PostgreSQL и оптимизация сложных аналитических запросов.</li>
    <li>Контейнеризация и настройка пайплайнов деплоя с использованием Docker.</li></ul>
    <h3>Требования:</h3><ul><li>Опыт работы с технологиями: Git, REST API, Asyncio, Django, ClickHouse, PostgreSQL.</li>
    <li>Понимание принципов чистого кода, SOLID и микросервисной архитектуры.</li>
    <li>Умение работать в Agile/Scrum команде.</li></ul>
    <h3>Мы предлагаем:</h3><ul><li>Конкурентная зарплата, гибкий график, ДМС и возможность удаленной работы.</li></ul>"
90000185,Удаленно: Ведущий разработчик Python,Более 6 лет,moreThan6,265000,415000,RUR,remote,"[""Microservices"", ""Kubernetes"", ""Go"", ""Python""]","<h3>О проекте:</h3><p>Мы разрабатываем высоконагруженную платформу автоматизации аналитики и бизнес-процессов.</p>
    <h3>Обязанности:</h3><ul><li>Разработка микросервисов на Go и фреймворке Flask.</li>
    <li>Проектирование архитектуры базы данных Redis и оптимизация сложных аналитических запросов.</li>
    <li>Контейнеризация и настройка пайплайнов деплоя с использованием Docker и Kubernetes.</li></ul>
    <h3>Требования:</h3><ul><li>Опыт работы с технологиями: Microservices, Kubernetes, Go, Python.</li>
    <li>Понимание принципов чистого кода, SOLID и микросервисной архитектуры.</li>
    <li>Умение работать в Agile/Scrum команде.</li></ul>
    <h3>Мы предлагаем:</h3><ul><li>Конкурентная зарплата, гибкий график, ДМС и возможность удаленной работы.</li></ul>"
90000186,Data Engineer,От 3 до 6 лет,between3And6,,,RUR,fullDay,"[""FastAPI"", ""Microservices"", ""Docker"", ""Python"", ""PostgreSQL""]","<p>В финтех направление открыта вакансия Data Engineer.</p>
    <p><strong>Задачи:</strong></p><ul><li>Создание масштабируемых сервисов с низким latency.</li>
    <li>Интеграция с платежными шлюзами и внешними API.</li><li>Написание юнит и интеграционных тестов.</li></ul>
    <p><strong>Стек:</strong> FastAPI, Microservices, Docker, Python, PostgreSQL.</p>
    <p><strong>Условия:</strong> полностью белая зарплата, техника на выбор, дружная инженерная культура.</p>"
90000187,Удаленно: Junior Go / Golang Developer,Нет опыта,noExperience,55000,95000,RUR,fullDay,"[""Git"", ""REST API"", ""Linux"", ""Django"", ""ClickHouse"", ""PostgreSQL""]","<h3>О проекте:</h3><p>Мы разрабатываем высоконагруженную платформу автоматизации аналитики и бизнес-процессов.</p>
    <h3>Обязанности:</h3><ul><li>Разработка микросервисов на Python и фреймворке Django.</li>
    <li>Проектирование архитектуры базы данных PostgreSQL и оптимизация сложных аналитических запросов.</li>
    <li>Контейнеризация и настройка пайплайнов деплоя с использованием Docker.</li></ul>
    <h3>Требования:</h3><ul><li>Опыт работы с технологиями: Git, REST API, Linux, Django, ClickHouse, PostgreSQL.</li>
    <li>Понимание принципов чистого кода, SOLID и микросервисной архитектуры.</li>
    <li>Умение работать в Agile/Scrum команде.</li></ul>
    <h3>Мы предлагаем:</h3><ul><li>Конкурентная зарплата, гибкий график, ДМС и возможность удаленной работы.</li></ul>"
90000188,Удаленно: Fullstack Developer (Python / Vue.js),От 1 года до 3 лет,between1And3,,,RUR,remote,"[""Git"", ""SQLAlchemy"", ""Python"", ""Asyncio"", ""ClickHouse"", ""PostgreSQL""]","<h3>О проекте:</h3><p>Мы разрабатываем высоконагруженную платформу автоматизации аналитики и бизнес-процессов.</p>
    <h3>Обязанности:</h3><ul><li>Разработка микросервисов на Python и фреймворке Flask.</li>
    <li>Проектирование архитектуры базы данных PostgreSQL и оптимизация сложных аналитических запросов.</li>
    <li>Контейнеризация и настройка пайплайнов деплоя с использованием Docker.</li></ul>
    <h3>Требования:</h3><ul><li>Опыт работы с технологиями: Git, SQLAlchemy, Python, Asyncio, ClickHouse, PostgreSQL.</li>
    <li>Понимание принципов чистого кода, SOLID и микросервисной архитектуры.</li>
    <li>Умение работать в Agile/Scrum команде.</li></ul>
    <h3>Мы предлагаем:</h3><ul><li>Конкурентная зарплата, гибкий график, ДМС и возможность удаленной работы.</li></ul>"
90000189,Middle Go Engineer (Микросервисы),От 3 до 6 лет,between3And6,,265000,RUR,fullDay,"[""FastAPI"", ""PostgreSQL"", ""SQLAlchemy"", ""Python""]","<p>В финтех направление открыта вакансия Middle Go Engineer (Микросервисы).</p>
    <p><strong>Задачи:</strong></p><ul><li>Создание масштабируемых сервисов с низким latency.</li>
    <li>Интеграция с платежными шлюзами и внешними API.</li><li>Написание юнит и интеграционных тестов.</li></ul>
    <p><strong>Стек:</strong> FastAPI, PostgreSQL, SQLAlchemy, Python.</p>
    <p><strong>Условия:</strong> полностью белая зарплата, техника на выбор, дружная инженерная культура.</p>"
90000190,Middle Python Developer,Более 6 лет,moreThan6,170000,270000,RUR,remote,"[""Git"", ""FastAPI"", ""CI/CD"", ""Go"", ""SQLAlchemy"", ""Asyncio""]","<h3>О проекте:</h3><p>Мы разрабатываем высоконагруженную платформу автоматизации аналитики и бизнес-процессов.</p>
    <h3>Обязанности:</h3><ul><li>Разработка микросервисов на Python и фреймворке FastAPI.</li>
    <li>Проектирование архитектуры базы данных Redis и оптимизация сложных аналитических запросов.</li>
    <li>Контейнеризация и настройка пайплайнов деплоя с использованием Docker.</li></ul>
    <h3>Требования:</h3><ul><li>Опыт работы с технологиями: Git, FastAPI, CI/CD, Go, SQLAlchemy, Asyncio.</li>
    <li>Понимание принципов чистого кода, SOLID и микросервисной архитектуры.</li>
    <li>Умение работать в Agile/Scrum команде.</li></ul>
    <h3>Мы предлагаем:</h3><ul><li>Конкурентная зарплата, гибкий график, ДМС и возможность удаленной работы.</li></ul>"
90000191,"Backend Разработчик (Python, FastAPI, PostgreSQL)",От 1 года до 3 лет,between1And3,,,RUR,remote,"[""REST API"", ""FastAPI"", ""Pytest"", ""Go"", ""Python"", ""PostgreSQL""]","<h3>О проекте:</h3><p>Мы разрабатываем высоконагруженную платформу автоматизации аналитики и бизнес-процессов.</p>
    <h3>Обязанности:</h3><ul><li>Разработка микросервисов на Go и фреймворке FastAPI.</li>
    <li>Проектирование архитектуры базы данных PostgreSQL и оптимизация сложных аналитических запросов.</li>
    <li>Контейнеризация и настройка пайплайнов деплоя с использованием Docker.</li></ul>
    <h3>Требования:</h3><ul><li>Опыт работы с технологиями: REST API, FastAPI, Pytest, Go, Python, PostgreSQL.</li>
    <li>Понимание принципов чистого кода, SOLID и микросервисной архитектуры.</li>
    <li>Умение работать в Agile/Scrum команде.</li></ul>
    <h3>Мы предлагаем:</h3><ul><li>Конкурентная зарплата, гибкий график, ДМС и возможность удаленной работы.</li></ul>"
90000192,IT Компания: Tech Lead (Python / FastAPI / Highload),Более 6 лет,moreThan6,,,RUR,remote,"[""Linux"", ""Go"", ""Docker"", ""ClickHouse"", ""PostgreSQL""]","<p>В финтех направление открыта вакансия IT Компания: Tech Lead (Python / FastAPI / Highload).</p>
    <p><strong>Задачи:</strong></p><ul><li>Создание масштабируемых сервисов с низким latency.</li>
    <li>Интеграция с платежными шлюзами и внешними API.</li><li>Написание юнит и интеграционных тестов.</li></ul>
    <p><strong>Стек:</strong> Linux, Go, Docker, ClickHouse, PostgreSQL.</p>
    <p><strong>Условия:</strong> полностью белая зарплата, техника на выбор, дружная инженерная культура.</p>"
90000193,Младший программист Python / Django,От 1 года до 3 лет,between1And3,65000,105000,RUR,remote,"[""Git"", ""REST API"", ""Linux"", ""Pytest"", ""Python"", ""Django""]","<p>В финтех направление открыта вакансия Младший программист Python / Django.</p>
    <p><strong>Задачи:</strong></p><ul><li>Создание масштабируемых сервисов с низким latency.</li>
    <li>Интеграция с платежными шлюзами и внешними API.</li><li>Написание юнит и интеграционных тестов.</li></ul>
    <p><strong>Стек:</strong> Git, REST API, Linux, Pytest, Python, Django.</p>
    <p><strong>Условия:</strong> полностью белая зарплата, техника на выбор, дружная инженерная культура.</p>"
90000194,Ищем: Junior Go / Golang Developer,Нет опыта,noExperience,55000,,RUR,remote,"[""REST API"", ""PostgreSQL"", ""Python""]","<h3>О проекте:</h3><p>Мы разрабатываем высоконагруженную платформу автоматизации аналитики и бизнес-процессов.</p>
    <h3>Обязанности:</h3><ul><li>Разработка микросервисов на Python и фреймворке Flask.</li>
    <li>Проектирование архитектуры базы данных PostgreSQL и оптимизация сложных аналитических запросов.</li>
    <li>Контейнеризация и настройка пайплайнов деплоя с использованием Docker.</li></ul>
    <h3>Требования:</h3><ul><li>Опыт работы с технологиями: REST API, PostgreSQL, Python.</li>
    <li>Понимание принципов чистого кода, SOLID и микросервисной архитектуры.</li>
    <li>Умение работать в Agile/Scrum команде.</li></ul>
    <h3>Мы предлагаем:</h3><ul><li>Конкурентная зарплата, гибкий график, ДМС и возможность удаленной работы.</li></ul>"
90000195,Удаленно: Senior DevOps / SRE Engineer,От 3 до 6 лет,between3And6,260000,,RUR,remote,"[""FastAPI"", ""Microservices"", ""CI/CD"", ""SQLAlchemy"", ""ClickHouse"", ""PostgreSQL""]","<h3>О проекте:</h3><p>Мы разрабатываем высоконагруженную платформу автоматизации аналитики и бизнес-процессов.</p>
    <h3>Обязанности:</h3><ul><li>Разработка микросервисов на Python и фреймворке FastAPI.</li>
    <li>Проектирование архитектуры базы данных PostgreSQL и оптимизация сложных аналитических запросов.</li>
    <li>Контейнеризация и настройка пайплайнов деплоя с использованием Docker.</li></ul>
    <h3>Требования:</h3><ul><li>Опыт работы с технологиями: FastAPI, Microservices, CI/CD, SQLAlchemy, ClickHouse, PostgreSQL.</li>
    <li>Понимание принципов чистого кода, SOLID и микросервисной архитектуры.</li>
    <li>Умение работать в Agile/Scrum команде.</li></ul>
    <h3>Мы предлагаем:</h3><ul><li>Конкурентная зарплата, гибкий график, ДМС и возможность удаленной работы.</li></ul>"
90000196,Ищем: Senior Python Developer,От 3 до 6 лет,between3And6,295000,,RUR,fullDay,"[""FastAPI"", ""PostgreSQL"", ""Linux"", ""RabbitMQ""]","<h3>О проекте:</h3><p>Мы разрабатываем высоконагруженную платформу автоматизации аналитики и бизнес-процессов.</p>
    <h3>Обязанности:</h3><ul><li>Разработка микросервисов на Python и фреймворке FastAPI.</li>
    <li>Проектирование архитектуры базы данных PostgreSQL и оптимизация сложных аналитических запросов.</li>
    <li>Контейнеризация и настройка пайплайнов деплоя с использованием Docker.</li></ul>
    <h3>Требования:</h3><ul><li>Опыт работы с технологиями: FastAPI, PostgreSQL, Linux, RabbitMQ.</li>
    <li>Понимание принципов чистого кода, SOLID и микросервисной архитектуры.</li>
    <li>Умение работать в Agile/Scrum команде.</li></ul>
    <h3>Мы предлагаем:</h3><ul><li>Конкурентная зарплата, гибкий график, ДМС и возможность удаленной работы.</li></ul>"
90000197,IT Компания: Senior DevOps / SRE Engineer,От 3 до 6 лет,between3And6,,,RUR,fullDay,"[""Django"", ""Go"", ""SQLAlchemy"", ""Celery"", ""Kafka""]","<p>В финтех направление открыта вакансия IT Компания: Senior DevOps / SRE Engineer.</p>
    <p><strong>Задачи:</strong></p><ul><li>Создание масштабируемых сервисов с низким latency.</li>
    <li>Интеграция с платежными шлюзами и внешними API.</li><li>Написание юнит и интеграционных тестов.</li></ul>
    <p><strong>Стек:</strong> Django, Go, SQLAlchemy, Celery, Kafka.</p>
    <p><strong>Условия:</strong> полностью белая зарплата, техника на выбор, дружная инженерная культура.</p>"
90000198,Ищем: Junior Python Developer,Нет опыта,noExperience,,,RUR,remote,"[""REST API"", ""Celery"", ""Python"", ""Asyncio""]","<p>В финтех направление открыта вакансия Ищем: Junior Python Developer.</p>
    <p><strong>Задачи:</strong></p><ul><li>Создание масштабируемых сервисов с низким latency.</li>
    <li>Интеграция с платежными шлюзами и внешними API.</li><li>Написание юнит и интеграционных тестов.</li></ul>
    <p><strong>Стек:</strong> REST API, Celery, Python, Asyncio.</p>
    <p><strong>Условия:</strong> полностью белая зарплата, техника на выбор, дружная инженерная культура.</p>"
90000199,IT Компания: Middle Python Developer,От 1 года до 3 лет,between1And3,125000,200000,RUR,fullDay,"[""REST API"", ""Redis"", ""Go"", ""Asyncio"", ""Kubernetes""]","<p>В финтех направление открыта вакансия IT Компания: Middle Python Developer.</p>
    <p><strong>Задачи:</strong></p><ul><li>Создание масштабируемых сервисов с низким latency.</li>
    <li>Интеграция с платежными шлюзами и внешними API.</li><li>Написание юнит и интеграционных тестов.</li></ul>
    <p><strong>Стек:</strong> REST API, Redis, Go, Asyncio, Kubernetes.</p>
    <p><strong>Условия:</strong> полностью белая зарплата, техника на выбор, дружная инженерная культура.</p>"
90000200,Удаленно: Junior Python Developer,Нет опыта,noExperience,,90000,RUR,fullDay,"[""Git"", ""Linux"", ""FastAPI"", ""Django"", ""PostgreSQL"", ""RabbitMQ""]","<p>В финтех направление открыта вакансия Удаленно: Junior Python Developer.</p>
    <p><strong>Задачи:</strong></p><ul><li>Создание масштабируемых сервисов с низким latency.</li>
    <li>Интеграция с платежными шлюзами и внешними API.</li><li>Написание юнит и интеграционных тестов.</li></ul>
    <p><strong>Стек:</strong> Git, Linux, FastAPI, Django, PostgreSQL, RabbitMQ.</p>
    <p><strong>Условия:</strong> полностью белая зарплата, техника на выбор, дружная инженерная культура.</p>"
90000201,IT Компания: Junior DevOps Engineer,От 1 года до 3 лет,between1And3,80000,135000,RUR,remote,"[""REST API"", ""Django"", ""Linux"", ""Python""]","<h3>О проекте:</h3><p>Мы разрабатываем высоконагруженную платформу автоматизации аналитики и бизнес-процессов.</p>
    <h3>Обязанности:</h3><ul><li>Разработка микросервисов на Python и фреймворке Django.</li>
    <li>Проектирование архитектуры базы данных Redis и оптимизация сложных аналитических запросов.</li>
    <li>Контейнеризация и настройка пайплайнов деплоя с использованием Docker.</li></ul>
    <h3>Требования:</h3><ul><li>Опыт работы с технологиями: REST API, Django, Linux, Python.</li>
    <li>Понимание принципов чистого кода, SOLID и микросервисной архитектуры.</li>
    <li>Умение работать в Agile/Scrum команде.</li></ul>
    <h3>Мы предлагаем:</h3><ul><li>Конкурентная зарплата, гибкий график, ДМС и возможность удаленной работы.</li></ul>"
90000202,Разработчик Python,Нет опыта,noExperience,35000,65000,RUR,fullDay,"[""Git"", ""Pytest"", ""PostgreSQL"", ""CI/CD""]","<h3>О проекте:</h3><p>Мы разрабатываем высоконагруженную платформу автоматизации аналитики и бизнес-процессов.</p>
    <h3>Обязанности:</h3><ul><li>Разработка микросервисов на Python и фреймворке Flask.</li>
    <li>Проектирование архитектуры базы данных PostgreSQL и оптимизация сложных аналитических запросов.</li>
    <li>Контейнеризация и настройка пайплайнов деплоя с использованием Docker.</li></ul>
    <h3>Требования:</h3><ul><li>Опыт работы с технологиями: Git, Pytest, PostgreSQL, CI/CD.</li>
    <li>Понимание принципов чистого кода, SOLID и микросервисной архитектуры.</li>
    <li>Умение работать в Agile/Scrum команде.</li></ul>
    <h3>Мы предлагаем:</h3><ul><li>Конкурентная зарплата, гибкий график, ДМС и возможность удаленной работы.</li></ul>"
90000203,Ищем: Middle Go Engineer (Микросервисы),От 3 до 6 лет,between3And6,,275000,RUR,remote,"[""Linux"", ""Go"", ""Docker"", ""Redis""]","<p>В финтех направление открыта вакансия Ищем: Middle Go Engineer (Микросервисы).</p>
    <p><strong>Задачи:</strong></p><ul><li>Создание масштабируемых сервисов с низким latency.</li>
    <li>Интеграция с платежными шлюзами и внешними API.</li><li>Написание юнит и интеграционных тестов.</li></ul>
    <p><strong>Стек:</strong> Linux, Go, Docker, Redis.</p>
    <p><strong>Условия:</strong> полностью белая зарплата, техника на выбор, дружная инженерная культура.</p>"
90000204,Senior Python Developer,От 3 до 6 лет,between3And6,280000,,RUR,remote,"[""Linux"", ""Redis"", ""Docker"", ""SQLAlchemy"", ""ClickHouse"", ""RabbitMQ""]","<p>В финтех направление открыта вакансия Senior Python Developer.</p>
    <p><strong>Задачи:</strong></p><ul><li>Создание масштабируемых сервисов с низким latency.</li>
    <li>Интеграция с платежными шлюзами и внешними API.</li><li>Написание юнит и интеграционных тестов.</li></ul>
    <p><strong>Стек:</strong> Linux, Redis, Docker, SQLAlchemy, ClickHouse, RabbitMQ.</p>
    <p><strong>Условия:</strong> полностью белая зарплата, техника на выбор, дружная инженерная культура.</p>"
90000205,Удаленно: Python Backend Engineer,От 1 года до 3 лет,between1And3,,270000,RUR,flexible,"[""Git"", ""FastAPI"", ""Redis"", ""Docker"", ""Python"", ""Django""]","<p>В финтех направление открыта вакансия Удаленно: Python Backend Engineer.</p>
    <p><strong>Задачи:</strong></p><ul><li>Создание масштабируемых сервисов с низким latency.</li>
    <li>Интеграция с платежными шлюзами и внешними API.</li><li>Написание юнит и интеграционных тестов.</li></ul>
    <p><strong>Стек:</strong> Git, FastAPI, Redis, Docker, Python, Django.</p>
    <p><strong>Условия:</strong> полностью белая зарплата, техника на выбор, дружная инженерная культура.</p>"
90000206,Удаленно: Middle Python Developer,От 1 года до 3 лет,between1And3,,,RUR,remote,"[""Redis"", ""Go"", ""Docker"", ""Python"", ""PostgreSQL"", ""RabbitMQ""]","<h3>О проекте:</h3><p>Мы разрабатываем высоконагруженную платформу автоматизации аналитики и бизнес-процессов.</p>
    <h3>Обязанности:</h3><ul><li>Разработка микросервисов на Go и фреймворке Flask.</li>
    <li>Проектирование архитектуры базы данных PostgreSQL и оптимизация сложных аналитических запросов.</li>
    <li>Контейнеризация и настройка пайплайнов деплоя с использованием Docker.</li></ul>
    <h3>Требования:</h3><ul><li>Опыт работы с технологиями: Redis, Go, Docker, Python, PostgreSQL, RabbitMQ.</li>
    <li>Понимание принципов чистого кода, SOLID и микросервисной архитектуры.</li>
    <li>Умение работать в Agile/Scrum команде.</li></ul>
    <h3>Мы предлагаем:</h3><ul><li>Конкурентная зарплата, гибкий график, ДМС и возможность удаленной работы.</li></ul>"
90000207,Ищем: Senior Golang Developer,От 3 до 6 лет,between3And6,335000,505000,RUR,flexible,"[""REST API"", ""FastAPI"", ""Linux"", ""CI/CD"", ""Docker""]","<h3>О проекте:</h3><p>Мы разрабатываем высоконагруженную платформу автоматизации аналитики и бизнес-процессов.</p>
    <h3>Обязанности:</h3><ul><li>Разработка микросервисов на Python и фреймворке FastAPI.</li>
    <li>Проектирование архитектуры базы данных Redis и оптимизация сложных аналитических запросов.</li>
    <li>Контейнеризация и настройка пайплайнов деплоя с использованием Docker.</li></ul>
    <h3>Требования:</h3><ul><li>Опыт работы с технологиями: REST API, FastAPI, Linux, CI/CD, Docker.</li>
    <li>Понимание принципов чистого кода, SOLID и микросервисной архитектуры.</li>
    <li>Умение работать в Agile/Scrum команде.</li></ul>
    <h3>Мы предлагаем:</h3><ul><li>Конкурентная зарплата, гибкий график, ДМС и возможность удаленной работы.</li></ul>"
90000208,"Удаленно: Senior Backend Architect (Go, PostgreSQL, Kafka)",Более 6 лет,moreThan6,430000,635000,RUR,remote,"[""CI/CD"", ""Docker"", ""Kafka"", ""ClickHouse"", ""PostgreSQL"", ""Kubernetes""]","<p>В финтех направление открыта вакансия Удаленно: Senior Backend Architect (Go, PostgreSQL, Kafka).</p>
    <p><strong>Задачи:</strong></p><ul><li>Создание масштабируемых сервисов с низким latency.</li>
    <li>Интеграция с платежными шлюзами и внешними API.</li><li>Написание юнит и интеграционных тестов.</li></ul>
    <p><strong>Стек:</strong> CI/CD, Docker, Kafka, ClickHouse, PostgreSQL, Kubernetes.</p>
    <p><strong>Условия:</strong> полностью белая зарплата, техника на выбор, дружная инженерная культура.</p>"
90000209,Ищем: Стажер-разработчик Python,Нет опыта,noExperience,35000,,RUR,fullDay,"[""Git"", ""REST API"", ""Linux"", ""CI/CD"", ""Python"", ""Django"", ""ClickHouse""]","<h3>О проекте:</h3><p>Мы разрабатываем высоконагруженную платформу автоматизации аналитики и бизнес-процессов.</p>
    <h3>Обязанности:</h3><ul><li>Разработка микросервисов на Python и фреймворке Django.</li>
    <li>Проектирование архитектуры базы данных Redis и оптимизация сложных аналитических запросов.</li>
    <li>Контейнеризация и настройка пайплайнов деплоя с использованием Docker.</li></ul>
    <h3>Требования:</h3><ul><li>Опыт работы с технологиями: Git, REST API, Linux, CI/CD, Python, Django, ClickHouse.</li>
    <li>Понимание принципов чистого кода, SOLID и микросервисной архитектуры.</li>
    <li>Умение работать в Agile/Scrum команде.</li></ul>
    <h3>Мы предлагаем:</h3><ul><li>Конкурентная зарплата, гибкий график, ДМС и возможность удаленной работы.</li></ul>"
90000210,Golang Developer (Middle),От 3 до 6 лет,between3And6,,245000,RUR,remote,"[""FastAPI"", ""Pytest"", ""Go"", ""SQLAlchemy"", ""RabbitMQ""]","<p>В финтех направление открыта вакансия Golang Developer (Middle).</p>
    <p><strong>Задачи:</strong></p><ul><li>Создание масштабируемых сервисов с низким latency.</li>
    <li>Интеграция с платежными шлюзами и внешними API.</li><li>Написание юнит и интеграционных тестов.</li></ul>
    <p><strong>Стек:</strong> FastAPI, Pytest, Go, SQLAlchemy, RabbitMQ.</p>
    <p><strong>Условия:</strong> полностью белая зарплата, техника на выбор, дружная инженерная культура.</p>"
90000211,Инженер бэкенда,От 1 года до 3 лет,between1And3,155000,250000,RUR,remote,"[""PostgreSQL"", ""Docker"", ""Redis""]","<p>В финтех направление открыта вакансия Инженер бэкенда.</p>
    <p><strong>Задачи:</strong></p><ul><li>Создание масштабируемых сервисов с низким latency.</li>
    <li>Интеграция с платежными шлюзами и внешними API.</li><li>Написание юнит и интеграционных тестов.</li></ul>
    <p><strong>Стек:</strong> PostgreSQL, Docker, Redis.</p>
    <p><strong>Условия:</strong> полностью белая зарплата, техника на выбор, дружная инженерная культура.</p>"
90000212,Ищем: Senior Python Developer,Нет опыта,noExperience,260000,405000,RUR,remote,"[""Microservices"", ""Kubernetes"", ""Git"", ""Linux""]","<p>В финтех направление открыта вакансия Ищем: Senior Python Developer.</p>
    <p><strong>Задачи:</strong></p><ul><li>Создание масштабируемых сервисов с низким latency.</li>
    <li>Интеграция с платежными шлюзами и внешними API.</li><li>Написание юнит и интеграционных тестов.</li></ul>
    <p><strong>Стек:</strong> Microservices, Kubernetes, Git, Linux.</p>
    <p><strong>Условия:</strong> полностью белая зарплата, техника на выбор, дружная инженерная культура.</p>"
90000213,Junior Python Developer,Нет опыта,noExperience,,,RUR,remote,"[""Redis"", ""Celery"", ""PostgreSQL"", ""Python""]","<h3>О проекте:</h3><p>Мы разрабатываем высоконагруженную платформу автоматизации аналитики и бизнес-процессов.</p>
    <h3>Обязанности:</h3><ul><li>Разработка микросервисов на Python и фреймворке Flask.</li>
    <li>Проектирование архитектуры базы данных PostgreSQL и оптимизация сложных аналитических запросов.</li>
    <li>Контейнеризация и настройка пайплайнов деплоя с использованием Docker.</li></ul>
    <h3>Требования:</h3><ul><li>Опыт работы с технологиями: Redis, Celery, PostgreSQL, Python.</li>
    <li>Понимание принципов чистого кода, SOLID и микросервисной архитектуры.</li>
    <li>Умение работать в Agile/Scrum команде.</li></ul>
    <h3>Мы предлагаем:</h3><ul><li>Конкурентная зарплата, гибкий график, ДМС и возможность удаленной работы.</li></ul>"
90000214,Tech Lead (Python / FastAPI / Highload),Более 6 лет,moreThan6,,,RUR,fullDay,"[""Linux"", ""CI/CD"", ""Go"", ""Docker"", ""Python"", ""Kafka"", ""PostgreSQL""]","<h3>О проекте:</h3><p>Мы разрабатываем высоконагруженную платформу автоматизации аналитики и бизнес-процессов.</p>
    <h3>Обязанности:</h3><ul><li>Разработка микросервисов на Python и фреймворке Flask.</li>
    <li>Проектирование архитектуры базы данных PostgreSQL и оптимизация сложных аналитических запросов.</li>
    <li>Контейнеризация и настройка пайплайнов деплоя с использованием Docker.</li></ul>
    <h3>Требования:</h3><ul><li>Опыт работы с технологиями: Linux, CI/CD, Go, Docker, Python, Kafka, PostgreSQL.</li>
    <li>Понимание принципов чистого кода, SOLID и микросервисной архитектуры.</li>
    <li>Умение работать в Agile/Scrum команде.</li></ul>
    <h3>Мы предлагаем:</h3><ul><li>Конкурентная зарплата, гибкий график, ДМС и возможность удаленной работы.</li></ul>"
90000215,Ищем: Senior DevOps / SRE Engineer,От 3 до 6 лет,between3And6,,,RUR,fullDay,"[""REST API"", ""Go"", ""Docker""]","<h3>О проекте:</h3><p>Мы разрабатываем высоконагруженную платформу автоматизации аналитики и бизнес-процессов.</p>
    <h3>Обязанности:</h3><ul><li>Разработка микросервисов на Python и фреймворке Flask.</li>
    <li>Проектирование архитектуры базы данных Redis и оптимизация сложных аналитических запросов.</li>
    <li>Контейнеризация и настройка пайплайнов деплоя с использованием Docker.</li></ul>
    <h3>Требования:</h3><ul><li>Опыт работы с технологиями: REST API, Go, Docker.</li>
    <li>Понимание принципов чистого кода, SOLID и микросервисной архитектуры.</li>
    <li>Умение работать в Agile/Scrum команде.</li></ul>
    <h3>Мы предлагаем:</h3><ul><li>Конкурентная зарплата, гибкий график, ДМС и возможность удаленной работы.</li></ul>"
90000216,Ищем: Middle Python Developer,От 1 года до 3 лет,between1And3,125000,200000,RUR,fullDay,"[""Redis"", ""SQLAlchemy"", ""Docker"", ""Python"", ""PostgreSQL""]","<p>В финтех направление открыта вакансия Ищем: Middle Python Developer.</p>
    <p><strong>Задачи:</strong></p><ul><li>Создание масштабируемых сервисов с низким latency.</li>
    <li>Интеграция с платежными шлюзами и внешними API.</li><li>Написание юнит и интеграционных тестов.</li></ul>
    <p><strong>Стек:</strong> Redis, SQLAlchemy, Docker, Python, PostgreSQL.</p>
    <p><strong>Условия:</strong> полностью белая зарплата, техника на выбор, дружная инженерная культура.</p>"
90000217,Младший программист Python / Django,Нет опыта,noExperience,65000,105000,RUR,remote,"[""Git"", ""Django"", ""Python"", ""Asyncio""]","<p>В финтех направление открыта вакансия Младший программист Python / Django.</p>
    <p><strong>Задачи:</strong></p><ul><li>Создание масштабируемых сервисов с низким latency.</li>
    <li>Интеграция с платежными шлюзами и внешними API.</li><li>Написание юнит и интеграционных тестов.</li></ul>
    <p><strong>Стек:</strong> Git, Django, Python, Asyncio.</p>
    <p><strong>Условия:</strong> полностью белая зарплата, техника на выбор, дружная инженерная культура.</p>"
90000218,Software Engineer,Более 6 лет,moreThan6,,,RUR,remote,"[""FastAPI"", ""Linux"", ""Redis"", ""Microservices"", ""Asyncio"", ""Kubernetes""]","<p>В финтех направление открыта вакансия Software Engineer.</p>
    <p><strong>Задачи:</strong></p><ul><li>Создание масштабируемых сервисов с низким latency.</li>
    <li>Интеграция с платежными шлюзами и внешними API.</li><li>Написание юнит и интеграционных тестов.</li></ul>
    <p><strong>Стек:</strong> FastAPI, Linux, Redis, Microservices, Asyncio, Kubernetes.</p>
    <p><strong>Условия:</strong> полностью белая зарплата, техника на выбор, дружная инженерная культура.</p>"
90000219,Trainee / Junior Data Engineer,Нет опыта,noExperience,,,RUR,remote,"[""Git"", ""Linux"", ""Python"", ""Django"", ""PostgreSQL""]","<p>В финтех направление открыта вакансия Trainee / Junior Data Engineer.</p>
    <p><strong>Задачи:</strong></p><ul><li>Создание масштабируемых сервисов с низким latency.</li>
    <li>Интеграция с платежными шлюзами и внешними API.</li><li>Написание юнит и интеграционных тестов.</li></ul>
    <p><strong>Стек:</strong> Git, Linux, Python, Django, PostgreSQL.</p>
    <p><strong>Условия:</strong> полностью белая зарплата, техника на выбор, дружная инженерная культура.</p>"
90000220,IT Компания: Senior Golang Developer,От 3 до 6 лет,between3And6,,,RUR,remote,"[""REST API"", ""PostgreSQL"", ""FastAPI"", ""Linux""]","<p>В финтех направление открыта вакансия IT Компания: Senior Golang Developer.</p>
    <p><strong>Задачи:</strong></p><ul><li>Создание масштабируемых сервисов с низким latency.</li>
    <li>Интеграция с платежными шлюзами и внешними API.</li><li>Написание юнит и интеграционных тестов.</li></ul>
    <p><strong>Стек:</strong> REST API, PostgreSQL, FastAPI, Linux.</p>
    <p><strong>Условия:</strong> полностью белая зарплата, техника на выбор, дружная инженерная культура.</p>"
90000221,DevOps Engineer,От 1 года до 3 лет,between1And3,175000,280000,RUR,fullDay,"[""REST API"", ""FastAPI"", ""Redis"", ""Go"", ""Docker"", ""Asyncio"", ""Kubernetes""]","<p>В финтех направление открыта вакансия DevOps Engineer.</p>
    <p><strong>Задачи:</strong></p><ul><li>Создание масштабируемых сервисов с низким latency.</li>
    <li>Интеграция с платежными шлюзами и внешними API.</li><li>Написание юнит и интеграционных тестов.</li></ul>
    <p><strong>Стек:</strong> REST API, FastAPI, Redis, Go, Docker, Asyncio, Kubernetes.</p>
    <p><strong>Условия:</strong> полностью белая зарплата, техника на выбор, дружная инженерная культура.</p>"
90000222,Ищем: Младший программист Python / Django,От 1 года до 3 лет,between1And3,,,RUR,flexible,"[""Git"", ""REST API"", ""Linux"", ""Redis"", ""Go"", ""Python"", ""Django""]","<p>В финтех направление открыта вакансия Ищем: Младший программист Python / Django.</p>
    <p><strong>Задачи:</strong></p><ul><li>Создание масштабируемых сервисов с низким latency.</li>
    <li>Интеграция с платежными шлюзами и внешними API.</li><li>Написание юнит и интеграционных тестов.</li></ul>
    <p><strong>Стек:</strong> Git, REST API, Linux, Redis, Go, Python, Django.</p>
    <p><strong>Условия:</strong> полностью белая зарплата, техника на выбор, дружная инженерная культура.</p>"
90000223,Backend Engineer,От 1 года до 3 лет,between1And3,155000,250000,RUR,remote,"[""Asyncio"", ""Celery"", ""Go"", ""FastAPI""]","<h3>О проекте:</h3><p>Мы разрабатываем высоконагруженную платформу автоматизации аналитики и бизнес-процессов.</p>
    <h3>Обязанности:</h3><ul><li>Разработка микросервисов на Go и фреймворке FastAPI.</li>
    <li>Проектирование архитектуры базы данных Redis и оптимизация сложных аналитических запросов.</li>
    <li>Контейнеризация и настройка пайплайнов деплоя с использованием Docker.</li></ul>
    <h3>Требования:</h3><ul><li>Опыт работы с технологиями: Asyncio, Celery, Go, FastAPI.</li>
    <li>Понимание принципов чистого кода, SOLID и микросервисной архитектуры.</li>
    <li>Умение работать в Agile/Scrum команде.</li></ul>
    <h3>Мы предлагаем:</h3><ul><li>Конкурентная зарплата, гибкий график, ДМС и возможность удаленной работы.</li></ul>"
90000224,Ищем: Tech Lead (Python / FastAPI / Highload),Более 6 лет,moreThan6,385000,610000,RUR,fullDay,"[""Linux"", ""Microservices"", ""CI/CD"", ""Pytest"", ""Kubernetes"", ""ClickHouse"", ""PostgreSQL""]","<h3>О проекте:</h3><p>Мы разрабатываем высоконагруженную платформу автоматизации аналитики и бизнес-процессов.</p>
    <h3>Обязанности:</h3><ul><li>Разработка микросервисов на Python и фреймворке Flask.</li>
    <li>Проектирование архитектуры базы данных PostgreSQL и оптимизация сложных аналитических запросов.</li>
    <li>Контейнеризация и настройка пайплайнов деплоя с использованием Docker и Kubernetes.</li></ul>
    <h3>Требования:</h3><ul><li>Опыт работы с технологиями: Linux, Microservices, CI/CD, Pytest, Kubernetes, ClickHouse, PostgreSQL.</li>
    <li>Понимание принципов чистого кода, SOLID и микросервисной архитектуры.</li>
    <li>Умение работать в Agile/Scrum команде.</li></ul>
    <h3>Мы предлагаем:</h3><ul><li>Конкурентная зарплата, гибкий график, ДМС и возможность удаленной работы.</li></ul>"
90000225,Удаленно: Junior Python Developer,Нет опыта,noExperience,50000,95000,RUR,fullDay,"[""Django"", ""Pytest"", ""Linux"", ""Python""]","<h3>О проекте:</h3><p>Мы разрабатываем высоконагруженную платформу автоматизации аналитики и бизнес-процессов.</p>
    <h3>Обязанности:</h3><ul><li>Разработка микросервисов на Python и фреймворке Django.</li>
    <li>Проектирование архитектуры базы данных Redis и оптимизация сложных аналитических запросов.</li>
    <li>Контейнеризация и настройка пайплайнов деплоя с использованием Docker.</li></ul>
    <h3>Требования:</h3><ul><li>Опыт работы с технологиями: Django, Pytest, Linux, Python.</li>
    <li>Понимание принципов чистого кода, SOLID и микросервисной архитектуры.</li>
    <li>Умение работать в Agile/Scrum команде.</li></ul>
    <h3>Мы предлагаем:</h3><ul><li>Конкурентная зарплата, гибкий график, ДМС и возможность удаленной работы.</li></ul>"
90000226,IT Компания: Junior Backend Engineer (FastAPI),От 1 года до 3 лет,between1And3,,,RUR,remote,"[""REST API"", ""Django"", ""CI/CD""]","<p>В финтех направление открыта вакансия IT Компания: Junior Backend Engineer (FastAPI).</p>
    <p><strong>Задачи:</strong></p><ul><li>Создание масштабируемых сервисов с низким latency.</li>
    <li>Интеграция с платежными шлюзами и внешними API.</li><li>Написание юнит и интеграционных тестов.</li></ul>
    <p><strong>Стек:</strong> REST API, Django, CI/CD.</p>
    <p><strong>Условия:</strong> полностью белая зарплата, техника на выбор, дружная инженерная культура.</p>"
90000227,Ищем: Senior DevOps / SRE Engineer,От 3 до 6 лет,between3And6,295000,,RUR,flexible,"[""FastAPI"", ""Linux"", ""CI/CD"", ""Pytest"", ""Python"", ""Django"", ""ClickHouse""]","<p>В финтех направление открыта вакансия Ищем: Senior DevOps / SRE Engineer.</p>
    <p><strong>Задачи:</strong></p><ul><li>Создание масштабируемых сервисов с низким latency.</li>
    <li>Интеграция с платежными шлюзами и внешними API.</li><li>Написание юнит и интеграционных тестов.</li></ul>
    <p><strong>Стек:</strong> FastAPI, Linux, CI/CD, Pytest, Python, Django, ClickHouse.</p>
    <p><strong>Условия:</strong> полностью белая зарплата, техника на выбор, дружная инженерная культура.</p>"
90000228,"Ищем: Middle DevOps Engineer (Docker, K8s)",От 3 до 6 лет,between3And6,,,RUR,flexible,"[""Git"", ""Redis"", ""Go"", ""Docker"", ""Celery"", ""Django"", ""PostgreSQL""]","<h3>О проекте:</h3><p>Мы разрабатываем высоконагруженную платформу автоматизации аналитики и бизнес-процессов.</p>
    <h3>Обязанности:</h3><ul><li>Разработка микросервисов на Go и фреймворке Django.</li>
    <li>Проектирование архитектуры базы данных PostgreSQL и оптимизация сложных аналитических запросов.</li>
    <li>Контейнеризация и настройка пайплайнов деплоя с использованием Docker.</li></ul>
    <h3>Требования:</h3><ul><li>Опыт работы с технологиями: Git, Redis, Go, Docker, Celery, Django, PostgreSQL.</li>
    <li>Понимание принципов чистого кода, SOLID и микросервисной архитектуры.</li>
    <li>Умение работать в Agile/Scrum команде.</li></ul>
    <h3>Мы предлагаем:</h3><ul><li>Конкурентная зарплата, гибкий график, ДМС и возможность удаленной работы.</li></ul>"
90000229,Junior DevOps Engineer,От 1 года до 3 лет,between1And3,75000,125000,RUR,flexible,"[""REST API"", ""Pytest"", ""ClickHouse"", ""PostgreSQL""]","<p>В финтех направление открыта вакансия Junior DevOps Engineer.</p>
    <p><strong>Задачи:</strong></p><ul><li>Создание масштабируемых сервисов с низким latency.</li>
    <li>Интеграция с платежными шлюзами и внешними API.</li><li>Написание юнит и интеграционных тестов.</li></ul>
    <p><strong>Стек:</strong> REST API, Pytest, ClickHouse, PostgreSQL.</p>
    <p><strong>Условия:</strong> полностью белая зарплата, техника на выбор, дружная инженерная культура.</p>"
90000230,Ищем: Senior DevOps / SRE Engineer,От 3 до 6 лет,between3And6,295000,,RUR,remote,"[""Kafka"", ""PostgreSQL"", ""Docker""]","<p>В финтех направление открыта вакансия Ищем: Senior DevOps / SRE Engineer.</p>
    <p><strong>Задачи:</strong></p><ul><li>Создание масштабируемых сервисов с низким latency.</li>
    <li>Интеграция с платежными шлюзами и внешними API.</li><li>Написание юнит и интеграционных тестов.</li></ul>
    <p><strong>Стек:</strong> Kafka, PostgreSQL, Docker.</p>
    <p><strong>Условия:</strong> полностью белая зарплата, техника на выбор, дружная инженерная культура.</p>"
90000231,Младший программист Python / Django,От 1 года до 3 лет,between1And3,50000,80000,RUR,fullDay,"[""Git"", ""REST API"", ""Linux"", ""SQLAlchemy"", ""Python"", ""PostgreSQL"", ""RabbitMQ""]","<p>В финтех направление открыта вакансия Младший программист Python / Django.</p>
    <p><strong>Задачи:</strong></p><ul><li>Создание масштабируемых сервисов с низким latency.</li>
    <li>Интеграция с платежными шлюзами и внешними API.</li><li>Написание юнит и интеграционных тестов.</li></ul>
    <p><strong>Стек:</strong> Git, REST API, Linux, SQLAlchemy, Python, PostgreSQL, RabbitMQ.</p>
    <p><strong>Условия:</strong> полностью белая зарплата, техника на выбор, дружная инженерная культура.</p>"
90000232,Go Backend Developer,Более 6 лет,moreThan6,380000,595000,RUR,fullDay,"[""Git"", ""Linux"", ""CI/CD"", ""ClickHouse"", ""PostgreSQL""]","<h3>О проекте:</h3><p>Мы разрабатываем высоконагруженную платформу автоматизации аналитики и бизнес-процессов.</p>
    <h3>Обязанности:</h3><ul><li>Разработка микросервисов на Python и фреймворке Flask.</li>
    <li>Проектирование архитектуры базы данных PostgreSQL и оптимизация сложных аналитических запросов.</li>
    <li>Контейнеризация и настройка пайплайнов деплоя с использованием Docker.</li></ul>
    <h3>Требования:</h3><ul><li>Опыт работы с технологиями: Git, Linux, CI/CD, ClickHouse, PostgreSQL.</li>
    <li>Понимание принципов чистого кода, SOLID и микросервисной архитектуры.</li>
    <li>Умение работать в Agile/Scrum команде.</li></ul>
    <h3>Мы предлагаем:</h3><ul><li>Конкурентная зарплата, гибкий график, ДМС и возможность удаленной работы.</li></ul>"
90000233,Trainee / Junior Data Engineer,Нет опыта,noExperience,,,RUR,remote,"[""Git"", ""Django"", ""REST API"", ""PostgreSQL""]","<p>В финтех направление открыта вакансия Trainee / Junior Data Engineer.</p>
    <p><strong>Задачи:</strong></p><ul><li>Создание масштабируемых сервисов с низким latency.</li>
    <li>Интеграция с платежными шлюзами и внешними API.</li><li>Написание юнит и интеграционных тестов.</li></ul>
    <p><strong>Стек:</strong> Git, Django, REST API, PostgreSQL.</p>
    <p><strong>Условия:</strong> полностью белая зарплата, техника на выбор, дружная инженерная культура.</p>"
90000234,Go Backend Developer,Более 6 лет,moreThan6,315000,495000,RUR,fullDay,"[""Microservices"", ""CI/CD"", ""Go"", ""Kubernetes"", ""PostgreSQL""]","<h3>О проекте:</h3><p>Мы разрабатываем высоконагруженную платформу автоматизации аналитики и бизнес-процессов.</p>
    <h3>Обязанности:</h3><ul><li>Разработка микросервисов на Python и фреймворке Flask.</li>
    <li>Проектирование архитектуры базы данных PostgreSQL и оптимизация сложных аналитических запросов.</li>
    <li>Контейнеризация и настройка пайплайнов деплоя с использованием Docker и Kubernetes.</li></ul>
    <h3>Требования:</h3><ul><li>Опыт работы с технологиями: Microservices, CI/CD, Go, Kubernetes, PostgreSQL.</li>
    <li>Понимание принципов чистого кода, SOLID и микросервисной архитектуры.</li>
    <li>Умение работать в Agile/Scrum команде.</li></ul>
    <h3>Мы предлагаем:</h3><ul><li>Конкурентная зарплата, гибкий график, ДМС и возможность удаленной работы.</li></ul>"
90000235,"Ищем: Middle DevOps Engineer (Docker, K8s)",От 1 года до 3 лет,between1And3,200000,310000,RUR,flexible,"[""Redis"", ""Pytest"", ""Go"", ""SQLAlchemy"", ""Python"", ""Kubernetes"", ""PostgreSQL""]","<p>В финтех направление открыта вакансия Ищем: Middle DevOps Engineer (Docker, K8s).</p>
    <p><strong>Задачи:</strong></p><ul><li>Создание масштабируемых сервисов с низким latency.</li>
    <li>Интеграция с платежными шлюзами и внешними API.</li><li>Написание юнит и интеграционных тестов.</li></ul>
    <p><strong>Стек:</strong> Redis, Pytest, Go, SQLAlchemy, Python, Kubernetes, PostgreSQL.</p>
    <p><strong>Условия:</strong> полностью белая зарплата, техника на выбор, дружная инженерная культура.</p>"
90000236,Fullstack Developer (Python / Vue.js),От 1 года до 3 лет,between1And3,155000,255000,RUR,fullDay,"[""Git"", ""FastAPI"", ""Redis"", ""Python"", ""PostgreSQL""]","<h3>О проекте:</h3><p>Мы разрабатываем высоконагруженную платформу автоматизации аналитики и бизнес-процессов.</p>
    <h3>Обязанности:</h3><ul><li>Разработка микросервисов на Python и фреймворке FastAPI.</li>
    <li>Проектирование архитектуры базы данных PostgreSQL и оптимизация сложных аналитических запросов.</li>
    <li>Контейнеризация и настройка пайплайнов деплоя с использованием Docker.</li></ul>
    <h3>Требования:</h3><ul><li>Опыт работы с технологиями: Git, FastAPI, Redis, Python, PostgreSQL.</li>
    <li>Понимание принципов чистого кода, SOLID и микросервисной архитектуры.</li>
    <li>Умение работать в Agile/Scrum команде.</li></ul>
    <h3>Мы предлагаем:</h3><ul><li>Конкурентная зарплата, гибкий график, ДМС и возможность удаленной работы.</li></ul>"
90000237,Senior Data Engineer / Architect,Более 6 лет,moreThan6,,,RUR,fullDay,"[""CI/CD"", ""Go"", ""Docker"", ""Python"", ""Kafka""]","<h3>О проекте:</h3><p>Мы разрабатываем высоконагруженную платформу автоматизации аналитики и бизнес-процессов.</p>
    <h3>Обязанности:</h3><ul><li>Разработка микросервисов на Go и фреймворке Flask.</li>
    <li>Проектирование архитектуры базы данных Redis и оптимизация сложных аналитических запросов.</li>
    <li>Контейнеризация и настройка пайплайнов деплоя с использованием Docker.</li></ul>
    <h3>Требования:</h3><ul><li>Опыт работы с технологиями: CI/CD, Go, Docker, Python, Kafka.</li>
    <li>Понимание принципов чистого кода, SOLID и микросервисной архитектуры.</li>
    <li>Умение работать в Agile/Scrum команде.</li></ul>
    <h3>Мы предлагаем:</h3><ul><li>Конкурентная зарплата, гибкий график, ДМС и возможность удаленной работы.</li></ul>"
90000238,Software Engineer,Нет опыта,noExperience,,,RUR,fullDay,"[""REST API"", ""Git"", ""Linux"", ""SQLAlchemy"", ""Django"", ""PostgreSQL""]","<h3>О проекте:</h3><p>Мы разрабатываем высоконагруженную платформу автоматизации аналитики и бизнес-процессов.</p>
    <h3>Обязанности:</h3><ul><li>Разработка микросервисов на Python и фреймворке Django.</li>
    <li>Проектирование архитектуры базы данных PostgreSQL и оптимизация сложных аналитических запросов.</li>
    <li>Контейнеризация и настройка пайплайнов деплоя с использованием Docker.</li></ul>
    <h3>Требования:</h3><ul><li>Опыт работы с технологиями: REST API, Git, Linux, SQLAlchemy, Django, PostgreSQL.</li>
    <li>Понимание принципов чистого кода, SOLID и микросервисной архитектуры.</li>
    <li>Умение работать в Agile/Scrum команде.</li></ul>
    <h3>Мы предлагаем:</h3><ul><li>Конкурентная зарплата, гибкий график, ДМС и возможность удаленной работы.</li></ul>"
90000239,Lead / Senior Backend Engineer (Go / Python),Более 6 лет,moreThan6,,540000,RUR,flexible,"[""Linux"", ""Pytest"", ""Go"", ""SQLAlchemy"", ""Docker"", ""ClickHouse""]","<h3>О проекте:</h3><p>Мы разрабатываем высоконагруженную платформу автоматизации аналитики и бизнес-процессов.</p>
    <h3>Обязанности:</h3><ul><li>Разработка микросервисов на Go и фреймворке Flask.</li>
    <li>Проектирование архитектуры базы данных Redis и оптимизация сложных аналитических запросов.</li>
    <li>Контейнеризация и настройка пайплайнов деплоя с использованием Docker.</li></ul>
    <h3>Требования:</h3><ul><li>Опыт работы с технологиями: Linux, Pytest, Go, SQLAlchemy, Docker, ClickHouse.</li>
    <li>Понимание принципов чистого кода, SOLID и микросервисной архитектуры.</li>
    <li>Умение работать в Agile/Scrum команде.</li></ul>
    <h3>Мы предлагаем:</h3><ul><li>Конкурентная зарплата, гибкий график, ДМС и возможность удаленной работы.</li></ul>"
90000240,Middle Go Engineer (Микросервисы),От 3 до 6 лет,between3And6,220000,335000,RUR,remote,"[""Go"", ""Python"", ""Asyncio"", ""ClickHouse"", ""PostgreSQL""]","<h3>О проекте:</h3><p>Мы разрабатываем высоконагруженную платформу автоматизации аналитики и бизнес-процессов.</p>
    <h3>Обязанности:</h3><ul><li>Разработка микросервисов на Go и фреймворке Flask.</li>
    <li>Проектирование архитектуры базы данных PostgreSQL и оптимизация сложных аналитических запросов.</li>
    <li>Контейнеризация и настройка пайплайнов деплоя с использованием Docker.</li></ul>
    <h3>Требования:</h3><ul><li>Опыт работы с технологиями: Go, Python, Asyncio, ClickHouse, PostgreSQL.</li>
    <li>Понимание принципов чистого кода, SOLID и микросервисной архитектуры.</li>
    <li>Умение работать в Agile/Scrum команде.</li></ul>
    <h3>Мы предлагаем:</h3><ul><li>Конкурентная зарплата, гибкий график, ДМС и возможность удаленной работы.</li></ul>"
90000241,"Backend Разработчик (Python, FastAPI, PostgreSQL)",От 1 года до 3 лет,between1And3,150000,240000,RUR,remote,"[""FastAPI"", ""Redis"", ""CI/CD"", ""Go"", ""SQLAlchemy"", ""Docker"", ""Celery""]","<h3>О проекте:</h3><p>Мы разрабатываем высоконагруженную платформу автоматизации аналитики и бизнес-процессов.</p>
    <h3>Обязанности:</h3><ul><li>Разработка микросервисов на Go и фреймворке FastAPI.</li>
    <li>Проектирование архитектуры базы данных Redis и оптимизация сложных аналитических запросов.</li>
    <li>Контейнеризация и настройка пайплайнов деплоя с использованием Docker.</li></ul>
    <h3>Требования:</h3><ul><li>Опыт работы с технологиями: FastAPI, Redis, CI/CD, Go, SQLAlchemy, Docker, Celery.</li>
    <li>Понимание принципов чистого кода, SOLID и микросервисной архитектуры.</li>
    <li>Умение работать в Agile/Scrum команде.</li></ul>
    <h3>Мы предлагаем:</h3><ul><li>Конкурентная зарплата, гибкий график, ДМС и возможность удаленной работы.</li></ul>"
90000242,"Backend Разработчик (Python, FastAPI, PostgreSQL)",От 1 года до 3 лет,between1And3,180000,295000,RUR,remote,"[""Django"", ""CI/CD"", ""Docker"", ""Redis""]","<p>В финтех направление открыта вакансия Backend Разработчик (Python, FastAPI, PostgreSQL).</p>
    <p><strong>Задачи:</strong></p><ul><li>Создание масштабируемых сервисов с низким latency.</li>
    <li>Интеграция с платежными шлюзами и внешними API.</li><li>Написание юнит и интеграционных тестов.</li></ul>
    <p><strong>Стек:</strong> Django, CI/CD, Docker, Redis.</p>
    <p><strong>Условия:</strong> полностью белая зарплата, техника на выбор, дружная инженерная культура.</p>"
90000243,Ищем: Ведущий разработчик Python,Более 6 лет,moreThan6,355000,555000,RUR,fullDay,"[""FastAPI"", ""CI/CD"", ""Docker"", ""Asyncio"", ""Kubernetes"", ""ClickHouse"", ""PostgreSQL""]","<p>В финтех направление открыта вакансия Ищем: Ведущий разработчик Python.</p>
    <p><strong>Задачи:</strong></p><ul><li>Создание масштабируемых сервисов с низким latency.</li>
    <li>Интеграция с платежными шлюзами и внешними API.</li><li>Написание юнит и интеграционных тестов.</li></ul>
    <p><strong>Стек:</strong> FastAPI, CI/CD, Docker, Asyncio, Kubernetes, ClickHouse, PostgreSQL.</p>
    <p><strong>Условия:</strong> полностью белая зарплата, техника на выбор, дружная инженерная культура.</p>"
90000244,DevOps Engineer,От 3 до 6 лет,between3And6,225000,,RUR,remote,"[""SQLAlchemy"", ""ClickHouse"", ""FastAPI"", ""Python""]","<h3>О проекте:</h3><p>Мы разрабатываем высоконагруженную платформу автоматизации аналитики и бизнес-процессов.</p>
    <h3>Обязанности:</h3><ul><li>Разработка микросервисов на Python и фреймворке FastAPI.</li>
    <li>Проектирование архитектуры базы данных Redis и оптимизация сложных аналитических запросов.</li>
    <li>Контейнеризация и настройка пайплайнов деплоя с использованием Docker.</li></ul>
    <h3>Требования:</h3><ul><li>Опыт работы с технологиями: SQLAlchemy, ClickHouse, FastAPI, Python.</li>
    <li>Понимание принципов чистого кода, SOLID и микросервисной архитектуры.</li>
    <li>Умение работать в Agile/Scrum команде.</li></ul>
    <h3>Мы предлагаем:</h3><ul><li>Конкурентная зарплата, гибкий график, ДМС и возможность удаленной работы.</li></ul>"
90000245,Ищем: Стажер-разработчик Python,Нет опыта,noExperience,40000,,RUR,remote,"[""REST API"", ""Linux"", ""Microservices"", ""Python"", ""Asyncio""]","<h3>О проекте:</h3><p>Мы разрабатываем высоконагруженную платформу автоматизации аналитики и бизнес-процессов.</p>
    <h3>Обязанности:</h3><ul><li>Разработка микросервисов на Python и фреймворке Flask.</li>
    <li>Проектирование архитектуры базы данных Redis и оптимизация сложных аналитических запросов.</li>
    <li>Контейнеризация и настройка пайплайнов деплоя с использованием Docker.</li></ul>
    <h3>Требования:</h3><ul><li>Опыт работы с технологиями: REST API, Linux, Microservices, Python, Asyncio.</li>
    <li>Понимание принципов чистого кода, SOLID и микросервисной архитектуры.</li>
    <li>Умение работать в Agile/Scrum команде.</li></ul>
    <h3>Мы предлагаем:</h3><ul><li>Конкурентная зарплата, гибкий график, ДМС и возможность удаленной работы.</li></ul>"
90000246,Senior DevOps / SRE Engineer,От 3 до 6 лет,between3And6,255000,390000,RUR,remote,"[""Microservices"", ""Kubernetes"", ""REST API"", ""Python""]","<h3>О проекте:</h3><p>Мы разрабатываем высоконагруженную платформу автоматизации аналитики и бизнес-процессов.</p>
    <h3>Обязанности:</h3><ul><li>Разработка микросервисов на Python и фреймворке Flask.</li>
    <li>Проектирование архитектуры базы данных Redis и оптимизация сложных аналитических запросов.</li>
    <li>Контейнеризация и настройка пайплайнов деплоя с использованием Docker и Kubernetes.</li></ul>
    <h3>Требования:</h3><ul><li>Опыт работы с технологиями: Microservices, Kubernetes, REST API, Python.</li>
    <li>Понимание принципов чистого кода, SOLID и микросервисной архитектуры.</li>
    <li>Умение работать в Agile/Scrum команде.</li></ul>
    <h3>Мы предлагаем:</h3><ul><li>Конкурентная зарплата, гибкий график, ДМС и возможность удаленной работы.</li></ul>"
90000247,Удаленно: Junior Go / Golang Developer,От 1 года до 3 лет,between1And3,65000,115000,RUR,fullDay,"[""REST API"", ""Linux"", ""Celery"", ""Python"", ""ClickHouse"", ""PostgreSQL""]","<h3>О проекте:</h3><p>Мы разрабатываем высоконагруженную платформу автоматизации аналитики и бизнес-процессов.</p>
    <h3>Обязанности:</h3><ul><li>Разработка микросервисов на Python и фреймворке Flask.</li>
    <li>Проектирование архитектуры базы данных PostgreSQL и оптимизация сложных аналитических запросов.</li>
    <li>Контейнеризация и настройка пайплайнов деплоя с использованием Docker.</li></ul>
    <h3>Требования:</h3><ul><li>Опыт работы с технологиями: REST API, Linux, Celery, Python, ClickHouse, PostgreSQL.</li>
    <li>Понимание принципов чистого кода, SOLID и микросервисной архитектуры.</li>
    <li>Умение работать в Agile/Scrum команде.</li></ul>
    <h3>Мы предлагаем:</h3><ul><li>Конкурентная зарплата, гибкий график, ДМС и возможность удаленной работы.</li></ul>"
90000248,IT Компания: Fullstack Developer (Python / Vue.js),От 1 года до 3 лет,between1And3,135000,220000,RUR,remote,"[""Git"", ""CI/CD"", ""Go"", ""SQLAlchemy"", ""Docker"", ""Python""]","<p>В финтех направление открыта вакансия IT Компания: Fullstack Developer (Python / Vue.js).</p>
    <p><strong>Задачи:</strong></p><ul><li>Создание масштабируемых сервисов с низким latency.</li>
    <li>Интеграция с платежными шлюзами и внешними API.</li><li>Написание юнит и интеграционных тестов.</li></ul>
    <p><strong>Стек:</strong> Git, CI/CD, Go, SQLAlchemy, Docker, Python.</p>
    <p><strong>Условия:</strong> полностью белая зарплата, техника на выбор, дружная инженерная культура.</p>"
90000249,Junior DevOps Engineer,От 1 года до 3 лет,between1And3,60000,100000,RUR,fullDay,"[""Git"", ""REST API"", ""Linux"", ""Django"", ""PostgreSQL"", ""Kubernetes""]","<h3>О проекте:</h3><p>Мы разрабатываем высоконагруженную платформу автоматизации аналитики и бизнес-процессов.</p>
    <h3>Обязанности:</h3><ul><li>Разработка микросервисов на Python и фреймворке Django.</li>
    <li>Проектирование архитектуры базы данных PostgreSQL и оптимизация сложных аналитических запросов.</li>
    <li>Контейнеризация и настройка пайплайнов деплоя с использованием Docker и Kubernetes.</li></ul>
    <h3>Требования:</h3><ul><li>Опыт работы с технологиями: Git, REST API, Linux, Django, PostgreSQL, Kubernetes.</li>
    <li>Понимание принципов чистого кода, SOLID и микросервисной архитектуры.</li>
    <li>Умение работать в Agile/Scrum команде.</li></ul>
    <h3>Мы предлагаем:</h3><ul><li>Конкурентная зарплата, гибкий график, ДМС и возможность удаленной работы.</li></ul>"
90000250,Ищем: Младший программист Python / Django,От 1 года до 3 лет,between1And3,70000,,RUR,remote,"[""REST API"", ""Git"", ""Linux"", ""Python"", ""Django"", ""PostgreSQL""]","<p>В финтех направление открыта вакансия Ищем: Младший программист Python / Django.</p>
    <p><strong>Задачи:</strong></p><ul><li>Создание масштабируемых сервисов с низким latency.</li>
    <li>Интеграция с платежными шлюзами и внешними API.</li><li>Написание юнит и интеграционных тестов.</li></ul>
    <p><strong>Стек:</strong> REST API, Git, Linux, Python, Django, PostgreSQL.</p>
    <p><strong>Условия:</strong> полностью белая зарплата, техника на выбор, дружная инженерная культура.</p>"
90000251,IT Компания: Tech Lead (Python / FastAPI / Highload),Более 6 лет,moreThan6,380000,595000,RUR,remote,"[""FastAPI"", ""Microservices"", ""Go"", ""SQLAlchemy"", ""Kubernetes""]","<h3>О проекте:</h3><p>Мы разрабатываем высоконагруженную платформу автоматизации аналитики и бизнес-процессов.</p>
    <h3>Обязанности:</h3><ul><li>Разработка микросервисов на Python и фреймворке FastAPI.</li>
    <li>Проектирование архитектуры базы данных Redis и оптимизация сложных аналитических запросов.</li>
    <li>Контейнеризация и настройка пайплайнов деплоя с использованием Docker и Kubernetes.</li></ul>
    <h3>Требования:</h3><ul><li>Опыт работы с технологиями: FastAPI, Microservices, Go, SQLAlchemy, Kubernetes.</li>
    <li>Понимание принципов чистого кода, SOLID и микросервисной архитектуры.</li>
    <li>Умение работать в Agile/Scrum команде.</li></ul>
    <h3>Мы предлагаем:</h3><ul><li>Конкурентная зарплата, гибкий график, ДМС и возможность удаленной работы.</li></ul>"
90000252,Junior Python Developer,Нет опыта,noExperience,55000,105000,RUR,flexible,"[""Celery"", ""Linux"", ""Python"", ""Docker""]","<p>В финтех направление открыта вакансия Junior Python Developer.</p>
    <p><strong>Задачи:</strong></p><ul><li>Создание масштабируемых сервисов с низким latency.</li>
    <li>Интеграция с платежными шлюзами и внешними API.</li><li>Написание юнит и интеграционных тестов.</li></ul>
    <p><strong>Стек:</strong> Celery, Linux, Python, Docker.</p>
    <p><strong>Условия:</strong> полностью белая зарплата, техника на выбор, дружная инженерная культура.</p>"
90000253,IT Компания: Senior Python Developer,Более 6 лет,moreThan6,,,RUR,fullDay,"[""Linux"", ""Redis"", ""Go"", ""Kafka"", ""ClickHouse""]","<h3>О проекте:</h3><p>Мы разрабатываем высоконагруженную платформу автоматизации аналитики и бизнес-процессов.</p>
    <h3>Обязанности:</h3><ul><li>Разработка микросервисов на Go и фреймворке Flask.</li>
    <li>Проектирование архитектуры базы данных Redis и оптимизация сложных аналитических запросов.</li>
    <li>Контейнеризация и настройка пайплайнов деплоя с использованием Docker.</li></ul>
    <h3>Требования:</h3><ul><li>Опыт работы с технологиями: Linux, Redis, Go, Kafka, ClickHouse.</li>
    <li>Понимание принципов чистого кода, SOLID и микросервисной архитектуры.</li>
    <li>Умение работать в Agile/Scrum команде.</li></ul>
    <h3>Мы предлагаем:</h3><ul><li>Конкурентная зарплата, гибкий график, ДМС и возможность удаленной работы.</li></ul>"
90000254,Удаленно: Junior Go / Golang Developer,Нет опыта,noExperience,,,RUR,remote,"[""REST API"", ""Django"", ""Linux"", ""Python""]","<p>В финтех направление открыта вакансия Удаленно: Junior Go / Golang Developer.</p>
    <p><strong>Задачи:</strong></p><ul><li>Создание масштабируемых сервисов с низким latency.</li>
    <li>Интеграция с платежными шлюзами и внешними API.</li><li>Написание юнит и интеграционных тестов.</li></ul>
    <p><strong>Стек:</strong> REST API, Django, Linux, Python.</p>
    <p><strong>Условия:</strong> полностью белая зарплата, техника на выбор, дружная инженерная культура.</p>"
90000255,Middle Data Engineer,От 3 до 6 лет,between3And6,,,RUR,fullDay,"[""Git"", ""FastAPI"", ""Pytest"", ""SQLAlchemy"", ""Celery"", ""Asyncio""]","<p>В финтех направление открыта вакансия Middle Data Engineer.</p>
    <p><strong>Задачи:</strong></p><ul><li>Создание масштабируемых сервисов с низким latency.</li>
    <li>Интеграция с платежными шлюзами и внешними API.</li><li>Написание юнит и интеграционных тестов.</li></ul>
    <p><strong>Стек:</strong> Git, FastAPI, Pytest, SQLAlchemy, Celery, Asyncio.</p>
    <p><strong>Условия:</strong> полностью белая зарплата, техника на выбор, дружная инженерная культура.</p>"
90000256,Удаленно: Trainee / Junior Data Engineer,Нет опыта,noExperience,55000,90000,RUR,remote,"[""Git"", ""Microservices"", ""Linux"", ""Python""]","<p>В финтех направление открыта вакансия Удаленно: Trainee / Junior Data Engineer.</p>
    <p><strong>Задачи:</strong></p><ul><li>Создание масштабируемых сервисов с низким latency.</li>
    <li>Интеграция с платежными шлюзами и внешними API.</li><li>Написание юнит и интеграционных тестов.</li></ul>
    <p><strong>Стек:</strong> Git, Microservices, Linux, Python.</p>
    <p><strong>Условия:</strong> полностью белая зарплата, техника на выбор, дружная инженерная культура.</p>"
90000257,Ищем: Golang Developer (Middle),От 3 до 6 лет,between3And6,,,RUR,remote,"[""Pytest"", ""PostgreSQL"", ""FastAPI"", ""RabbitMQ""]","<h3>О проекте:</h3><p>Мы разрабатываем высоконагруженную платформу автоматизации аналитики и бизнес-процессов.</p>
    <h3>Обязанности:</h3><ul><li>Разработка микросервисов на Python и фреймворке FastAPI.</li>
    <li>Проектирование архитектуры базы данных PostgreSQL и оптимизация сложных аналитических запросов.</li>
    <li>Контейнеризация и настройка пайплайнов деплоя с использованием Docker.</li></ul>
    <h3>Требования:</h3><ul><li>Опыт работы с технологиями: Pytest, PostgreSQL, FastAPI, RabbitMQ.</li>
    <li>Понимание принципов чистого кода, SOLID и микросервисной архитектуры.</li>
    <li>Умение работать в Agile/Scrum команде.</li></ul>
    <h3>Мы предлагаем:</h3><ul><li>Конкурентная зарплата, гибкий график, ДМС и возможность удаленной работы.</li></ul>"
90000258,Удаленно: Junior Go / Golang Developer,Нет опыта,noExperience,70000,120000,RUR,remote,"[""REST API"", ""Django"", ""Linux""]","<p>В финтех направление открыта вакансия Удаленно: Junior Go / Golang Developer.</p>
    <p><strong>Задачи:</strong></p><ul><li>Создание масштабируемых сервисов с низким latency.</li>
    <li>Интеграция с платежными шлюзами и внешними API.</li><li>Написание юнит и интеграционных тестов.</li></ul>
    <p><strong>Стек:</strong> REST API, Django, Linux.</p>
    <p><strong>Условия:</strong> полностью белая зарплата, техника на выбор, дружная инженерная культура.</p>"
90000259,Junior DevOps Engineer,От 1 года до 3 лет,between1And3,75000,125000,RUR,fullDay,"[""Pytest"", ""SQLAlchemy"", ""PostgreSQL"", ""Linux""]","<h3>О проекте:</h3><p>Мы разрабатываем высоконагруженную платформу автоматизации аналитики и бизнес-процессов.</p>
    <h3>Обязанности:</h3><ul><li>Разработка микросервисов на Python и фреймворке Flask.</li>
    <li>Проектирование архитектуры базы данных PostgreSQL и оптимизация сложных аналитических запросов.</li>
    <li>Контейнеризация и настройка пайплайнов деплоя с использованием Docker.</li></ul>
    <h3>Требования:</h3><ul><li>Опыт работы с технологиями: Pytest, SQLAlchemy, PostgreSQL, Linux.</li>
    <li>Понимание принципов чистого кода, SOLID и микросервисной архитектуры.</li>
    <li>Умение работать в Agile/Scrum команде.</li></ul>
    <h3>Мы предлагаем:</h3><ul><li>Конкурентная зарплата, гибкий график, ДМС и возможность удаленной работы.</li></ul>"
90000260,Senior Python Developer,Нет опыта,noExperience,305000,475000,RUR,remote,"[""Microservices"", ""ClickHouse"", ""PostgreSQL"", ""Python""]","<p>В финтех направление открыта вакансия Senior Python Developer.</p>
    <p><strong>Задачи:</strong></p><ul><li>Создание масштабируемых сервисов с низким latency.</li>
    <li>Интеграция с платежными шлюзами и внешними API.</li><li>Написание юнит и интеграционных тестов.</li></ul>
    <p><strong>Стек:</strong> Microservices, ClickHouse, PostgreSQL, Python.</p>
    <p><strong>Условия:</strong> полностью белая зарплата, техника на выбор, дружная инженерная культура.</p>"
90000261,IT Компания: Trainee / Junior Data Engineer,Нет опыта,noExperience,50000,,RUR,remote,"[""REST API"", ""Linux"", ""Django"", ""PostgreSQL"", ""Kubernetes""]","<p>В финтех направление открыта вакансия IT Компания: Trainee / Junior Data Engineer.</p>
    <p><strong>Задачи:</strong></p><ul><li>Создание масштабируемых сервисов с низким latency.</li>
    <li>Интеграция с платежными шлюзами и внешними API.</li><li>Написание юнит и интеграционных тестов.</li></ul>
    <p><strong>Стек:</strong> REST API, Linux, Django, PostgreSQL, Kubernetes.</p>
    <p><strong>Условия:</strong> полностью белая зарплата, техника на выбор, дружная инженерная культура.</p>"
90000262,IT Компания: Senior DevOps / SRE Engineer,От 3 до 6 лет,between3And6,265000,405000,RUR,remote,"[""Linux"", ""Redis"", ""Celery"", ""Python"", ""Kafka"", ""Kubernetes""]","<h3>О проекте:</h3><p>Мы разрабатываем высоконагруженную платформу автоматизации аналитики и бизнес-процессов.</p>
    <h3>Обязанности:</h3><ul><li>Разработка микросервисов на Python и фреймворке Flask.</li>
    <li>Проектирование архитектуры базы данных Redis и оптимизация сложных аналитических запросов.</li>
    <li>Контейнеризация и настройка пайплайнов деплоя с использованием Docker и Kubernetes.</li></ul>
    <h3>Требования:</h3><ul><li>Опыт работы с технологиями: Linux, Redis, Celery, Python, Kafka, Kubernetes.</li>
    <li>Понимание принципов чистого кода, SOLID и микросервисной архитектуры.</li>
    <li>Умение работать в Agile/Scrum команде.</li></ul>
    <h3>Мы предлагаем:</h3><ul><li>Конкурентная зарплата, гибкий график, ДМС и возможность удаленной работы.</li></ul>"
90000263,"Backend Разработчик (Python, FastAPI, PostgreSQL)",От 1 года до 3 лет,between1And3,160000,255000,RUR,remote,"[""Redis"", ""SQLAlchemy"", ""Docker"", ""Kubernetes"", ""PostgreSQL""]","<h3>О проекте:</h3><p>Мы разрабатываем высоконагруженную платформу автоматизации аналитики и бизнес-процессов.</p>
    <h3>Обязанности:</h3><ul><li>Разработка микросервисов на Python и фреймворке Flask.</li>
    <li>Проектирование архитектуры базы данных PostgreSQL и оптимизация сложных аналитических запросов.</li>
    <li>Контейнеризация и настройка пайплайнов деплоя с использованием Docker и Kubernetes.</li></ul>
    <h3>Требования:</h3><ul><li>Опыт работы с технологиями: Redis, SQLAlchemy, Docker, Kubernetes, PostgreSQL.</li>
    <li>Понимание принципов чистого кода, SOLID и микросервисной архитектуры.</li>
    <li>Умение работать в Agile/Scrum команде.</li></ul>
    <h3>Мы предлагаем:</h3><ul><li>Конкурентная зарплата, гибкий график, ДМС и возможность удаленной работы.</li></ul>"
90000264,Middle Python Developer,От 1 года до 3 лет,between1And3,135000,215000,RUR,remote,"[""REST API"", ""Redis"", ""Go"", ""Docker"", ""Python"", ""Asyncio"", ""Django"", ""PostgreSQL""]","<p>В финтех направление открыта вакансия Middle Python Developer.</p>
    <p><strong>Задачи:</strong></p><ul><li>Создание масштабируемых сервисов с низким latency.</li>
    <li>Интеграция с платежными шлюзами и внешними API.</li><li>Написание юнит и интеграционных тестов.</li></ul>
    <p><strong>Стек:</strong> REST API, Redis, Go, Docker, Python, Asyncio, Django, PostgreSQL.</p>
    <p><strong>Условия:</strong> полностью белая зарплата, техника на выбор, дружная инженерная культура.</p>"
90000265,Fullstack Developer (Python / Vue.js),От 1 года до 3 лет,between1And3,,210000,RUR,remote,"[""FastAPI"", ""Redis"", ""CI/CD"", ""SQLAlchemy"", ""Python"", ""Django""]","<h3>О проекте:</h3><p>Мы разрабатываем высоконагруженную платформу автоматизации аналитики и бизнес-процессов.</p>
    <h3>Обязанности:</h3><ul><li>Разработка микросервисов на Python и фреймворке FastAPI.</li>
    <li>Проектирование архитектуры базы данных Redis и оптимизация сложных аналитических запросов.</li>
    <li>Контейнеризация и настройка пайплайнов деплоя с использованием Docker.</li></ul>
    <h3>Требования:</h3><ul><li>Опыт работы с технологиями: FastAPI, Redis, CI/CD, SQLAlchemy, Python, Django.</li>
    <li>Понимание принципов чистого кода, SOLID и микросервисной архитектуры.</li>
    <li>Умение работать в Agile/Scrum команде.</li></ul>
    <h3>Мы предлагаем:</h3><ul><li>Конкурентная зарплата, гибкий график, ДМС и возможность удаленной работы.</li></ul>"
90000266,Senior DevOps / SRE Engineer,От 3 до 6 лет,between3And6,330000,510000,RUR,remote,"[""FastAPI"", ""Microservices"", ""Kafka"", ""RabbitMQ"", ""Kubernetes""]","<p>В финтех направление открыта вакансия Senior DevOps / SRE Engineer.</p>
    <p><strong>Задачи:</strong></p><ul><li>Создание масштабируемых сервисов с низким latency.</li>
    <li>Интеграция с платежными шлюзами и внешними API.</li><li>Написание юнит и интеграционных тестов.</li></ul>
    <p><strong>Стек:</strong> FastAPI, Microservices, Kafka, RabbitMQ, Kubernetes.</p>
    <p><strong>Условия:</strong> полностью белая зарплата, техника на выбор, дружная инженерная культура.</p>"
90000267,IT Компания: Middle Data Engineer,От 3 до 6 лет,between3And6,,,RUR,fullDay,"[""Git"", ""Linux"", ""SQLAlchemy"", ""Docker"", ""RabbitMQ""]","<h3>О проекте:</h3><p>Мы разрабатываем высоконагруженную платформу автоматизации аналитики и бизнес-процессов.</p>
    <h3>Обязанности:</h3><ul><li>Разработка микросервисов на Python и фреймворке Flask.</li>
    <li>Проектирование архитектуры базы данных Redis и оптимизация сложных аналитических запросов.</li>
    <li>Контейнеризация и настройка пайплайнов деплоя с использованием Docker.</li></ul>
    <h3>Требования:</h3><ul><li>Опыт работы с технологиями: Git, Linux, SQLAlchemy, Docker, RabbitMQ.</li>
    <li>Понимание принципов чистого кода, SOLID и микросервисной архитектуры.</li>
    <li>Умение работать в Agile/Scrum команде.</li></ul>
    <h3>Мы предлагаем:</h3><ul><li>Конкурентная зарплата, гибкий график, ДМС и возможность удаленной работы.</li></ul>"
90000268,"Senior Backend Architect (Go, PostgreSQL, Kafka)",Более 6 лет,moreThan6,435000,645000,RUR,fullDay,"[""Git"", ""CI/CD"", ""Docker"", ""Python"", ""Kafka""]","<h3>О проекте:</h3><p>Мы разрабатываем высоконагруженную платформу автоматизации аналитики и бизнес-процессов.</p>
    <h3>Обязанности:</h3><ul><li>Разработка микросервисов на Python и фреймворке Flask.</li>
    <li>Проектирование архитектуры базы данных Redis и оптимизация сложных аналитических запросов.</li>
    <li>Контейнеризация и настройка пайплайнов деплоя с использованием Docker.</li></ul>
    <h3>Требования:</h3><ul><li>Опыт работы с технологиями: Git, CI/CD, Docker, Python, Kafka.</li>
    <li>Понимание принципов чистого кода, SOLID и микросервисной архитектуры.</li>
    <li>Умение работать в Agile/Scrum команде.</li></ul>
    <h3>Мы предлагаем:</h3><ul><li>Конкурентная зарплата, гибкий график, ДМС и возможность удаленной работы.</li></ul>"
90000269,Удаленно: Junior DevOps Engineer,От 1 года до 3 лет,between1And3,65000,110000,RUR,flexible,"[""Git"", ""Linux"", ""Pytest"", ""Celery"", ""Python"", ""Django""]","<h3>О проекте:</h3><p>Мы разрабатываем высоконагруженную платформу автоматизации аналитики и бизнес-процессов.</p>
    <h3>Обязанности:</h3><ul><li>Разработка микросервисов на Python и фреймворке Django.</li>
    <li>Проектирование архитектуры базы данных Redis и оптимизация сложных аналитических запросов.</li>
    <li>Контейнеризация и настройка пайплайнов деплоя с использованием Docker.</li></ul>
    <h3>Требования:</h3><ul><li>Опыт работы с технологиями: Git, Linux, Pytest, Celery, Python, Django.</li>
    <li>Понимание принципов чистого кода, SOLID и микросервисной архитектуры.</li>
    <li>Умение работать в Agile/Scrum команде.</li></ul>
    <h3>Мы предлагаем:</h3><ul><li>Конкурентная зарплата, гибкий график, ДМС и возможность удаленной работы.</li></ul>"
90000270,"Удаленно: Backend Разработчик (Python, FastAPI, PostgreSQL)",От 1 года до 3 лет,between1And3,150000,,RUR,fullDay,"[""Redis"", ""Pytest"", ""Docker"", ""SQLAlchemy"", ""ClickHouse"", ""PostgreSQL""]","<h3>О проекте:</h3><p>Мы разрабатываем высоконагруженную платформу автоматизации аналитики и бизнес-процессов.</p>
    <h3>Обязанности:</h3><ul><li>Разработка микросервисов на Python и фреймворке Flask.</li>
    <li>Проектирование архитектуры базы данных PostgreSQL и оптимизация сложных аналитических запросов.</li>
    <li>Контейнеризация и настройка пайплайнов деплоя с использованием Docker.</li></ul>
    <h3>Требования:</h3><ul><li>Опыт работы с технологиями: Redis, Pytest, Docker, SQLAlchemy, ClickHouse, PostgreSQL.</li>
    <li>Понимание принципов чистого кода, SOLID и микросервисной архитектуры.</li>
    <li>Умение работать в Agile/Scrum команде.</li></ul>
    <h3>Мы предлагаем:</h3><ul><li>Конкурентная зарплата, гибкий график, ДМС и возможность удаленной работы.</li></ul>"
90000271,Junior Go / Golang Developer,Нет опыта,noExperience,65000,110000,RUR,fullDay,"[""Git"", ""REST API"", ""Linux"", ""Redis"", ""FastAPI"", ""Python"", ""Kubernetes"", ""PostgreSQL""]","<h3>О проекте:</h3><p>Мы разрабатываем высоконагруженную платформу автоматизации аналитики и бизнес-процессов.</p>
    <h3>Обязанности:</h3><ul><li>Разработка микросервисов на Python и фреймворке FastAPI.</li>
    <li>Проектирование архитектуры базы данных PostgreSQL и оптимизация сложных аналитических запросов.</li>
    <li>Контейнеризация и настройка пайплайнов деплоя с использованием Docker и Kubernetes.</li></ul>
    <h3>Требования:</h3><ul><li>Опыт работы с технологиями: Git, REST API, Linux, Redis, FastAPI, Python, Kubernetes, PostgreSQL.</li>
    <li>Понимание принципов чистого кода, SOLID и микросервисной архитектуры.</li>
    <li>Умение работать в Agile/Scrum команде.</li></ul>
    <h3>Мы предлагаем:</h3><ul><li>Конкурентная зарплата, гибкий график, ДМС и возможность удаленной работы.</li></ul>"
90000272,Разработчик Python,Нет опыта,noExperience,45000,70000,RUR,flexible,"[""REST API"", ""Git"", ""Python"", ""Kafka"", ""PostgreSQL"", ""Kubernetes""]","<h3>О проекте:</h3><p>Мы разрабатываем высоконагруженную платформу автоматизации аналитики и бизнес-процессов.</p>
    <h3>Обязанности:</h3><ul><li>Разработка микросервисов на Python и фреймворке Flask.</li>
    <li>Проектирование архитектуры базы данных PostgreSQL и оптимизация сложных аналитических запросов.</li>
    <li>Контейнеризация и настройка пайплайнов деплоя с использованием Docker и Kubernetes.</li></ul>
    <h3>Требования:</h3><ul><li>Опыт работы с технологиями: REST API, Git, Python, Kafka, PostgreSQL, Kubernetes.</li>
    <li>Понимание принципов чистого кода, SOLID и микросервисной архитектуры.</li>
    <li>Умение работать в Agile/Scrum команде.</li></ul>
    <h3>Мы предлагаем:</h3><ul><li>Конкурентная зарплата, гибкий график, ДМС и возможность удаленной работы.</li></ul>"
90000273,"Удаленно: Senior Backend Architect (Go, PostgreSQL, Kafka)",Более 6 лет,moreThan6,320000,,RUR,remote,"[""Git"", ""Linux"", ""Microservices"", ""CI/CD"", ""Go"", ""Docker"", ""Celery""]","<p>В финтех направление открыта вакансия Удаленно: Senior Backend Architect (Go, PostgreSQL, Kafka).</p>
    <p><strong>Задачи:</strong></p><ul><li>Создание масштабируемых сервисов с низким latency.</li>
    <li>Интеграция с платежными шлюзами и внешними API.</li><li>Написание юнит и интеграционных тестов.</li></ul>
    <p><strong>Стек:</strong> Git, Linux, Microservices, CI/CD, Go, Docker, Celery.</p>
    <p><strong>Условия:</strong> полностью белая зарплата, техника на выбор, дружная инженерная культура.</p>"
90000274,Ищем: Senior Python Developer,От 3 до 6 лет,between3And6,315000,490000,RUR,remote,"[""Asyncio"", ""CI/CD"", ""Python""]","<p>В финтех направление открыта вакансия Ищем: Senior Python Developer.</p>
    <p><strong>Задачи:</strong></p><ul><li>Создание масштабируемых сервисов с низким latency.</li>
    <li>Интеграция с платежными шлюзами и внешними API.</li><li>Написание юнит и интеграционных тестов.</li></ul>
    <p><strong>Стек:</strong> Asyncio, CI/CD, Python.</p>
    <p><strong>Условия:</strong> полностью белая зарплата, техника на выбор, дружная инженерная культура.</p>"
90000275,Backend Engineer,От 3 до 6 лет,between3And6,160000,245000,RUR,remote,"[""Git"", ""Go"", ""Docker"", ""Asyncio"", ""Kubernetes""]","<p>В финтех направление открыта вакансия Backend Engineer.</p>
    <p><strong>Задачи:</strong></p><ul><li>Создание масштабируемых сервисов с низким latency.</li>
    <li>Интеграция с платежными шлюзами и внешними API.</li><li>Написание юнит и интеграционных тестов.</li></ul>
    <p><strong>Стек:</strong> Git, Go, Docker, Asyncio, Kubernetes.</p>
    <p><strong>Условия:</strong> полностью белая зарплата, техника на выбор, дружная инженерная культура.</p>"
90000276,Fullstack Developer (Python / Vue.js),От 1 года до 3 лет,between1And3,,,RUR,fullDay,"[""Git"", ""FastAPI"", ""Go"", ""Docker""]","<h3>О проекте:</h3><p>Мы разрабатываем высоконагруженную платформу автоматизации аналитики и бизнес-процессов.</p>
    <h3>Обязанности:</h3><ul><li>Разработка микросервисов на Python и фреймворке FastAPI.</li>
    <li>Проектирование архитектуры базы данных Redis и оптимизация сложных аналитических запросов.</li>
    <li>Контейнеризация и настройка пайплайнов деплоя с использованием Docker.</li></ul>
    <h3>Требования:</h3><ul><li>Опыт работы с технологиями: Git, FastAPI, Go, Docker.</li>
    <li>Понимание принципов чистого кода, SOLID и микросервисной архитектуры.</li>
    <li>Умение работать в Agile/Scrum команде.</li></ul>
    <h3>Мы предлагаем:</h3><ul><li>Конкурентная зарплата, гибкий график, ДМС и возможность удаленной работы.</li></ul>"
90000277,IT Компания: Senior Data Engineer / Architect,Более 6 лет,moreThan6,275000,,RUR,remote,"[""Go"", ""FastAPI"", ""Redis"", ""Docker""]","<h3>О проекте:</h3><p>Мы разрабатываем высоконагруженную платформу автоматизации аналитики и бизнес-процессов.</p>
    <h3>Обязанности:</h3><ul><li>Разработка микросервисов на Go и фреймворке FastAPI.</li>
    <li>Проектирование архитектуры базы данных Redis и оптимизация сложных аналитических запросов.</li>
    <li>Контейнеризация и настройка пайплайнов деплоя с использованием Docker.</li></ul>
    <h3>Требования:</h3><ul><li>Опыт работы с технологиями: Go, FastAPI, Redis, Docker.</li>
    <li>Понимание принципов чистого кода, SOLID и микросервисной архитектуры.</li>
    <li>Умение работать в Agile/Scrum команде.</li></ul>
    <h3>Мы предлагаем:</h3><ul><li>Конкурентная зарплата, гибкий график, ДМС и возможность удаленной работы.</li></ul>"
90000278,Junior QA Automation (Python),От 1 года до 3 лет,between1And3,60000,95000,RUR,remote,"[""Git"", ""REST API"", ""FastAPI"", ""Celery"", ""Python"", ""Django""]","<p>В финтех направление открыта вакансия Junior QA Automation (Python).</p>
    <p><strong>Задачи:</strong></p><ul><li>Создание масштабируемых сервисов с низким latency.</li>
    <li>Интеграция с платежными шлюзами и внешними API.</li><li>Написание юнит и интеграционных тестов.</li></ul>
    <p><strong>Стек:</strong> Git, REST API, FastAPI, Celery, Python, Django.</p>
    <p><strong>Условия:</strong> полностью белая зарплата, техника на выбор, дружная инженерная культура.</p>"
90000279,Trainee / Junior Data Engineer,Нет опыта,noExperience,45000,70000,RUR,remote,"[""Git"", ""Microservices"", ""Python"", ""Django"", ""PostgreSQL""]","<h3>О проекте:</h3><p>Мы разрабатываем высоконагруженную платформу автоматизации аналитики и бизнес-процессов.</p>
    <h3>Обязанности:</h3><ul><li>Разработка микросервисов на Python и фреймворке Django.</li>
    <li>Проектирование архитектуры базы данных PostgreSQL и оптимизация сложных аналитических запросов.</li>
    <li>Контейнеризация и настройка пайплайнов деплоя с использованием Docker.</li></ul>
    <h3>Требования:</h3><ul><li>Опыт работы с технологиями: Git, Microservices, Python, Django, PostgreSQL.</li>
    <li>Понимание принципов чистого кода, SOLID и микросервисной архитектуры.</li>
    <li>Умение работать в Agile/Scrum команде.</li></ul>
    <h3>Мы предлагаем:</h3><ul><li>Конкурентная зарплата, гибкий график, ДМС и возможность удаленной работы.</li></ul>"
90000280,IT Компания: Middle Go Engineer (Микросервисы),От 3 до 6 лет,between3And6,205000,,RUR,flexible,"[""Git"", ""Linux"", ""SQLAlchemy"", ""Asyncio"", ""Kafka""]","<h3>О проекте:</h3><p>Мы разрабатываем высоконагруженную платформу автоматизации аналитики и бизнес-процессов.</p>
    <h3>Обязанности:</h3><ul><li>Разработка микросервисов на Python и фреймворке Flask.</li>
    <li>Проектирование архитектуры базы данных Redis и оптимизация сложных аналитических запросов.</li>
    <li>Контейнеризация и настройка пайплайнов деплоя с использованием Docker.</li></ul>
    <h3>Требования:</h3><ul><li>Опыт работы с технологиями: Git, Linux, SQLAlchemy, Asyncio, Kafka.</li>
    <li>Понимание принципов чистого кода, SOLID и микросервисной архитектуры.</li>
    <li>Умение работать в Agile/Scrum команде.</li></ul>
    <h3>Мы предлагаем:</h3><ul><li>Конкурентная зарплата, гибкий график, ДМС и возможность удаленной работы.</li></ul>"
90000281,Senior DevOps / SRE Engineer,От 3 до 6 лет,between3And6,235000,365000,RUR,remote,"[""REST API"", ""Docker"", ""Python"", ""Asyncio"", ""ClickHouse""]","<h3>О проекте:</h3><p>Мы разрабатываем высоконагруженную платформу автоматизации аналитики и бизнес-процессов.</p>
    <h3>Обязанности:</h3><ul><li>Разработка микросервисов на Python и фреймворке Flask.</li>
    <li>Проектирование архитектуры базы данных Redis и оптимизация сложных аналитических запросов.</li>
    <li>Контейнеризация и настройка пайплайнов деплоя с использованием Docker.</li></ul>
    <h3>Требования:</h3><ul><li>Опыт работы с технологиями: REST API, Docker, Python, Asyncio, ClickHouse.</li>
    <li>Понимание принципов чистого кода, SOLID и микросервисной архитектуры.</li>
    <li>Умение работать в Agile/Scrum команде.</li></ul>
    <h3>Мы предлагаем:</h3><ul><li>Конкурентная зарплата, гибкий график, ДМС и возможность удаленной работы.</li></ul>"
90000282,Junior QA Automation (Python),От 1 года до 3 лет,between1And3,,120000,RUR,remote,"[""Git"", ""Django"", ""Linux""]","<p>В финтех направление открыта вакансия Junior QA Automation (Python).</p>
    <p><strong>Задачи:</strong></p><ul><li>Создание масштабируемых сервисов с низким latency.</li>
    <li>Интеграция с платежными шлюзами и внешними API.</li><li>Написание юнит и интеграционных тестов.</li></ul>
    <p><strong>Стек:</strong> Git, Django, Linux.</p>
    <p><strong>Условия:</strong> полностью белая зарплата, техника на выбор, дружная инженерная культура.</p>"
90000283,Backend Engineer,От 1 года до 3 лет,between1And3,,,RUR,fullDay,"[""Git"", ""Redis"", ""Go"", ""SQLAlchemy"", ""Docker"", ""ClickHouse""]","<p>В финтех направление открыта вакансия Backend Engineer.</p>
    <p><strong>Задачи:</strong></p><ul><li>Создание масштабируемых сервисов с низким latency.</li>
    <li>Интеграция с платежными шлюзами и внешними API.</li><li>Написание юнит и интеграционных тестов.</li></ul>
    <p><strong>Стек:</strong> Git, Redis, Go, SQLAlchemy, Docker, ClickHouse.</p>
    <p><strong>Условия:</strong> полностью белая зарплата, техника на выбор, дружная инженерная культура.</p>"
90000284,IT Компания: Golang Developer (Middle),От 3 до 6 лет,between3And6,190000,,RUR,remote,"[""Git"", ""Redis"", ""Microservices"", ""Go"", ""Docker"", ""SQLAlchemy"", ""Python""]","<p>В финтех направление открыта вакансия IT Компания: Golang Developer (Middle).</p>
    <p><strong>Задачи:</strong></p><ul><li>Создание масштабируемых сервисов с низким latency.</li>
    <li>Интеграция с платежными шлюзами и внешними API.</li><li>Написание юнит и интеграционных тестов.</li></ul>
    <p><strong>Стек:</strong> Git, Redis, Microservices, Go, Docker, SQLAlchemy, Python.</p>
    <p><strong>Условия:</strong> полностью белая зарплата, техника на выбор, дружная инженерная культура.</p>"
90000285,Tech Lead (Python / FastAPI / Highload),Более 6 лет,moreThan6,,,RUR,fullDay,"[""Django"", ""Docker"", ""Kubernetes"", ""ClickHouse"", ""PostgreSQL""]","<h3>О проекте:</h3><p>Мы разрабатываем высоконагруженную платформу автоматизации аналитики и бизнес-процессов.</p>
    <h3>Обязанности:</h3><ul><li>Разработка микросервисов на Python и фреймворке Django.</li>
    <li>Проектирование архитектуры базы данных PostgreSQL и оптимизация сложных аналитических запросов.</li>
    <li>Контейнеризация и настройка пайплайнов деплоя с использованием Docker и Kubernetes.</li></ul>
    <h3>Требования:</h3><ul><li>Опыт работы с технологиями: Django, Docker, Kubernetes, ClickHouse, PostgreSQL.</li>
    <li>Понимание принципов чистого кода, SOLID и микросервисной архитектуры.</li>
    <li>Умение работать в Agile/Scrum команде.</li></ul>
    <h3>Мы предлагаем:</h3><ul><li>Конкурентная зарплата, гибкий график, ДМС и возможность удаленной работы.</li></ul>"
90000286,Инженер бэкенда,От 3 до 6 лет,between3And6,,,RUR,remote,"[""REST API"", ""Microservices"", ""SQLAlchemy"", ""Python"", ""ClickHouse""]","<p>В финтех направление открыта вакансия Инженер бэкенда.</p>
    <p><strong>Задачи:</strong></p><ul><li>Создание масштабируемых сервисов с низким latency.</li>
    <li>Интеграция с платежными шлюзами и внешними API.</li><li>Написание юнит и интеграционных тестов.</li></ul>
    <p><strong>Стек:</strong> REST API, Microservices, SQLAlchemy, Python, ClickHouse.</p>
    <p><strong>Условия:</strong> полностью белая зарплата, техника на выбор, дружная инженерная культура.</p>"
90000287,Удаленно: Стажер-разработчик Python,Нет опыта,noExperience,,,RUR,flexible,"[""Celery"", ""Linux"", ""Python"", ""RabbitMQ""]","<p>В финтех направление открыта вакансия Удаленно: Стажер-разработчик Python.</p>
    <p><strong>Задачи:</strong></p><ul><li>Создание масштабируемых сервисов с низким latency.</li>
    <li>Интеграция с платежными шлюзами и внешними API.</li><li>Написание юнит и интеграционных тестов.</li></ul>
    <p><strong>Стек:</strong> Celery, Linux, Python, RabbitMQ.</p>
    <p><strong>Условия:</strong> полностью белая зарплата, техника на выбор, дружная инженерная культура.</p>"
90000288,Ведущий разработчик Python,Более 6 лет,moreThan6,,,RUR,remote,"[""CI/CD"", ""PostgreSQL""]","<h3>О проекте:</h3><p>Мы разрабатываем высоконагруженную платформу автоматизации аналитики и бизнес-процессов.</p>
    <h3>Обязанности:</h3><ul><li>Разработка микросервисов на Python и фреймворке Flask.</li>
    <li>Проектирование архитектуры базы данных PostgreSQL и оптимизация сложных аналитических запросов.</li>
    <li>Контейнеризация и настройка пайплайнов деплоя с использованием Docker.</li></ul>
    <h3>Требования:</h3><ul><li>Опыт работы с технологиями: CI/CD, PostgreSQL.</li>
    <li>Понимание принципов чистого кода, SOLID и микросервисной архитектуры.</li>
    <li>Умение работать в Agile/Scrum команде.</li></ul>
    <h3>Мы предлагаем:</h3><ul><li>Конкурентная зарплата, гибкий график, ДМС и возможность удаленной работы.</li></ul>"
90000289,IT Компания: Lead / Senior Backend Engineer (Go / Python),Более 6 лет,moreThan6,,,RUR,fullDay,"[""Git"", ""Microservices"", ""CI/CD"", ""Go"", ""Kubernetes"", ""ClickHouse"", ""PostgreSQL"", ""RabbitMQ""]","<p>В финтех направление открыта вакансия IT Компания: Lead / Senior Backend Engineer (Go / Python).</p>
    <p><strong>Задачи:</strong></p><ul><li>Создание масштабируемых сервисов с низким latency.</li>
    <li>Интеграция с платежными шлюзами и внешними API.</li><li>Написание юнит и интеграционных тестов.</li></ul>
    <p><strong>Стек:</strong> Git, Microservices, CI/CD, Go, Kubernetes, ClickHouse, PostgreSQL, RabbitMQ.</p>
    <p><strong>Условия:</strong> полностью белая зарплата, техника на выбор, дружная инженерная культура.</p>"
90000290,Удаленно: Senior Python Developer,От 3 до 6 лет,between3And6,330000,510000,RUR,flexible,"[""Linux"", ""Docker"", ""SQLAlchemy"", ""Celery"", ""Kafka"", ""PostgreSQL"", ""Kubernetes""]","<p>В финтех направление открыта вакансия Удаленно: Senior Python Developer.</p>
    <p><strong>Задачи:</strong></p><ul><li>Создание масштабируемых сервисов с низким latency.</li>
    <li>Интеграция с платежными шлюзами и внешними API.</li><li>Написание юнит и интеграционных тестов.</li></ul>
    <p><strong>Стек:</strong> Linux, Docker, SQLAlchemy, Celery, Kafka, PostgreSQL, Kubernetes.</p>
    <p><strong>Условия:</strong> полностью белая зарплата, техника на выбор, дружная инженерная культура.</p>"
90000291,IT Компания: Middle Data Engineer,От 3 до 6 лет,between3And6,210000,320000,RUR,flexible,"[""Git"", ""Django"", ""Docker""]","<h3>О проекте:</h3><p>Мы разрабатываем высоконагруженную платформу автоматизации аналитики и бизнес-процессов.</p>
    <h3>Обязанности:</h3><ul><li>Разработка микросервисов на Python и фреймворке Django.</li>
    <li>Проектирование архитектуры базы данных Redis и оптимизация сложных аналитических запросов.</li>
    <li>Контейнеризация и настройка пайплайнов деплоя с использованием Docker.</li></ul>
    <h3>Требования:</h3><ul><li>Опыт работы с технологиями: Git, Django, Docker.</li>
    <li>Понимание принципов чистого кода, SOLID и микросервисной архитектуры.</li>
    <li>Умение работать в Agile/Scrum команде.</li></ul>
    <h3>Мы предлагаем:</h3><ul><li>Конкурентная зарплата, гибкий график, ДМС и возможность удаленной работы.</li></ul>"
90000292,Удаленно: Ведущий разработчик Python,Более 6 лет,moreThan6,310000,,RUR,remote,"[""Kubernetes"", ""PostgreSQL"", ""Docker"", ""Redis""]","<p>В финтех направление открыта вакансия Удаленно: Ведущий разработчик Python.</p>
    <p><strong>Задачи:</strong></p><ul><li>Создание масштабируемых сервисов с низким latency.</li>
    <li>Интеграция с платежными шлюзами и внешними API.</li><li>Написание юнит и интеграционных тестов.</li></ul>
    <p><strong>Стек:</strong> Kubernetes, PostgreSQL, Docker, Redis.</p>
    <p><strong>Условия:</strong> полностью белая зарплата, техника на выбор, дружная инженерная культура.</p>"
90000293,Ищем: Junior Go / Golang Developer,Нет опыта,noExperience,65000,110000,RUR,fullDay,"[""REST API"", ""Django"", ""Linux"", ""Python""]","<p>В финтех направление открыта вакансия Ищем: Junior Go / Golang Developer.</p>
    <p><strong>Задачи:</strong></p><ul><li>Создание масштабируемых сервисов с низким latency.</li>
    <li>Интеграция с платежными шлюзами и внешними API.</li><li>Написание юнит и интеграционных тестов.</li></ul>
    <p><strong>Стек:</strong> REST API, Django, Linux, Python.</p>
    <p><strong>Условия:</strong> полностью белая зарплата, техника на выбор, дружная инженерная культура.</p>"
90000294,"IT Компания: Middle DevOps Engineer (Docker, K8s)",От 3 до 6 лет,between3And6,205000,320000,RUR,fullDay,"[""Git"", ""Go"", ""SQLAlchemy"", ""Docker"", ""Python"", ""Django"", ""ClickHouse"", ""PostgreSQL""]","<h3>О проекте:</h3><p>Мы разрабатываем высоконагруженную платформу автоматизации аналитики и бизнес-процессов.</p>
    <h3>Обязанности:</h3><ul><li>Разработка микросервисов на Go и фреймворке Django.</li>
    <li>Проектирование архитектуры базы данных PostgreSQL и оптимизация сложных аналитических запросов.</li>
    <li>Контейнеризация и настройка пайплайнов деплоя с использованием Docker.</li></ul>
    <h3>Требования:</h3><ul><li>Опыт работы с технологиями: Git, Go, SQLAlchemy, Docker, Python, Django, ClickHouse, PostgreSQL.</li>
    <li>Понимание принципов чистого кода, SOLID и микросервисной архитектуры.</li>
    <li>Умение работать в Agile/Scrum команде.</li></ul>
    <h3>Мы предлагаем:</h3><ul><li>Конкурентная зарплата, гибкий график, ДМС и возможность удаленной работы.</li></ul>"
90000295,Младший программист Python / Django,От 1 года до 3 лет,between1And3,,105000,RUR,remote,"[""Git"", ""Go"", ""Python"", ""ClickHouse"", ""PostgreSQL""]","<p>В финтех направление открыта вакансия Младший программист Python / Django.</p>
    <p><strong>Задачи:</strong></p><ul><li>Создание масштабируемых сервисов с низким latency.</li>
    <li>Интеграция с платежными шлюзами и внешними API.</li><li>Написание юнит и интеграционных тестов.</li></ul>
    <p><strong>Стек:</strong> Git, Go, Python, ClickHouse, PostgreSQL.</p>
    <p><strong>Условия:</strong> полностью белая зарплата, техника на выбор, дружная инженерная культура.</p>"
90000296,IT Компания: Junior Go / Golang Developer,Нет опыта,noExperience,,,RUR,remote,"[""REST API"", ""Git"", ""Linux"", ""FastAPI"", ""Python"", ""PostgreSQL""]","<p>В финтех направление открыта вакансия IT Компания: Junior Go / Golang Developer.</p>
    <p><strong>Задачи:</strong></p><ul><li>Создание масштабируемых сервисов с низким latency.</li>
    <li>Интеграция с платежными шлюзами и внешними API.</li><li>Написание юнит и интеграционных тестов.</li></ul>
    <p><strong>Стек:</strong> REST API, Git, Linux, FastAPI, Python, PostgreSQL.</p>
    <p><strong>Условия:</strong> полностью белая зарплата, техника на выбор, дружная инженерная культура.</p>"
90000297,"Удаленно: Middle DevOps Engineer (Docker, K8s)",От 3 до 6 лет,between3And6,,,RUR,remote,"[""Git"", ""Redis"", ""Docker"", ""Python"", ""Kafka"", ""PostgreSQL""]","<p>В финтех направление открыта вакансия Удаленно: Middle DevOps Engineer (Docker, K8s).</p>
    <p><strong>Задачи:</strong></p><ul><li>Создание масштабируемых сервисов с низким latency.</li>
    <li>Интеграция с платежными шлюзами и внешними API.</li><li>Написание юнит и интеграционных тестов.</li></ul>
    <p><strong>Стек:</strong> Git, Redis, Docker, Python, Kafka, PostgreSQL.</p>
    <p><strong>Условия:</strong> полностью белая зарплата, техника на выбор, дружная инженерная культура.</p>"
90000298,IT Компания: Tech Lead (Python / FastAPI / Highload),Более 6 лет,moreThan6,330000,515000,RUR,fullDay,"[""Kafka"", ""PostgreSQL"", ""Python"", ""Docker""]","<p>В финтех направление открыта вакансия IT Компания: Tech Lead (Python / FastAPI / Highload).</p>
    <p><strong>Задачи:</strong></p><ul><li>Создание масштабируемых сервисов с низким latency.</li>
    <li>Интеграция с платежными шлюзами и внешними API.</li><li>Написание юнит и интеграционных тестов.</li></ul>
    <p><strong>Стек:</strong> Kafka, PostgreSQL, Python, Docker.</p>
    <p><strong>Условия:</strong> полностью белая зарплата, техника на выбор, дружная инженерная культура.</p>"
90000299,Ведущий разработчик Python,Более 6 лет,moreThan6,330000,515000,RUR,fullDay,"[""FastAPI"", ""Redis"", ""Microservices"", ""Go"", ""Docker"", ""Python"", ""Kafka"", ""ClickHouse""]","<p>В финтех направление открыта вакансия Ведущий разработчик Python.</p>
    <p><strong>Задачи:</strong></p><ul><li>Создание масштабируемых сервисов с низким latency.</li>
    <li>Интеграция с платежными шлюзами и внешними API.</li><li>Написание юнит и интеграционных тестов.</li></ul>
    <p><strong>Стек:</strong> FastAPI, Redis, Microservices, Go, Docker, Python, Kafka, ClickHouse.</p>
    <p><strong>Условия:</strong> полностью белая зарплата, техника на выбор, дружная инженерная культура.</p>"
90000300,Ищем: Junior DevOps Engineer,От 1 года до 3 лет,between1And3,60000,100000,RUR,flexible,"[""Pytest"", ""SQLAlchemy"", ""Python"", ""Kubernetes"", ""PostgreSQL""]","<h3>О проекте:</h3><p>Мы разрабатываем высоконагруженную платформу автоматизации аналитики и бизнес-процессов.</p>
    <h3>Обязанности:</h3><ul><li>Разработка микросервисов на Python и фреймворке Flask.</li>
    <li>Проектирование архитектуры базы данных PostgreSQL и оптимизация сложных аналитических запросов.</li>
    <li>Контейнеризация и настройка пайплайнов деплоя с использованием Docker и Kubernetes.</li></ul>
    <h3>Требования:</h3><ul><li>Опыт работы с технологиями: Pytest, SQLAlchemy, Python, Kubernetes, PostgreSQL.</li>
    <li>Понимание принципов чистого кода, SOLID и микросервисной архитектуры.</li>
    <li>Умение работать в Agile/Scrum команде.</li></ul>
    <h3>Мы предлагаем:</h3><ul><li>Конкурентная зарплата, гибкий график, ДМС и возможность удаленной работы.</li></ul>"
90000301,IT Компания: Golang Developer (Middle),От 3 до 6 лет,between3And6,,,RUR,remote,"[""REST API"", ""Django"", ""Docker"", ""Python"", ""Kafka""]","<p>В финтех направление открыта вакансия IT Компания: Golang Developer (Middle).</p>
    <p><strong>Задачи:</strong></p><ul><li>Создание масштабируемых сервисов с низким latency.</li>
    <li>Интеграция с платежными шлюзами и внешними API.</li><li>Написание юнит и интеграционных тестов.</li></ul>
    <p><strong>Стек:</strong> REST API, Django, Docker, Python, Kafka.</p>
    <p><strong>Условия:</strong> полностью белая зарплата, техника на выбор, дружная инженерная культура.</p>"
90000302,DevOps Engineer,Более 6 лет,moreThan6,330000,490000,RUR,fullDay,"[""Kafka"", ""CI/CD"", ""Docker"", ""Python""]","<p>В финтех направление открыта вакансия DevOps Engineer.</p>
    <p><strong>Задачи:</strong></p><ul><li>Создание масштабируемых сервисов с низким latency.</li>
    <li>Интеграция с платежными шлюзами и внешними API.</li><li>Написание юнит и интеграционных тестов.</li></ul>
    <p><strong>Стек:</strong> Kafka, CI/CD, Docker, Python.</p>
    <p><strong>Условия:</strong> полностью белая зарплата, техника на выбор, дружная инженерная культура.</p>"
90000303,Backend Engineer,От 1 года до 3 лет,between1And3,155000,250000,RUR,fullDay,"[""Git"", ""FastAPI"", ""Redis"", ""SQLAlchemy"", ""Docker""]","<h3>О проекте:</h3><p>Мы разрабатываем высоконагруженную платформу автоматизации аналитики и бизнес-процессов.</p>
    <h3>Обязанности:</h3><ul><li>Разработка микросервисов на Python и фреймворке FastAPI.</li>
    <li>Проектирование архитектуры базы данных Redis и оптимизация сложных аналитических запросов.</li>
    <li>Контейнеризация и настройка пайплайнов деплоя с использованием Docker.</li></ul>
    <h3>Требования:</h3><ul><li>Опыт работы с технологиями: Git, FastAPI, Redis, SQLAlchemy, Docker.</li>
    <li>Понимание принципов чистого кода, SOLID и микросервисной архитектуры.</li>
    <li>Умение работать в Agile/Scrum команде.</li></ul>
    <h3>Мы предлагаем:</h3><ul><li>Конкурентная зарплата, гибкий график, ДМС и возможность удаленной работы.</li></ul>"
90000304,Удаленно: Младший программист Python / Django,От 1 года до 3 лет,between1And3,60000,95000,RUR,fullDay,"[""REST API"", ""Linux"", ""Docker"", ""Python"", ""Django""]","<p>В финтех направление открыта вакансия Удаленно: Младший программист Python / Django.</p>
    <p><strong>Задачи:</strong></p><ul><li>Создание масштабируемых сервисов с низким latency.</li>
    <li>Интеграция с платежными шлюзами и внешними API.</li><li>Написание юнит и интеграционных тестов.</li></ul>
    <p><strong>Стек:</strong> REST API, Linux, Docker, Python, Django.</p>
    <p><strong>Условия:</strong> полностью белая зарплата, техника на выбор, дружная инженерная культура.</p>"
90000305,"IT Компания: Middle DevOps Engineer (Docker, K8s)",От 3 до 6 лет,between3And6,195000,305000,RUR,remote,"[""Git"", ""Pytest"", ""SQLAlchemy"", ""Python"", ""Kubernetes"", ""ClickHouse""]","<h3>О проекте:</h3><p>Мы разрабатываем высоконагруженную платформу автоматизации аналитики и бизнес-процессов.</p>
    <h3>Обязанности:</h3><ul><li>Разработка микросервисов на Python и фреймворке Flask.</li>
    <li>Проектирование архитектуры базы данных Redis и оптимизация сложных аналитических запросов.</li>
    <li>Контейнеризация и настройка пайплайнов деплоя с использованием Docker и Kubernetes.</li></ul>
    <h3>Требования:</h3><ul><li>Опыт работы с технологиями: Git, Pytest, SQLAlchemy, Python, Kubernetes, ClickHouse.</li>
    <li>Понимание принципов чистого кода, SOLID и микросервисной архитектуры.</li>
    <li>Умение работать в Agile/Scrum команде.</li></ul>
    <h3>Мы предлагаем:</h3><ul><li>Конкурентная зарплата, гибкий график, ДМС и возможность удаленной работы.</li></ul>"
90000306,Senior DevOps / SRE Engineer,От 3 до 6 лет,between3And6,290000,450000,RUR,remote,"[""FastAPI"", ""Microservices"", ""Go"", ""ClickHouse"", ""PostgreSQL"", ""RabbitMQ""]","<h3>О проекте:</h3><p>Мы разрабатываем высоконагруженную платформу автоматизации аналитики и бизнес-процессов.</p>
    <h3>Обязанности:</h3><ul><li>Разработка микросервисов на Go и фреймворке FastAPI.</li>
    <li>Проектирование архитектуры базы данных PostgreSQL и оптимизация сложных аналитических запросов.</li>
    <li>Контейнеризация и настройка пайплайнов деплоя с использованием Docker.</li></ul>
    <h3>Требования:</h3><ul><li>Опыт работы с технологиями: FastAPI, Microservices, Go, ClickHouse, PostgreSQL, RabbitMQ.</li>
    <li>Понимание принципов чистого кода, SOLID и микросервисной архитектуры.</li>
    <li>Умение работать в Agile/Scrum команде.</li></ul>
    <h3>Мы предлагаем:</h3><ul><li>Конкурентная зарплата, гибкий график, ДМС и возможность удаленной работы.</li></ul>"
90000307,IT Компания: Middle Python Developer,От 1 года до 3 лет,between1And3,,,RUR,remote,"[""FastAPI"", ""Redis"", ""Go"", ""SQLAlchemy"", ""Docker"", ""Asyncio""]","<p>В финтех направление открыта вакансия IT Компания: Middle Python Developer.</p>
    <p><strong>Задачи:</strong></p><ul><li>Создание масштабируемых сервисов с низким latency.</li>
    <li>Интеграция с платежными шлюзами и внешними API.</li><li>Написание юнит и интеграционных тестов.</li></ul>
    <p><strong>Стек:</strong> FastAPI, Redis, Go, SQLAlchemy, Docker, Asyncio.</p>
    <p><strong>Условия:</strong> полностью белая зарплата, техника на выбор, дружная инженерная культура.</p>"
90000308,"Удаленно: Senior Backend Architect (Go, PostgreSQL, Kafka)",Более 6 лет,moreThan6,370000,550000,RUR,remote,"[""Microservices"", ""Celery"", ""Python"", ""Kafka"", ""PostgreSQL"", ""Kubernetes""]","<p>В финтех направление открыта вакансия Удаленно: Senior Backend Architect (Go, PostgreSQL, Kafka).</p>
    <p><strong>Задачи:</strong></p><ul><li>Создание масштабируемых сервисов с низким latency.</li>
    <li>Интеграция с платежными шлюзами и внешними API.</li><li>Написание юнит и интеграционных тестов.</li></ul>
    <p><strong>Стек:</strong> Microservices, Celery, Python, Kafka, PostgreSQL, Kubernetes.</p>
    <p><strong>Условия:</strong> полностью белая зарплата, техника на выбор, дружная инженерная культура.</p>"
90000309,Senior Python Developer,От 3 до 6 лет,between3And6,310000,485000,RUR,remote,"[""Git"", ""Linux"", ""Microservices"", ""Go"", ""PostgreSQL""]","<h3>О проекте:</h3><p>Мы разрабатываем высоконагруженную платформу автоматизации аналитики и бизнес-процессов.</p>
    <h3>Обязанности:</h3><ul><li>Разработка микросервисов на Go и фреймворке Flask.</li>
    <li>Проектирование архитектуры базы данных PostgreSQL и оптимизация сложных аналитических запросов.</li>
    <li>Контейнеризация и настройка пайплайнов деплоя с использованием Docker.</li></ul>
    <h3>Требования:</h3><ul><li>Опыт работы с технологиями: Git, Linux, Microservices, Go, PostgreSQL.</li>
    <li>Понимание принципов чистого кода, SOLID и микросервисной архитектуры.</li>
    <li>Умение работать в Agile/Scrum команде.</li></ul>
    <h3>Мы предлагаем:</h3><ul><li>Конкурентная зарплата, гибкий график, ДМС и возможность удаленной работы.</li></ul>"
90000310,IT Компания: Fullstack Developer (Python / Vue.js),Более 6 лет,moreThan6,145000,235000,RUR,remote,"[""FastAPI"", ""CI/CD"", ""Go"", ""Python"", ""Asyncio""]","<p>В финтех направление открыта вакансия IT Компания: Fullstack Developer (Python / Vue.js).</p>
    <p><strong>Задачи:</strong></p><ul><li>Создание масштабируемых сервисов с низким latency.</li>
    <li>Интеграция с платежными шлюзами и внешними API.</li><li>Написание юнит и интеграционных тестов.</li></ul>
    <p><strong>Стек:</strong> FastAPI, CI/CD, Go, Python, Asyncio.</p>
    <p><strong>Условия:</strong> полностью белая зарплата, техника на выбор, дружная инженерная культура.</p>"
90000311,"Ищем: Senior Backend Architect (Go, PostgreSQL, Kafka)",Более 6 лет,moreThan6,300000,450000,RUR,fullDay,"[""FastAPI"", ""Linux"", ""Pytest"", ""Python"", ""Kafka""]","<p>В финтех направление открыта вакансия Ищем: Senior Backend Architect (Go, PostgreSQL, Kafka).</p>
    <p><strong>Задачи:</strong></p><ul><li>Создание масштабируемых сервисов с низким latency.</li>
    <li>Интеграция с платежными шлюзами и внешними API.</li><li>Написание юнит и интеграционных тестов.</li></ul>
    <p><strong>Стек:</strong> FastAPI, Linux, Pytest, Python, Kafka.</p>
    <p><strong>Условия:</strong> полностью белая зарплата, техника на выбор, дружная инженерная культура.</p>"
90000312,Инженер бэкенда,От 1 года до 3 лет,between1And3,,,RUR,fullDay,"[""Git"", ""Linux"", ""Go"", ""SQLAlchemy"", ""Python"", ""Asyncio"", ""Kubernetes""]","<p>В финтех направление открыта вакансия Инженер бэкенда.</p>
    <p><strong>Задачи:</strong></p><ul><li>Создание масштабируемых сервисов с низким latency.</li>
    <li>Интеграция с платежными шлюзами и внешними API.</li><li>Написание юнит и интеграционных тестов.</li></ul>
    <p><strong>Стек:</strong> Git, Linux, Go, SQLAlchemy, Python, Asyncio, Kubernetes.</p>
    <p><strong>Условия:</strong> полностью белая зарплата, техника на выбор, дружная инженерная культура.</p>"
90000313,IT Компания: Python Backend Engineer,От 1 года до 3 лет,between1And3,,,RUR,fullDay,"[""Asyncio"", ""FastAPI"", ""PostgreSQL"", ""Python""]","<h3>О проекте:</h3><p>Мы разрабатываем высоконагруженную платформу автоматизации аналитики и бизнес-процессов.</p>
    <h3>Обязанности:</h3><ul><li>Разработка микросервисов на Python и фреймворке FastAPI.</li>
    <li>Проектирование архитектуры базы данных PostgreSQL и оптимизация сложных аналитических запросов.</li>
    <li>Контейнеризация и настройка пайплайнов деплоя с использованием Docker.</li></ul>
    <h3>Требования:</h3><ul><li>Опыт работы с технологиями: Asyncio, FastAPI, PostgreSQL, Python.</li>
    <li>Понимание принципов чистого кода, SOLID и микросервисной архитектуры.</li>
    <li>Умение работать в Agile/Scrum команде.</li></ul>
    <h3>Мы предлагаем:</h3><ul><li>Конкурентная зарплата, гибкий график, ДМС и возможность удаленной работы.</li></ul>"
90000314,Младший программист Python / Django,От 1 года до 3 лет,between1And3,70000,,RUR,remote,"[""Git"", ""Asyncio"", ""Django"", ""ClickHouse"", ""PostgreSQL""]","<h3>О проекте:</h3><p>Мы разрабатываем высоконагруженную платформу автоматизации аналитики и бизнес-процессов.</p>
    <h3>Обязанности:</h3><ul><li>Разработка микросервисов на Python и фреймворке Django.</li>
    <li>Проектирование архитектуры базы данных PostgreSQL и оптимизация сложных аналитических запросов.</li>
    <li>Контейнеризация и настройка пайплайнов деплоя с использованием Docker.</li></ul>
    <h3>Требования:</h3><ul><li>Опыт работы с технологиями: Git, Asyncio, Django, ClickHouse, PostgreSQL.</li>
    <li>Понимание принципов чистого кода, SOLID и микросервисной архитектуры.</li>
    <li>Умение работать в Agile/Scrum команде.</li></ul>
    <h3>Мы предлагаем:</h3><ul><li>Конкурентная зарплата, гибкий график, ДМС и возможность удаленной работы.</li></ul>"
90000315,Удаленно: Junior Go / Golang Developer,Нет опыта,noExperience,,115000,RUR,remote,"[""REST API"", ""Django"", ""PostgreSQL"", ""Linux""]","<h3>О проекте:</h3><p>Мы разрабатываем высоконагруженную платформу автоматизации аналитики и бизнес-процессов.</p>
    <h3>Обязанности:</h3><ul><li>Разработка микросервисов на Python и фреймворке Django.</li>
    <li>Проектирование архитектуры базы данных PostgreSQL и оптимизация сложных аналитических запросов.</li>
    <li>Контейнеризация и настройка пайплайнов деплоя с использованием Docker.</li></ul>
    <h3>Требования:</h3><ul><li>Опыт работы с технологиями: REST API, Django, PostgreSQL, Linux.</li>
    <li>Понимание принципов чистого кода, SOLID и микросервисной архитектуры.</li>
    <li>Умение работать в Agile/Scrum команде.</li></ul>
    <h3>Мы предлагаем:</h3><ul><li>Конкурентная зарплата, гибкий график, ДМС и возможность удаленной работы.</li></ul>"
90000316,Ищем: Junior Backend Engineer (FastAPI),От 1 года до 3 лет,between1And3,70000,110000,RUR,flexible,"[""REST API"", ""Git"", ""Linux"", ""Pytest"", ""Django"", ""PostgreSQL""]","<p>В финтех направление открыта вакансия Ищем: Junior Backend Engineer (FastAPI).</p>
    <p><strong>Задачи:</strong></p><ul><li>Создание масштабируемых сервисов с низким latency.</li>
    <li>Интеграция с платежными шлюзами и внешними API.</li><li>Написание юнит и интеграционных тестов.</li></ul>
    <p><strong>Стек:</strong> REST API, Git, Linux, Pytest, Django, PostgreSQL.</p>
    <p><strong>Условия:</strong> полностью белая зарплата, техника на выбор, дружная инженерная культура.</p>"
90000317,IT Компания: Senior Python Developer,От 3 до 6 лет,between3And6,,475000,RUR,remote,"[""Go"", ""ClickHouse"", ""PostgreSQL"", ""RabbitMQ""]","<h3>О проекте:</h3><p>Мы разрабатываем высоконагруженную платформу автоматизации аналитики и бизнес-процессов.</p>
    <h3>Обязанности:</h3><ul><li>Разработка микросервисов на Python и фреймворке Flask.</li>
    <li>Проектирование архитектуры базы данных PostgreSQL и оптимизация сложных аналитических запросов.</li>
    <li>Контейнеризация и настройка пайплайнов деплоя с использованием Docker.</li></ul>
    <h3>Требования:</h3><ul><li>Опыт работы с технологиями: Go, ClickHouse, PostgreSQL, RabbitMQ.</li>
    <li>Понимание принципов чистого кода, SOLID и микросервисной архитектуры.</li>
    <li>Умение работать в Agile/Scrum команде.</li></ul>
    <h3>Мы предлагаем:</h3><ul><li>Конкурентная зарплата, гибкий график, ДМС и возможность удаленной работы.</li></ul>"
90000318,Junior Python Developer,Нет опыта,noExperience,,,RUR,remote,"[""SQLAlchemy"", ""PostgreSQL"", ""Python"", ""ClickHouse""]","<h3>О проекте:</h3><p>Мы разрабатываем высоконагруженную платформу автоматизации аналитики и бизнес-процессов.</p>
    <h3>Обязанности:</h3><ul><li>Разработка микросервисов на Python и фреймворке Flask.</li>
    <li>Проектирование архитектуры базы данных PostgreSQL и оптимизация сложных аналитических запросов.</li>
    <li>Контейнеризация и настройка пайплайнов деплоя с использованием Docker.</li></ul>
    <h3>Требования:</h3><ul><li>Опыт работы с технологиями: SQLAlchemy, PostgreSQL, Python, ClickHouse.</li>
    <li>Понимание принципов чистого кода, SOLID и микросервисной архитектуры.</li>
    <li>Умение работать в Agile/Scrum команде.</li></ul>
    <h3>Мы предлагаем:</h3><ul><li>Конкурентная зарплата, гибкий график, ДМС и возможность удаленной работы.</li></ul>"
90000319,Trainee / Junior Data Engineer,Нет опыта,noExperience,65000,100000,RUR,remote,"[""Linux"", ""Python"", ""Django"", ""ClickHouse"", ""PostgreSQL""]","<h3>О проекте:</h3><p>Мы разрабатываем высоконагруженную платформу автоматизации аналитики и бизнес-процессов.</p>
    <h3>Обязанности:</h3><ul><li>Разработка микросервисов на Python и фреймворке Django.</li>
    <li>Проектирование архитектуры базы данных PostgreSQL и оптимизация сложных аналитических запросов.</li>
    <li>Контейнеризация и настройка пайплайнов деплоя с использованием Docker.</li></ul>
    <h3>Требования:</h3><ul><li>Опыт работы с технологиями: Linux, Python, Django, ClickHouse, PostgreSQL.</li>
    <li>Понимание принципов чистого кода, SOLID и микросервисной архитектуры.</li>
    <li>Умение работать в Agile/Scrum команде.</li></ul>
    <h3>Мы предлагаем:</h3><ul><li>Конкурентная зарплата, гибкий график, ДМС и возможность удаленной работы.</li></ul>"
90000320,Ищем: Junior DevOps Engineer,От 1 года до 3 лет,between1And3,65000,110000,RUR,remote,"[""REST API"", ""Django"", ""Pytest"", ""Linux""]","<h3>О проекте:</h3><p>Мы разрабатываем высоконагруженную платформу автоматизации аналитики и бизнес-процессов.</p>
    <h3>Обязанности:</h3><ul><li>Разработка микросервисов на Python и фреймворке Django.</li>
    <li>Проектирование архитектуры базы данных Redis и оптимизация сложных аналитических запросов.</li>
    <li>Контейнеризация и настройка пайплайнов деплоя с использованием Docker.</li></ul>
    <h3>Требования:</h3><ul><li>Опыт работы с технологиями: REST API, Django, Pytest, Linux.</li>
    <li>Понимание принципов чистого кода, SOLID и микросервисной архитектуры.</li>
    <li>Умение работать в Agile/Scrum команде.</li></ul>
    <h3>Мы предлагаем:</h3><ul><li>Конкурентная зарплата, гибкий график, ДМС и возможность удаленной работы.</li></ul>"
90000321,"Удаленно: Backend Разработчик (Python, FastAPI, PostgreSQL)",От 1 года до 3 лет,between1And3,,,RUR,fullDay,"[""Git"", ""FastAPI"", ""Go"", ""Docker"", ""Asyncio"", ""PostgreSQL""]","<h3>О проекте:</h3><p>Мы разрабатываем высоконагруженную платформу автоматизации аналитики и бизнес-процессов.</p>
    <h3>Обязанности:</h3><ul><li>Разработка микросервисов на Go и фреймворке FastAPI.</li>
    <li>Проектирование архитектуры базы данных PostgreSQL и оптимизация сложных аналитических запросов.</li>
    <li>Контейнеризация и настройка пайплайнов деплоя с использованием Docker.</li></ul>
    <h3>Требования:</h3><ul><li>Опыт работы с технологиями: Git, FastAPI, Go, Docker, Asyncio, PostgreSQL.</li>
    <li>Понимание принципов чистого кода, SOLID и микросервисной архитектуры.</li>
    <li>Умение работать в Agile/Scrum команде.</li></ul>
    <h3>Мы предлагаем:</h3><ul><li>Конкурентная зарплата, гибкий график, ДМС и возможность удаленной работы.</li></ul>"
90000322,IT Компания: Junior Go / Golang Developer,Нет опыта,noExperience,50000,90000,RUR,fullDay,"[""Git"", ""REST API"", ""CI/CD"", ""Go"", ""SQLAlchemy"", ""Python"", ""Django""]","<h3>О проекте:</h3><p>Мы разрабатываем высоконагруженную платформу автоматизации аналитики и бизнес-процессов.</p>
    <h3>Обязанности:</h3><ul><li>Разработка микросервисов на Go и фреймворке Django.</li>
    <li>Проектирование архитектуры базы данных Redis и оптимизация сложных аналитических запросов.</li>
    <li>Контейнеризация и настройка пайплайнов деплоя с использованием Docker.</li></ul>
    <h3>Требования:</h3><ul><li>Опыт работы с технологиями: Git, REST API, CI/CD, Go, SQLAlchemy, Python, Django.</li>
    <li>Понимание принципов чистого кода, SOLID и микросервисной архитектуры.</li>
    <li>Умение работать в Agile/Scrum команде.</li></ul>
    <h3>Мы предлагаем:</h3><ul><li>Конкурентная зарплата, гибкий график, ДМС и возможность удаленной работы.</li></ul>"
90000323,Удаленно: Junior Python Developer,Нет опыта,noExperience,,75000,RUR,remote,"[""REST API"", ""Linux"", ""Pytest"", ""Django"", ""PostgreSQL""]","<h3>О проекте:</h3><p>Мы разрабатываем высоконагруженную платформу автоматизации аналитики и бизнес-процессов.</p>
    <h3>Обязанности:</h3><ul><li>Разработка микросервисов на Python и фреймворке Django.</li>
    <li>Проектирование архитектуры базы данных PostgreSQL и оптимизация сложных аналитических запросов.</li>
    <li>Контейнеризация и настройка пайплайнов деплоя с использованием Docker.</li></ul>
    <h3>Требования:</h3><ul><li>Опыт работы с технологиями: REST API, Linux, Pytest, Django, PostgreSQL.</li>
    <li>Понимание принципов чистого кода, SOLID и микросервисной архитектуры.</li>
    <li>Умение работать в Agile/Scrum команде.</li></ul>
    <h3>Мы предлагаем:</h3><ul><li>Конкурентная зарплата, гибкий график, ДМС и возможность удаленной работы.</li></ul>"
90000324,"Удаленно: Backend Разработчик (Python, FastAPI, PostgreSQL)",От 1 года до 3 лет,between1And3,140000,230000,RUR,flexible,"[""Django"", ""Docker"", ""Redis""]","<p>В финтех направление открыта вакансия Удаленно: Backend Разработчик (Python, FastAPI, PostgreSQL).</p>
    <p><strong>Задачи:</strong></p><ul><li>Создание масштабируемых сервисов с низким latency.</li>
    <li>Интеграция с платежными шлюзами и внешними API.</li><li>Написание юнит и интеграционных тестов.</li></ul>
    <p><strong>Стек:</strong> Django, Docker, Redis.</p>
    <p><strong>Условия:</strong> полностью белая зарплата, техника на выбор, дружная инженерная культура.</p>"
90000325,Senior Golang Developer,От 3 до 6 лет,between3And6,315000,,RUR,remote,"[""Kafka"", ""Go"", ""FastAPI""]","<h3>О проекте:</h3><p>Мы разрабатываем высоконагруженную платформу автоматизации аналитики и бизнес-процессов.</p>
    <h3>Обязанности:</h3><ul><li>Разработка микросервисов на Go и фреймворке FastAPI.</li>
    <li>Проектирование архитектуры базы данных Redis и оптимизация сложных аналитических запросов.</li>
    <li>Контейнеризация и настройка пайплайнов деплоя с использованием Docker.</li></ul>
    <h3>Требования:</h3><ul><li>Опыт работы с технологиями: Kafka, Go, FastAPI.</li>
    <li>Понимание принципов чистого кода, SOLID и микросервисной архитектуры.</li>
    <li>Умение работать в Agile/Scrum команде.</li></ul>
    <h3>Мы предлагаем:</h3><ul><li>Конкурентная зарплата, гибкий график, ДМС и возможность удаленной работы.</li></ul>"
90000326,Ищем: Ведущий разработчик Python,Более 6 лет,moreThan6,295000,460000,RUR,remote,"[""Microservices"", ""ClickHouse"", ""FastAPI""]","<p>В финтех направление открыта вакансия Ищем: Ведущий разработчик Python.</p>
    <p><strong>Задачи:</strong></p><ul><li>Создание масштабируемых сервисов с низким latency.</li>
    <li>Интеграция с платежными шлюзами и внешними API.</li><li>Написание юнит и интеграционных тестов.</li></ul>
    <p><strong>Стек:</strong> Microservices, ClickHouse, FastAPI.</p>
    <p><strong>Условия:</strong> полностью белая зарплата, техника на выбор, дружная инженерная культура.</p>"
90000327,IT Компания: Junior Backend Engineer (FastAPI),От 1 года до 3 лет,between1And3,70000,110000,RUR,fullDay,"[""Git"", ""REST API"", ""Linux"", ""Python"", ""PostgreSQL""]","<h3>О проекте:</h3><p>Мы разрабатываем высоконагруженную платформу автоматизации аналитики и бизнес-процессов.</p>
    <h3>Обязанности:</h3><ul><li>Разработка микросервисов на Python и фреймворке Flask.</li>
    <li>Проектирование архитектуры базы данных PostgreSQL и оптимизация сложных аналитических запросов.</li>
    <li>Контейнеризация и настройка пайплайнов деплоя с использованием Docker.</li></ul>
    <h3>Требования:</h3><ul><li>Опыт работы с технологиями: Git, REST API, Linux, Python, PostgreSQL.</li>
    <li>Понимание принципов чистого кода, SOLID и микросервисной архитектуры.</li>
    <li>Умение работать в Agile/Scrum команде.</li></ul>
    <h3>Мы предлагаем:</h3><ul><li>Конкурентная зарплата, гибкий график, ДМС и возможность удаленной работы.</li></ul>"
90000328,Middle Go Engineer (Микросервисы),От 3 до 6 лет,between3And6,,,RUR,fullDay,"[""FastAPI"", ""Go"", ""Docker"", ""Celery"", ""Django"", ""PostgreSQL""]","<p>В финтех направление открыта вакансия Middle Go Engineer (Микросервисы).</p>
    <p><strong>Задачи:</strong></p><ul><li>Создание масштабируемых сервисов с низким latency.</li>
    <li>Интеграция с платежными шлюзами и внешними API.</li><li>Написание юнит и интеграционных тестов.</li></ul>
    <p><strong>Стек:</strong> FastAPI, Go, Docker, Celery, Django, PostgreSQL.</p>
    <p><strong>Условия:</strong> полностью белая зарплата, техника на выбор, дружная инженерная культура.</p>"
90000329,IT Компания: Lead / Senior Backend Engineer (Go / Python),Более 6 лет,moreThan6,340000,530000,RUR,remote,"[""REST API"", ""FastAPI"", ""Go"", ""Kafka"", ""ClickHouse"", ""PostgreSQL"", ""Kubernetes""]","<p>В финтех направление открыта вакансия IT Компания: Lead / Senior Backend Engineer (Go / Python).</p>
    <p><strong>Задачи:</strong></p><ul><li>Создание масштабируемых сервисов с низким latency.</li>
    <li>Интеграция с платежными шлюзами и внешними API.</li><li>Написание юнит и интеграционных тестов.</li></ul>
    <p><strong>Стек:</strong> REST API, FastAPI, Go, Kafka, ClickHouse, PostgreSQL, Kubernetes.</p>
    <p><strong>Условия:</strong> полностью белая зарплата, техника на выбор, дружная инженерная культура.</p>"
90000330,Backend Engineer,От 3 до 6 лет,between3And6,155000,,RUR,fullDay,"[""FastAPI"", ""Go"", ""SQLAlchemy"", ""Python"", ""ClickHouse""]","<h3>О проекте:</h3><p>Мы разрабатываем высоконагруженную платформу автоматизации аналитики и бизнес-процессов.</p>
    <h3>Обязанности:</h3><ul><li>Разработка микросервисов на Go и фреймворке FastAPI.</li>
    <li>Проектирование архитектуры базы данных Redis и оптимизация сложных аналитических запросов.</li>
    <li>Контейнеризация и настройка пайплайнов деплоя с использованием Docker.</li></ul>
    <h3>Требования:</h3><ul><li>Опыт работы с технологиями: FastAPI, Go, SQLAlchemy, Python, ClickHouse.</li>
    <li>Понимание принципов чистого кода, SOLID и микросервисной архитектуры.</li>
    <li>Умение работать в Agile/Scrum команде.</li></ul>
    <h3>Мы предлагаем:</h3><ul><li>Конкурентная зарплата, гибкий график, ДМС и возможность удаленной работы.</li></ul>"
90000331,Младший программист Python / Django,От 1 года до 3 лет,between1And3,60000,95000,RUR,remote,"[""REST API"", ""Linux"", ""Microservices"", ""SQLAlchemy"", ""Docker"", ""Python"", ""Django"", ""PostgreSQL""]","<p>В финтех направление открыта вакансия Младший программист Python / Django.</p>
    <p><strong>Задачи:</strong></p><ul><li>Создание масштабируемых сервисов с низким latency.</li>
    <li>Интеграция с платежными шлюзами и внешними API.</li><li>Написание юнит и интеграционных тестов.</li></ul>
    <p><strong>Стек:</strong> REST API, Linux, Microservices, SQLAlchemy, Docker, Python, Django, PostgreSQL.</p>
    <p><strong>Условия:</strong> полностью белая зарплата, техника на выбор, дружная инженерная культура.</p>"
90000332,Удаленно: Стажер-разработчик Python,Нет опыта,noExperience,,,RUR,fullDay,"[""PostgreSQL"", ""Python"", ""RabbitMQ""]","<p>В финтех направление открыта вакансия Удаленно: Стажер-разработчик Python.</p>
    <p><strong>Задачи:</strong></p><ul><li>Создание масштабируемых сервисов с низким latency.</li>
    <li>Интеграция с платежными шлюзами и внешними API.</li><li>Написание юнит и интеграционных тестов.</li></ul>
    <p><strong>Стек:</strong> PostgreSQL, Python, RabbitMQ.</p>
    <p><strong>Условия:</strong> полностью белая зарплата, техника на выбор, дружная инженерная культура.</p>"
90000333,Удаленно: Senior Data Engineer / Architect,Более 6 лет,moreThan6,280000,445000,RUR,fullDay,"[""FastAPI"", ""Linux"", ""CI/CD"", ""Docker"", ""Python""]","<h3>О проекте:</h3><p>Мы разрабатываем высоконагруженную платформу автоматизации аналитики и бизнес-процессов.</p>
    <h3>Обязанности:</h3><ul><li>Разработка микросервисов на Python и фреймворке FastAPI.</li>
    <li>Проектирование архитектуры базы данных Redis и оптимизация сложных аналитических запросов.</li>
    <li>Контейнеризация и настройка пайплайнов деплоя с использованием Docker.</li></ul>
    <h3>Требования:</h3><ul><li>Опыт работы с технологиями: FastAPI, Linux, CI/CD, Docker, Python.</li>
    <li>Понимание принципов чистого кода, SOLID и микросервисной архитектуры.</li>
    <li>Умение работать в Agile/Scrum команде.</li></ul>
    <h3>Мы предлагаем:</h3><ul><li>Конкурентная зарплата, гибкий график, ДМС и возможность удаленной работы.</li></ul>"
90000334,"IT Компания: Senior Backend Architect (Go, PostgreSQL, Kafka)",Более 6 лет,moreThan6,,,RUR,remote,"[""FastAPI"", ""Microservices"", ""CI/CD"", ""Docker"", ""Celery"", ""Kafka"", ""ClickHouse""]","<p>В финтех направление открыта вакансия IT Компания: Senior Backend Architect (Go, PostgreSQL, Kafka).</p>
    <p><strong>Задачи:</strong></p><ul><li>Создание масштабируемых сервисов с низким latency.</li>
    <li>Интеграция с платежными шлюзами и внешними API.</li><li>Написание юнит и интеграционных тестов.</li></ul>
    <p><strong>Стек:</strong> FastAPI, Microservices, CI/CD, Docker, Celery, Kafka, ClickHouse.</p>
    <p><strong>Условия:</strong> полностью белая зарплата, техника на выбор, дружная инженерная культура.</p>"
90000335,Middle Data Engineer,От 3 до 6 лет,between3And6,200000,305000,RUR,remote,"[""Git"", ""REST API"", ""Go"", ""Docker"", ""Python"", ""Asyncio"", ""PostgreSQL""]","<h3>О проекте:</h3><p>Мы разрабатываем высоконагруженную платформу автоматизации аналитики и бизнес-процессов.</p>
    <h3>Обязанности:</h3><ul><li>Разработка микросервисов на Go и фреймворке Flask.</li>
    <li>Проектирование архитектуры базы данных PostgreSQL и оптимизация сложных аналитических запросов.</li>
    <li>Контейнеризация и настройка пайплайнов деплоя с использованием Docker.</li></ul>
    <h3>Требования:</h3><ul><li>Опыт работы с технологиями: Git, REST API, Go, Docker, Python, Asyncio, PostgreSQL.</li>
    <li>Понимание принципов чистого кода, SOLID и микросервисной архитектуры.</li>
    <li>Умение работать в Agile/Scrum команде.</li></ul>
    <h3>Мы предлагаем:</h3><ul><li>Конкурентная зарплата, гибкий график, ДМС и возможность удаленной работы.</li></ul>"
90000336,Ищем: Младший программист Python / Django,От 1 года до 3 лет,between1And3,60000,,RUR,fullDay,"[""Linux"", ""Go"", ""Celery"", ""Python"", ""Django"", ""PostgreSQL""]","<p>В финтех направление открыта вакансия Ищем: Младший программист Python / Django.</p>
    <p><strong>Задачи:</strong></p><ul><li>Создание масштабируемых сервисов с низким latency.</li>
    <li>Интеграция с платежными шлюзами и внешними API.</li><li>Написание юнит и интеграционных тестов.</li></ul>
    <p><strong>Стек:</strong> Linux, Go, Celery, Python, Django, PostgreSQL.</p>
    <p><strong>Условия:</strong> полностью белая зарплата, техника на выбор, дружная инженерная культура.</p>"
90000337,Ищем: Python Backend Engineer,От 1 года до 3 лет,between1And3,155000,245000,RUR,remote,"[""Git"", ""Redis"", ""Go"", ""Docker"", ""Python"", ""ClickHouse""]","<p>В финтех направление открыта вакансия Ищем: Python Backend Engineer.</p>
    <p><strong>Задачи:</strong></p><ul><li>Создание масштабируемых сервисов с низким latency.</li>
    <li>Интеграция с платежными шлюзами и внешними API.</li><li>Написание юнит и интеграционных тестов.</li></ul>
    <p><strong>Стек:</strong> Git, Redis, Go, Docker, Python, ClickHouse.</p>
    <p><strong>Условия:</strong> полностью белая зарплата, техника на выбор, дружная инженерная культура.</p>"
90000338,Backend Engineer,Нет опыта,noExperience,335000,,RUR,remote,"[""Go"", ""ClickHouse""]","<p>В финтех направление открыта вакансия Backend Engineer.</p>
    <p><strong>Задачи:</strong></p><ul><li>Создание масштабируемых сервисов с низким latency.</li>
    <li>Интеграция с платежными шлюзами и внешними API.</li><li>Написание юнит и интеграционных тестов.</li></ul>
    <p><strong>Стек:</strong> Go, ClickHouse.</p>
    <p><strong>Условия:</strong> полностью белая зарплата, техника на выбор, дружная инженерная культура.</p>"
90000339,Middle Data Engineer,От 3 до 6 лет,between3And6,195000,300000,RUR,remote,"[""CI/CD"", ""Go"", ""SQLAlchemy"", ""Asyncio"", ""Kubernetes""]","<h3>О проекте:</h3><p>Мы разрабатываем высоконагруженную платформу автоматизации аналитики и бизнес-процессов.</p>
    <h3>Обязанности:</h3><ul><li>Разработка микросервисов на Go и фреймворке Flask.</li>
    <li>Проектирование архитектуры базы данных Redis и оптимизация сложных аналитических запросов.</li>
    <li>Контейнеризация и настройка пайплайнов деплоя с использованием Docker и Kubernetes.</li></ul>
    <h3>Требования:</h3><ul><li>Опыт работы с технологиями: CI/CD, Go, SQLAlchemy, Asyncio, Kubernetes.</li>
    <li>Понимание принципов чистого кода, SOLID и микросервисной архитектуры.</li>
    <li>Умение работать в Agile/Scrum команде.</li></ul>
    <h3>Мы предлагаем:</h3><ul><li>Конкурентная зарплата, гибкий график, ДМС и возможность удаленной работы.</li></ul>"
90000340,Ищем: Junior DevOps Engineer,От 1 года до 3 лет,between1And3,80000,,RUR,remote,"[""Git"", ""REST API"", ""Linux"", ""Redis"", ""Docker"", ""Django"", ""PostgreSQL""]","<p>В финтех направление открыта вакансия Ищем: Junior DevOps Engineer.</p>
    <p><strong>Задачи:</strong></p><ul><li>Создание масштабируемых сервисов с низким latency.</li>
    <li>Интеграция с платежными шлюзами и внешними API.</li><li>Написание юнит и интеграционных тестов.</li></ul>
    <p><strong>Стек:</strong> Git, REST API, Linux, Redis, Docker, Django, PostgreSQL.</p>
    <p><strong>Условия:</strong> полностью белая зарплата, техника на выбор, дружная инженерная культура.</p>"
90000341,Удаленно: Junior Python Developer,Нет опыта,noExperience,,110000,RUR,flexible,"[""REST API"", ""Git"", ""Linux"", ""Redis"", ""Django"", ""PostgreSQL""]","<p>В финтех направление открыта вакансия Удаленно: Junior Python Developer.</p>
    <p><strong>Задачи:</strong></p><ul><li>Создание масштабируемых сервисов с низким latency.</li>
    <li>Интеграция с платежными шлюзами и внешними API.</li><li>Написание юнит и интеграционных тестов.</li></ul>
    <p><strong>Стек:</strong> REST API, Git, Linux, Redis, Django, PostgreSQL.</p>
    <p><strong>Условия:</strong> полностью белая зарплата, техника на выбор, дружная инженерная культура.</p>"
90000342,Python Backend Engineer,От 1 года до 3 лет,between1And3,,,RUR,remote,"[""Python"", ""Go"", ""FastAPI"", ""Redis""]","<h3>О проекте:</h3><p>Мы разрабатываем высоконагруженную платформу автоматизации аналитики и бизнес-процессов.</p>
    <h3>Обязанности:</h3><ul><li>Разработка микросервисов на Python и фреймворке FastAPI.</li>
    <li>Проектирование архитектуры базы данных Redis и оптимизация сложных аналитических запросов.</li>
    <li>Контейнеризация и настройка пайплайнов деплоя с использованием Docker.</li></ul>
    <h3>Требования:</h3><ul><li>Опыт работы с технологиями: Python, Go, FastAPI, Redis.</li>
    <li>Понимание принципов чистого кода, SOLID и микросервисной архитектуры.</li>
    <li>Умение работать в Agile/Scrum команде.</li></ul>
    <h3>Мы предлагаем:</h3><ul><li>Конкурентная зарплата, гибкий график, ДМС и возможность удаленной работы.</li></ul>"
90000343,Senior Python Developer,От 3 до 6 лет,between3And6,255000,,RUR,fullDay,"[""Pytest"", ""ClickHouse"", ""Go"", ""Linux""]","<h3>О проекте:</h3><p>Мы разрабатываем высоконагруженную платформу автоматизации аналитики и бизнес-процессов.</p>
    <h3>Обязанности:</h3><ul><li>Разработка микросервисов на Python и фреймворке Flask.</li>
    <li>Проектирование архитектуры базы данных Redis и оптимизация сложных аналитических запросов.</li>
    <li>Контейнеризация и настройка пайплайнов деплоя с использованием Docker.</li></ul>
    <h3>Требования:</h3><ul><li>Опыт работы с технологиями: Pytest, ClickHouse, Go, Linux.</li>
    <li>Понимание принципов чистого кода, SOLID и микросервисной архитектуры.</li>
    <li>Умение работать в Agile/Scrum команде.</li></ul>
    <h3>Мы предлагаем:</h3><ul><li>Конкурентная зарплата, гибкий график, ДМС и возможность удаленной работы.</li></ul>"
90000344,Junior Backend Engineer (FastAPI),От 1 года до 3 лет,between1And3,75000,120000,RUR,remote,"[""Git"", ""REST API"", ""SQLAlchemy"", ""Python"", ""Django"", ""PostgreSQL""]","<h3>О проекте:</h3><p>Мы разрабатываем высоконагруженную платформу автоматизации аналитики и бизнес-процессов.</p>
    <h3>Обязанности:</h3><ul><li>Разработка микросервисов на Python и фреймворке Django.</li>
    <li>Проектирование архитектуры базы данных PostgreSQL и оптимизация сложных аналитических запросов.</li>
    <li>Контейнеризация и настройка пайплайнов деплоя с использованием Docker.</li></ul>
    <h3>Требования:</h3><ul><li>Опыт работы с технологиями: Git, REST API, SQLAlchemy, Python, Django, PostgreSQL.</li>
    <li>Понимание принципов чистого кода, SOLID и микросервисной архитектуры.</li>
    <li>Умение работать в Agile/Scrum команде.</li></ul>
    <h3>Мы предлагаем:</h3><ul><li>Конкурентная зарплата, гибкий график, ДМС и возможность удаленной работы.</li></ul>"
90000345,Удаленно: Middle Python Developer,От 1 года до 3 лет,between1And3,125000,200000,RUR,fullDay,"[""Git"", ""Go"", ""SQLAlchemy""]","<p>В финтех направление открыта вакансия Удаленно: Middle Python Developer.</p>
    <p><strong>Задачи:</strong></p><ul><li>Создание масштабируемых сервисов с низким latency.</li>
    <li>Интеграция с платежными шлюзами и внешними API.</li><li>Написание юнит и интеграционных тестов.</li></ul>
    <p><strong>Стек:</strong> Git, Go, SQLAlchemy.</p>
    <p><strong>Условия:</strong> полностью белая зарплата, техника на выбор, дружная инженерная культура.</p>"
90000346,Python Backend Engineer,От 1 года до 3 лет,between1And3,195000,305000,RUR,fullDay,"[""Go"", ""SQLAlchemy"", ""RabbitMQ""]","<h3>О проекте:</h3><p>Мы разрабатываем высоконагруженную платформу автоматизации аналитики и бизнес-процессов.</p>
    <h3>Обязанности:</h3><ul><li>Разработка микросервисов на Go и фреймворке Flask.</li>
    <li>Проектирование архитектуры базы данных Redis и оптимизация сложных аналитических запросов.</li>
    <li>Контейнеризация и настройка пайплайнов деплоя с использованием Docker.</li></ul>
    <h3>Требования:</h3><ul><li>Опыт работы с технологиями: Go, SQLAlchemy, RabbitMQ.</li>
    <li>Понимание принципов чистого кода, SOLID и микросервисной архитектуры.</li>
    <li>Умение работать в Agile/Scrum команде.</li></ul>
    <h3>Мы предлагаем:</h3><ul><li>Конкурентная зарплата, гибкий график, ДМС и возможность удаленной работы.</li></ul>"
90000347,DevOps Engineer,Более 6 лет,moreThan6,340000,535000,RUR,fullDay,"[""Django"", ""Celery"", ""Go"", ""Linux""]","<p>В финтех направление открыта вакансия DevOps Engineer.</p>
    <p><strong>Задачи:</strong></p><ul><li>Создание масштабируемых сервисов с низким latency.</li>
    <li>Интеграция с платежными шлюзами и внешними API.</li><li>Написание юнит и интеграционных тестов.</li></ul>
    <p><strong>Стек:</strong> Django, Celery, Go, Linux.</p>
    <p><strong>Условия:</strong> полностью белая зарплата, техника на выбор, дружная инженерная культура.</p>"
90000348,"Backend Разработчик (Python, FastAPI, PostgreSQL)",Более 6 лет,moreThan6,145000,230000,RUR,fullDay,"[""Go"", ""SQLAlchemy"", ""Docker""]","<h3>О проекте:</h3><p>Мы разрабатываем высоконагруженную платформу автоматизации аналитики и бизнес-процессов.</p>
    <h3>Обязанности:</h3><ul><li>Разработка микросервисов на Python и фреймворке Flask.</li>
    <li>Проектирование архитектуры базы данных Redis и оптимизация сложных аналитических запросов.</li>
    <li>Контейнеризация и настройка пайплайнов деплоя с использованием Docker.</li></ul>
    <h3>Требования:</h3><ul><li>Опыт работы с технологиями: Go, SQLAlchemy, Docker.</li>
    <li>Понимание принципов чистого кода, SOLID и микросервисной архитектуры.</li>
    <li>Умение работать в Agile/Scrum команде.</li></ul>
    <h3>Мы предлагаем:</h3><ul><li>Конкурентная зарплата, гибкий график, ДМС и возможность удаленной работы.</li></ul>"
90000349,Data Engineer,От 3 до 6 лет,between3And6,230000,355000,RUR,remote,"[""Python"", ""Linux"", ""PostgreSQL"", ""Redis""]","<p>В финтех направление открыта вакансия Data Engineer.</p>
    <p><strong>Задачи:</strong></p><ul><li>Создание масштабируемых сервисов с низким latency.</li>
    <li>Интеграция с платежными шлюзами и внешними API.</li><li>Написание юнит и интеграционных тестов.</li></ul>
    <p><strong>Стек:</strong> Python, Linux, PostgreSQL, Redis.</p>
    <p><strong>Условия:</strong> полностью белая зарплата, техника на выбор, дружная инженерная культура.</p>"
90000350,Data Engineer,От 3 до 6 лет,between3And6,,,RUR,fullDay,"[""Microservices"", ""Kubernetes"", ""ClickHouse""]","<h3>О проекте:</h3><p>Мы разрабатываем высоконагруженную платформу автоматизации аналитики и бизнес-процессов.</p>
    <h3>Обязанности:</h3><ul><li>Разработка микросервисов на Python и фреймворке Flask.</li>
    <li>Проектирование архитектуры базы данных Redis и оптимизация сложных аналитических запросов.</li>
    <li>Контейнеризация и настройка пайплайнов деплоя с использованием Docker и Kubernetes.</li></ul>
    <h3>Требования:</h3><ul><li>Опыт работы с технологиями: Microservices, Kubernetes, ClickHouse.</li>
    <li>Понимание принципов чистого кода, SOLID и микросервисной архитектуры.</li>
    <li>Умение работать в Agile/Scrum команде.</li></ul>
    <h3>Мы предлагаем:</h3><ul><li>Конкурентная зарплата, гибкий график, ДМС и возможность удаленной работы.</li></ul>"
90000351,Junior Python Developer,Нет опыта,noExperience,40000,80000,RUR,remote,"[""REST API"", ""Kubernetes"", ""FastAPI"", ""Linux""]","<p>В финтех направление открыта вакансия Junior Python Developer.</p>
    <p><strong>Задачи:</strong></p><ul><li>Создание масштабируемых сервисов с низким latency.</li>
    <li>Интеграция с платежными шлюзами и внешними API.</li><li>Написание юнит и интеграционных тестов.</li></ul>
    <p><strong>Стек:</strong> REST API, Kubernetes, FastAPI, Linux.</p>
    <p><strong>Условия:</strong> полностью белая зарплата, техника на выбор, дружная инженерная культура.</p>"
90000352,IT Компания: Golang Developer (Middle),От 3 до 6 лет,between3And6,160000,240000,RUR,fullDay,"[""FastAPI"", ""Redis"", ""Docker"", ""Python"", ""RabbitMQ""]","<h3>О проекте:</h3><p>Мы разрабатываем высоконагруженную платформу автоматизации аналитики и бизнес-процессов.</p>
    <h3>Обязанности:</h3><ul><li>Разработка микросервисов на Python и фреймворке FastAPI.</li>
    <li>Проектирование архитектуры базы данных Redis и оптимизация сложных аналитических запросов.</li>
    <li>Контейнеризация и настройка пайплайнов деплоя с использованием Docker.</li></ul>
    <h3>Требования:</h3><ul><li>Опыт работы с технологиями: FastAPI, Redis, Docker, Python, RabbitMQ.</li>
    <li>Понимание принципов чистого кода, SOLID и микросервисной архитектуры.</li>
    <li>Умение работать в Agile/Scrum команде.</li></ul>
    <h3>Мы предлагаем:</h3><ul><li>Конкурентная зарплата, гибкий график, ДМС и возможность удаленной работы.</li></ul>"
90000353,Удаленно: Ведущий разработчик Python,Более 6 лет,moreThan6,250000,,RUR,fullDay,"[""Git"", ""FastAPI"", ""Microservices"", ""Go"", ""Python"", ""ClickHouse""]","<p>В финтех направление открыта вакансия Удаленно: Ведущий разработчик Python.</p>
    <p><strong>Задачи:</strong></p><ul><li>Создание масштабируемых сервисов с низким latency.</li>
    <li>Интеграция с платежными шлюзами и внешними API.</li><li>Написание юнит и интеграционных тестов.</li></ul>
    <p><strong>Стек:</strong> Git, FastAPI, Microservices, Go, Python, ClickHouse.</p>
    <p><strong>Условия:</strong> полностью белая зарплата, техника на выбор, дружная инженерная культура.</p>"
90000354,"IT Компания: Middle DevOps Engineer (Docker, K8s)",От 3 до 6 лет,between3And6,190000,295000,RUR,fullDay,"[""FastAPI"", ""Redis"", ""SQLAlchemy"", ""Asyncio"", ""RabbitMQ""]","<h3>О проекте:</h3><p>Мы разрабатываем высоконагруженную платформу автоматизации аналитики и бизнес-процессов.</p>
    <h3>Обязанности:</h3><ul><li>Разработка микросервисов на Python и фреймворке FastAPI.</li>
    <li>Проектирование архитектуры базы данных Redis и оптимизация сложных аналитических запросов.</li>
    <li>Контейнеризация и настройка пайплайнов деплоя с использованием Docker.</li></ul>
    <h3>Требования:</h3><ul><li>Опыт работы с технологиями: FastAPI, Redis, SQLAlchemy, Asyncio, RabbitMQ.</li>
    <li>Понимание принципов чистого кода, SOLID и микросервисной архитектуры.</li>
    <li>Умение работать в Agile/Scrum команде.</li></ul>
    <h3>Мы предлагаем:</h3><ul><li>Конкурентная зарплата, гибкий график, ДМС и возможность удаленной работы.</li></ul>"
90000355,Lead / Senior Backend Engineer (Go / Python),Более 6 лет,moreThan6,350000,545000,RUR,remote,"[""PostgreSQL"", ""Docker"", ""Python""]","<p>В финтех направление открыта вакансия Lead / Senior Backend Engineer (Go / Python).</p>
    <p><strong>Задачи:</strong></p><ul><li>Создание масштабируемых сервисов с низким latency.</li>
    <li>Интеграция с платежными шлюзами и внешними API.</li><li>Написание юнит и интеграционных тестов.</li></ul>
    <p><strong>Стек:</strong> PostgreSQL, Docker, Python.</p>
    <p><strong>Условия:</strong> полностью белая зарплата, техника на выбор, дружная инженерная культура.</p>"
90000356,Middle Go Engineer (Микросервисы),От 3 до 6 лет,between3And6,,,RUR,remote,"[""Git"", ""Redis"", ""Go"", ""Docker"", ""Python""]","<h3>О проекте:</h3><p>Мы разрабатываем высоконагруженную платформу автоматизации аналитики и бизнес-процессов.</p>
    <h3>Обязанности:</h3><ul><li>Разработка микросервисов на Go и фреймворке Flask.</li>
    <li>Проектирование архитектуры базы данных Redis и оптимизация сложных аналитических запросов.</li>
    <li>Контейнеризация и настройка пайплайнов деплоя с использованием Docker.</li></ul>
    <h3>Требования:</h3><ul><li>Опыт работы с технологиями: Git, Redis, Go, Docker, Python.</li>
    <li>Понимание принципов чистого кода, SOLID и микросервисной архитектуры.</li>
    <li>Умение работать в Agile/Scrum команде.</li></ul>
    <h3>Мы предлагаем:</h3><ul><li>Конкурентная зарплата, гибкий график, ДМС и возможность удаленной работы.</li></ul>"
90000357,Trainee / Junior Data Engineer,Нет опыта,noExperience,60000,95000,RUR,remote,"[""Git"", ""Kubernetes"", ""PostgreSQL"", ""Python""]","<p>В финтех направление открыта вакансия Trainee / Junior Data Engineer.</p>
    <p><strong>Задачи:</strong></p><ul><li>Создание масштабируемых сервисов с низким latency.</li>
    <li>Интеграция с платежными шлюзами и внешними API.</li><li>Написание юнит и интеграционных тестов.</li></ul>
    <p><strong>Стек:</strong> Git, Kubernetes, PostgreSQL, Python.</p>
    <p><strong>Условия:</strong> полностью белая зарплата, техника на выбор, дружная инженерная культура.</p>"
90000358,IT Компания: Junior DevOps Engineer,Более 6 лет,moreThan6,,,RUR,remote,"[""Git"", ""Linux"", ""Redis"", ""Python"", ""Asyncio"", ""Django"", ""PostgreSQL""]","<h3>О проекте:</h3><p>Мы разрабатываем высоконагруженную платформу автоматизации аналитики и бизнес-процессов.</p>
    <h3>Обязанности:</h3><ul><li>Разработка микросервисов на Python и фреймворке Django.</li>
    <li>Проектирование архитектуры базы данных PostgreSQL и оптимизация сложных аналитических запросов.</li>
    <li>Контейнеризация и настройка пайплайнов деплоя с использованием Docker.</li></ul>
    <h3>Требования:</h3><ul><li>Опыт работы с технологиями: Git, Linux, Redis, Python, Asyncio, Django, PostgreSQL.</li>
    <li>Понимание принципов чистого кода, SOLID и микросервисной архитектуры.</li>
    <li>Умение работать в Agile/Scrum команде.</li></ul>
    <h3>Мы предлагаем:</h3><ul><li>Конкурентная зарплата, гибкий график, ДМС и возможность удаленной работы.</li></ul>"
90000359,Data Engineer,От 1 года до 3 лет,between1And3,,,RUR,remote,"[""Git"", ""Redis"", ""Pytest"", ""Docker"", ""Celery"", ""PostgreSQL""]","<h3>О проекте:</h3><p>Мы разрабатываем высоконагруженную платформу автоматизации аналитики и бизнес-процессов.</p>
    <h3>Обязанности:</h3><ul><li>Разработка микросервисов на Python и фреймворке Flask.</li>
    <li>Проектирование архитектуры базы данных PostgreSQL и оптимизация сложных аналитических запросов.</li>
    <li>Контейнеризация и настройка пайплайнов деплоя с использованием Docker.</li></ul>
    <h3>Требования:</h3><ul><li>Опыт работы с технологиями: Git, Redis, Pytest, Docker, Celery, PostgreSQL.</li>
    <li>Понимание принципов чистого кода, SOLID и микросервисной архитектуры.</li>
    <li>Умение работать в Agile/Scrum команде.</li></ul>
    <h3>Мы предлагаем:</h3><ul><li>Конкурентная зарплата, гибкий график, ДМС и возможность удаленной работы.</li></ul>"
90000360,IT Компания: Junior Go / Golang Developer,Нет опыта,noExperience,65000,105000,RUR,fullDay,"[""Git"", ""Linux"", ""Docker"", ""Python"", ""ClickHouse"", ""PostgreSQL""]","<p>В финтех направление открыта вакансия IT Компания: Junior Go / Golang Developer.</p>
    <p><strong>Задачи:</strong></p><ul><li>Создание масштабируемых сервисов с низким latency.</li>
    <li>Интеграция с платежными шлюзами и внешними API.</li><li>Написание юнит и интеграционных тестов.</li></ul>
    <p><strong>Стек:</strong> Git, Linux, Docker, Python, ClickHouse, PostgreSQL.</p>
    <p><strong>Условия:</strong> полностью белая зарплата, техника на выбор, дружная инженерная культура.</p>"
90000361,Стажер-разработчик Python,Нет опыта,noExperience,40000,70000,RUR,fullDay,"[""Git"", ""Linux"", ""Docker"", ""Python"", ""Django"", ""PostgreSQL"", ""RabbitMQ""]","<p>В финтех направление открыта вакансия Стажер-разработчик Python.</p>
    <p><strong>Задачи:</strong></p><ul><li>Создание масштабируемых сервисов с низким latency.</li>
    <li>Интеграция с платежными шлюзами и внешними API.</li><li>Написание юнит и интеграционных тестов.</li></ul>
    <p><strong>Стек:</strong> Git, Linux, Docker, Python, Django, PostgreSQL, RabbitMQ.</p>
    <p><strong>Условия:</strong> полностью белая зарплата, техника на выбор, дружная инженерная культура.</p>"
90000362,"Backend Разработчик (Python, FastAPI, PostgreSQL)",Более 6 лет,moreThan6,135000,215000,RUR,fullDay,"[""FastAPI"", ""Go"", ""Docker"", ""SQLAlchemy"", ""Python"", ""Asyncio"", ""PostgreSQL""]","<p>В финтех направление открыта вакансия Backend Разработчик (Python, FastAPI, PostgreSQL).</p>
    <p><strong>Задачи:</strong></p><ul><li>Создание масштабируемых сервисов с низким latency.</li>
    <li>Интеграция с платежными шлюзами и внешними API.</li><li>Написание юнит и интеграционных тестов.</li></ul>
    <p><strong>Стек:</strong> FastAPI, Go, Docker, SQLAlchemy, Python, Asyncio, PostgreSQL.</p>
    <p><strong>Условия:</strong> полностью белая зарплата, техника на выбор, дружная инженерная культура.</p>"
90000363,Senior Python Developer,От 3 до 6 лет,between3And6,295000,455000,RUR,fullDay,"[""Linux"", ""CI/CD"", ""SQLAlchemy"", ""Python"", ""Kubernetes""]","<p>В финтех направление открыта вакансия Senior Python Developer.</p>
    <p><strong>Задачи:</strong></p><ul><li>Создание масштабируемых сервисов с низким latency.</li>
    <li>Интеграция с платежными шлюзами и внешними API.</li><li>Написание юнит и интеграционных тестов.</li></ul>
    <p><strong>Стек:</strong> Linux, CI/CD, SQLAlchemy, Python, Kubernetes.</p>
    <p><strong>Условия:</strong> полностью белая зарплата, техника на выбор, дружная инженерная культура.</p>"
90000364,Go Backend Developer,От 1 года до 3 лет,between1And3,140000,215000,RUR,flexible,"[""SQLAlchemy"", ""Docker"", ""Asyncio"", ""Django"", ""Kubernetes""]","<p>В финтех направление открыта вакансия Go Backend Developer.</p>
    <p><strong>Задачи:</strong></p><ul><li>Создание масштабируемых сервисов с низким latency.</li>
    <li>Интеграция с платежными шлюзами и внешними API.</li><li>Написание юнит и интеграционных тестов.</li></ul>
    <p><strong>Стек:</strong> SQLAlchemy, Docker, Asyncio, Django, Kubernetes.</p>
    <p><strong>Условия:</strong> полностью белая зарплата, техника на выбор, дружная инженерная культура.</p>"
90000365,IT Компания: Senior Python Developer,От 3 до 6 лет,between3And6,280000,440000,RUR,remote,"[""Microservices"", ""CI/CD"", ""Go"", ""Kubernetes"", ""ClickHouse""]","<p>В финтех направление открыта вакансия IT Компания: Senior Python Developer.</p>
    <p><strong>Задачи:</strong></p><ul><li>Создание масштабируемых сервисов с низким latency.</li>
    <li>Интеграция с платежными шлюзами и внешними API.</li><li>Написание юнит и интеграционных тестов.</li></ul>
    <p><strong>Стек:</strong> Microservices, CI/CD, Go, Kubernetes, ClickHouse.</p>
    <p><strong>Условия:</strong> полностью белая зарплата, техника на выбор, дружная инженерная культура.</p>"
90000366,Удаленно: Trainee / Junior Data Engineer,От 1 года до 3 лет,between1And3,,,RUR,fullDay,"[""Git"", ""REST API"", ""Celery"", ""Python"", ""RabbitMQ""]","<h3>О проекте:</h3><p>Мы разрабатываем высоконагруженную платформу автоматизации аналитики и бизнес-процессов.</p>
    <h3>Обязанности:</h3><ul><li>Разработка микросервисов на Python и фреймворке Flask.</li>
    <li>Проектирование архитектуры базы данных Redis и оптимизация сложных аналитических запросов.</li>
    <li>Контейнеризация и настройка пайплайнов деплоя с использованием Docker.</li></ul>
    <h3>Требования:</h3><ul><li>Опыт работы с технологиями: Git, REST API, Celery, Python, RabbitMQ.</li>
    <li>Понимание принципов чистого кода, SOLID и микросервисной архитектуры.</li>
    <li>Умение работать в Agile/Scrum команде.</li></ul>
    <h3>Мы предлагаем:</h3><ul><li>Конкурентная зарплата, гибкий график, ДМС и возможность удаленной работы.</li></ul>"
90000367,Удаленно: Middle Go Engineer (Микросервисы),От 3 до 6 лет,between3And6,,,RUR,remote,"[""REST API"", ""Redis"", ""Pytest"", ""Go"", ""Docker"", ""Django""]","<p>В финтех направление открыта вакансия Удаленно: Middle Go Engineer (Микросервисы).</p>
    <p><strong>Задачи:</strong></p><ul><li>Создание масштабируемых сервисов с низким latency.</li>
    <li>Интеграция с платежными шлюзами и внешними API.</li><li>Написание юнит и интеграционных тестов.</li></ul>
    <p><strong>Стек:</strong> REST API, Redis, Pytest, Go, Docker, Django.</p>
    <p><strong>Условия:</strong> полностью белая зарплата, техника на выбор, дружная инженерная культура.</p>"
90000368,Удаленно: Python Backend Engineer,От 1 года до 3 лет,between1And3,185000,290000,RUR,remote,"[""Git"", ""Pytest"", ""Docker"", ""Redis""]","<h3>О проекте:</h3><p>Мы разрабатываем высоконагруженную платформу автоматизации аналитики и бизнес-процессов.</p>
    <h3>Обязанности:</h3><ul><li>Разработка микросервисов на Python и фреймворке Flask.</li>
    <li>Проектирование архитектуры базы данных Redis и оптимизация сложных аналитических запросов.</li>
    <li>Контейнеризация и настройка пайплайнов деплоя с использованием Docker.</li></ul>
    <h3>Требования:</h3><ul><li>Опыт работы с технологиями: Git, Pytest, Docker, Redis.</li>
    <li>Понимание принципов чистого кода, SOLID и микросервисной архитектуры.</li>
    <li>Умение работать в Agile/Scrum команде.</li></ul>
    <h3>Мы предлагаем:</h3><ul><li>Конкурентная зарплата, гибкий график, ДМС и возможность удаленной работы.</li></ul>"
90000369,Ищем: Ведущий разработчик Python,Более 6 лет,moreThan6,325000,505000,RUR,remote,"[""Git"", ""FastAPI"", ""Linux"", ""Microservices"", ""Docker"", ""ClickHouse""]","<h3>О проекте:</h3><p>Мы разрабатываем высоконагруженную платформу автоматизации аналитики и бизнес-процессов.</p>
    <h3>Обязанности:</h3><ul><li>Разработка микросервисов на Python и фреймворке FastAPI.</li>
    <li>Проектирование архитектуры базы данных Redis и оптимизация сложных аналитических запросов.</li>
    <li>Контейнеризация и настройка пайплайнов деплоя с использованием Docker.</li></ul>
    <h3>Требования:</h3><ul><li>Опыт работы с технологиями: Git, FastAPI, Linux, Microservices, Docker, ClickHouse.</li>
    <li>Понимание принципов чистого кода, SOLID и микросервисной архитектуры.</li>
    <li>Умение работать в Agile/Scrum команде.</li></ul>
    <h3>Мы предлагаем:</h3><ul><li>Конкурентная зарплата, гибкий график, ДМС и возможность удаленной работы.</li></ul>"
90000370,Удаленно: Senior DevOps / SRE Engineer,От 3 до 6 лет,between3And6,345000,530000,RUR,remote,"[""Microservices"", ""Kubernetes"", ""Celery"", ""FastAPI""]","<p>В финтех направление открыта вакансия Удаленно: Senior DevOps / SRE Engineer.</p>
    <p><strong>Задачи:</strong></p><ul><li>Создание масштабируемых сервисов с низким latency.</li>
    <li>Интеграция с платежными шлюзами и внешними API.</li><li>Написание юнит и интеграционных тестов.</li></ul>
    <p><strong>Стек:</strong> Microservices, Kubernetes, Celery, FastAPI.</p>
    <p><strong>Условия:</strong> полностью белая зарплата, техника на выбор, дружная инженерная культура.</p>"
90000371,Удаленно: Senior Data Engineer / Architect,Более 6 лет,moreThan6,370000,595000,RUR,fullDay,"[""FastAPI"", ""Microservices"", ""Go"", ""Celery"", ""Python"", ""Kafka"", ""PostgreSQL""]","<h3>О проекте:</h3><p>Мы разрабатываем высоконагруженную платформу автоматизации аналитики и бизнес-процессов.</p>
    <h3>Обязанности:</h3><ul><li>Разработка микросервисов на Python и фреймворке FastAPI.</li>
    <li>Проектирование архитектуры базы данных PostgreSQL и оптимизация сложных аналитических запросов.</li>
    <li>Контейнеризация и настройка пайплайнов деплоя с использованием Docker.</li></ul>
    <h3>Требования:</h3><ul><li>Опыт работы с технологиями: FastAPI, Microservices, Go, Celery, Python, Kafka, PostgreSQL.</li>
    <li>Понимание принципов чистого кода, SOLID и микросервисной архитектуры.</li>
    <li>Умение работать в Agile/Scrum команде.</li></ul>
    <h3>Мы предлагаем:</h3><ul><li>Конкурентная зарплата, гибкий график, ДМС и возможность удаленной работы.</li></ul>"
90000372,Разработчик Python,От 1 года до 3 лет,between1And3,,,RUR,remote,"[""Git"", ""Microservices"", ""FastAPI"", ""Python""]","<p>В финтех направление открыта вакансия Разработчик Python.</p>
    <p><strong>Задачи:</strong></p><ul><li>Создание масштабируемых сервисов с низким latency.</li>
    <li>Интеграция с платежными шлюзами и внешними API.</li><li>Написание юнит и интеграционных тестов.</li></ul>
    <p><strong>Стек:</strong> Git, Microservices, FastAPI, Python.</p>
    <p><strong>Условия:</strong> полностью белая зарплата, техника на выбор, дружная инженерная культура.</p>"
90000373,IT Компания: Junior DevOps Engineer,От 1 года до 3 лет,between1And3,80000,135000,RUR,fullDay,"[""Git"", ""Linux"", ""CI/CD"", ""Celery"", ""Python"", ""Django"", ""PostgreSQL""]","<h3>О проекте:</h3><p>Мы разрабатываем высоконагруженную платформу автоматизации аналитики и бизнес-процессов.</p>
    <h3>Обязанности:</h3><ul><li>Разработка микросервисов на Python и фреймворке Django.</li>
    <li>Проектирование архитектуры базы данных PostgreSQL и оптимизация сложных аналитических запросов.</li>
    <li>Контейнеризация и настройка пайплайнов деплоя с использованием Docker.</li></ul>
    <h3>Требования:</h3><ul><li>Опыт работы с технологиями: Git, Linux, CI/CD, Celery, Python, Django, PostgreSQL.</li>
    <li>Понимание принципов чистого кода, SOLID и микросервисной архитектуры.</li>
    <li>Умение работать в Agile/Scrum команде.</li></ul>
    <h3>Мы предлагаем:</h3><ul><li>Конкурентная зарплата, гибкий график, ДМС и возможность удаленной работы.</li></ul>"
90000374,IT Компания: Junior DevOps Engineer,От 1 года до 3 лет,between1And3,60000,105000,RUR,fullDay,"[""REST API"", ""Django"", ""Linux"", ""Python""]","<p>В финтех направление открыта вакансия IT Компания: Junior DevOps Engineer.</p>
    <p><strong>Задачи:</strong></p><ul><li>Создание масштабируемых сервисов с низким latency.</li>
    <li>Интеграция с платежными шлюзами и внешними API.</li><li>Написание юнит и интеграционных тестов.</li></ul>
    <p><strong>Стек:</strong> REST API, Django, Linux, Python.</p>
    <p><strong>Условия:</strong> полностью белая зарплата, техника на выбор, дружная инженерная культура.</p>"
90000375,Ищем: Middle Go Engineer (Микросервисы),Более 6 лет,moreThan6,,,RUR,remote,"[""Git"", ""FastAPI"", ""Redis"", ""SQLAlchemy"", ""PostgreSQL""]","<p>В финтех направление открыта вакансия Ищем: Middle Go Engineer (Микросервисы).</p>
    <p><strong>Задачи:</strong></p><ul><li>Создание масштабируемых сервисов с низким latency.</li>
    <li>Интеграция с платежными шлюзами и внешними API.</li><li>Написание юнит и интеграционных тестов.</li></ul>
    <p><strong>Стек:</strong> Git, FastAPI, Redis, SQLAlchemy, PostgreSQL.</p>
    <p><strong>Условия:</strong> полностью белая зарплата, техника на выбор, дружная инженерная культура.</p>"
90000376,"Ищем: Backend Разработчик (Python, FastAPI, PostgreSQL)",От 1 года до 3 лет,between1And3,160000,260000,RUR,remote,"[""Git"", ""REST API"", ""Redis"", ""Go"", ""Kafka"", ""PostgreSQL""]","<p>В финтех направление открыта вакансия Ищем: Backend Разработчик (Python, FastAPI, PostgreSQL).</p>
    <p><strong>Задачи:</strong></p><ul><li>Создание масштабируемых сервисов с низким latency.</li>
    <li>Интеграция с платежными шлюзами и внешними API.</li><li>Написание юнит и интеграционных тестов.</li></ul>
    <p><strong>Стек:</strong> Git, REST API, Redis, Go, Kafka, PostgreSQL.</p>
    <p><strong>Условия:</strong> полностью белая зарплата, техника на выбор, дружная инженерная культура.</p>"
90000377,Software Engineer,Более 6 лет,moreThan6,250000,390000,RUR,fullDay,"[""Git"", ""CI/CD"", ""Go"", ""Python"", ""Kafka"", ""ClickHouse"", ""Kubernetes""]","<p>В финтех направление открыта вакансия Software Engineer.</p>
    <p><strong>Задачи:</strong></p><ul><li>Создание масштабируемых сервисов с низким latency.</li>
    <li>Интеграция с платежными шлюзами и внешними API.</li><li>Написание юнит и интеграционных тестов.</li></ul>
    <p><strong>Стек:</strong> Git, CI/CD, Go, Python, Kafka, ClickHouse, Kubernetes.</p>
    <p><strong>Условия:</strong> полностью белая зарплата, техника на выбор, дружная инженерная культура.</p>"
90000378,Python Backend Engineer,От 3 до 6 лет,between3And6,190000,300000,RUR,remote,"[""Git"", ""FastAPI"", ""PostgreSQL"", ""Celery""]","<p>В финтех направление открыта вакансия Python Backend Engineer.</p>
    <p><strong>Задачи:</strong></p><ul><li>Создание масштабируемых сервисов с низким latency.</li>
    <li>Интеграция с платежными шлюзами и внешними API.</li><li>Написание юнит и интеграционных тестов.</li></ul>
    <p><strong>Стек:</strong> Git, FastAPI, PostgreSQL, Celery.</p>
    <p><strong>Условия:</strong> полностью белая зарплата, техника на выбор, дружная инженерная культура.</p>"
90000379,Удаленно: Golang Developer (Middle),От 3 до 6 лет,between3And6,190000,285000,RUR,remote,"[""FastAPI"", ""Linux"", ""SQLAlchemy"", ""Asyncio"", ""PostgreSQL""]","<h3>О проекте:</h3><p>Мы разрабатываем высоконагруженную платформу автоматизации аналитики и бизнес-процессов.</p>
    <h3>Обязанности:</h3><ul><li>Разработка микросервисов на Python и фреймворке FastAPI.</li>
    <li>Проектирование архитектуры базы данных PostgreSQL и оптимизация сложных аналитических запросов.</li>
    <li>Контейнеризация и настройка пайплайнов деплоя с использованием Docker.</li></ul>
    <h3>Требования:</h3><ul><li>Опыт работы с технологиями: FastAPI, Linux, SQLAlchemy, Asyncio, PostgreSQL.</li>
    <li>Понимание принципов чистого кода, SOLID и микросервисной архитектуры.</li>
    <li>Умение работать в Agile/Scrum команде.</li></ul>
    <h3>Мы предлагаем:</h3><ul><li>Конкурентная зарплата, гибкий график, ДМС и возможность удаленной работы.</li></ul>"
90000380,Senior Python Developer,От 3 до 6 лет,between3And6,300000,470000,RUR,fullDay,"[""Microservices"", ""Kafka"", ""PostgreSQL""]","<h3>О проекте:</h3><p>Мы разрабатываем высоконагруженную платформу автоматизации аналитики и бизнес-процессов.</p>
    <h3>Обязанности:</h3><ul><li>Разработка микросервисов на Python и фреймворке Flask.</li>
    <li>Проектирование архитектуры базы данных PostgreSQL и оптимизация сложных аналитических запросов.</li>
    <li>Контейнеризация и настройка пайплайнов деплоя с использованием Docker.</li></ul>
    <h3>Требования:</h3><ul><li>Опыт работы с технологиями: Microservices, Kafka, PostgreSQL.</li>
    <li>Понимание принципов чистого кода, SOLID и микросервисной архитектуры.</li>
    <li>Умение работать в Agile/Scrum команде.</li></ul>
    <h3>Мы предлагаем:</h3><ul><li>Конкурентная зарплата, гибкий график, ДМС и возможность удаленной работы.</li></ul>"
90000381,IT Компания: Junior Python Developer,Нет опыта,noExperience,,,RUR,remote,"[""Docker"", ""Python"", ""Django"", ""PostgreSQL"", ""Kubernetes""]","<h3>О проекте:</h3><p>Мы разрабатываем высоконагруженную платформу автоматизации аналитики и бизнес-процессов.</p>
    <h3>Обязанности:</h3><ul><li>Разработка микросервисов на Python и фреймворке Django.</li>
    <li>Проектирование архитектуры базы данных PostgreSQL и оптимизация сложных аналитических запросов.</li>
    <li>Контейнеризация и настройка пайплайнов деплоя с использованием Docker и Kubernetes.</li></ul>
    <h3>Требования:</h3><ul><li>Опыт работы с технологиями: Docker, Python, Django, PostgreSQL, Kubernetes.</li>
    <li>Понимание принципов чистого кода, SOLID и микросервисной архитектуры.</li>
    <li>Умение работать в Agile/Scrum команде.</li></ul>
    <h3>Мы предлагаем:</h3><ul><li>Конкурентная зарплата, гибкий график, ДМС и возможность удаленной работы.</li></ul>"
90000382,Ведущий разработчик Python,Более 6 лет,moreThan6,295000,455000,RUR,remote,"[""Linux"", ""Microservices"", ""Go"", ""Python"", ""Kafka"", ""ClickHouse"", ""PostgreSQL""]","<p>В финтех направление открыта вакансия Ведущий разработчик Python.</p>
    <p><strong>Задачи:</strong></p><ul><li>Создание масштабируемых сервисов с низким latency.</li>
    <li>Интеграция с платежными шлюзами и внешними API.</li><li>Написание юнит и интеграционных тестов.</li></ul>
    <p><strong>Стек:</strong> Linux, Microservices, Go, Python, Kafka, ClickHouse, PostgreSQL.</p>
    <p><strong>Условия:</strong> полностью белая зарплата, техника на выбор, дружная инженерная культура.</p>"
90000383,Стажер-разработчик Python,Нет опыта,noExperience,45000,85000,RUR,remote,"[""Git"", ""Redis"", ""Python"", ""Asyncio"", ""ClickHouse""]","<p>В финтех направление открыта вакансия Стажер-разработчик Python.</p>
    <p><strong>Задачи:</strong></p><ul><li>Создание масштабируемых сервисов с низким latency.</li>
    <li>Интеграция с платежными шлюзами и внешними API.</li><li>Написание юнит и интеграционных тестов.</li></ul>
    <p><strong>Стек:</strong> Git, Redis, Python, Asyncio, ClickHouse.</p>
    <p><strong>Условия:</strong> полностью белая зарплата, техника на выбор, дружная инженерная культура.</p>"
90000384,Ищем: Trainee / Junior Data Engineer,Нет опыта,noExperience,45000,70000,RUR,remote,"[""Git"", ""REST API"", ""Linux"", ""Python"", ""PostgreSQL""]","<p>В финтех направление открыта вакансия Ищем: Trainee / Junior Data Engineer.</p>
    <p><strong>Задачи:</strong></p><ul><li>Создание масштабируемых сервисов с низким latency.</li>
    <li>Интеграция с платежными шлюзами и внешними API.</li><li>Написание юнит и интеграционных тестов.</li></ul>
    <p><strong>Стек:</strong> Git, REST API, Linux, Python, PostgreSQL.</p>
    <p><strong>Условия:</strong> полностью белая зарплата, техника на выбор, дружная инженерная культура.</p>"
90000385,Ищем: Middle Data Engineer,От 3 до 6 лет,between3And6,,,RUR,fullDay,"[""CI/CD"", ""Go"", ""SQLAlchemy"", ""Docker"", ""Python"", ""PostgreSQL""]","<h3>О проекте:</h3><p>Мы разрабатываем высоконагруженную платформу автоматизации аналитики и бизнес-процессов.</p>
    <h3>Обязанности:</h3><ul><li>Разработка микросервисов на Python и фреймворке Flask.</li>
    <li>Проектирование архитектуры базы данных PostgreSQL и оптимизация сложных аналитических запросов.</li>
    <li>Контейнеризация и настройка пайплайнов деплоя с использованием Docker.</li></ul>
    <h3>Требования:</h3><ul><li>Опыт работы с технологиями: CI/CD, Go, SQLAlchemy, Docker, Python, PostgreSQL.</li>
    <li>Понимание принципов чистого кода, SOLID и микросервисной архитектуры.</li>
    <li>Умение работать в Agile/Scrum команде.</li></ul>
    <h3>Мы предлагаем:</h3><ul><li>Конкурентная зарплата, гибкий график, ДМС и возможность удаленной работы.</li></ul>"
90000386,Удаленно: Middle Go Engineer (Микросервисы),От 3 до 6 лет,between3And6,,,RUR,remote,"[""Git"", ""Redis"", ""CI/CD"", ""Go"", ""SQLAlchemy"", ""Celery"", ""Kubernetes"", ""PostgreSQL""]","<p>В финтех направление открыта вакансия Удаленно: Middle Go Engineer (Микросервисы).</p>
    <p><strong>Задачи:</strong></p><ul><li>Создание масштабируемых сервисов с низким latency.</li>
    <li>Интеграция с платежными шлюзами и внешними API.</li><li>Написание юнит и интеграционных тестов.</li></ul>
    <p><strong>Стек:</strong> Git, Redis, CI/CD, Go, SQLAlchemy, Celery, Kubernetes, PostgreSQL.</p>
    <p><strong>Условия:</strong> полностью белая зарплата, техника на выбор, дружная инженерная культура.</p>"
90000387,Junior DevOps Engineer,От 1 года до 3 лет,between1And3,65000,,RUR,fullDay,"[""REST API"", ""Linux"", ""SQLAlchemy"", ""Python"", ""Django"", ""ClickHouse"", ""PostgreSQL""]","<h3>О проекте:</h3><p>Мы разрабатываем высоконагруженную платформу автоматизации аналитики и бизнес-процессов.</p>
    <h3>Обязанности:</h3><ul><li>Разработка микросервисов на Python и фреймворке Django.</li>
    <li>Проектирование архитектуры базы данных PostgreSQL и оптимизация сложных аналитических запросов.</li>
    <li>Контейнеризация и настройка пайплайнов деплоя с использованием Docker.</li></ul>
    <h3>Требования:</h3><ul><li>Опыт работы с технологиями: REST API, Linux, SQLAlchemy, Python, Django, ClickHouse, PostgreSQL.</li>
    <li>Понимание принципов чистого кода, SOLID и микросервисной архитектуры.</li>
    <li>Умение работать в Agile/Scrum команде.</li></ul>
    <h3>Мы предлагаем:</h3><ul><li>Конкурентная зарплата, гибкий график, ДМС и возможность удаленной работы.</li></ul>"
90000388,Инженер бэкенда,Более 6 лет,moreThan6,435000,,RUR,fullDay,"[""FastAPI"", ""Linux"", ""Pytest"", ""Docker"", ""SQLAlchemy"", ""Kafka"", ""ClickHouse""]","<p>В финтех направление открыта вакансия Инженер бэкенда.</p>
    <p><strong>Задачи:</strong></p><ul><li>Создание масштабируемых сервисов с низким latency.</li>
    <li>Интеграция с платежными шлюзами и внешними API.</li><li>Написание юнит и интеграционных тестов.</li></ul>
    <p><strong>Стек:</strong> FastAPI, Linux, Pytest, Docker, SQLAlchemy, Kafka, ClickHouse.</p>
    <p><strong>Условия:</strong> полностью белая зарплата, техника на выбор, дружная инженерная культура.</p>"
90000389,Backend Engineer,От 3 до 6 лет,between3And6,,,RUR,remote,"[""REST API"", ""Go"", ""Linux"", ""Python""]","<h3>О проекте:</h3><p>Мы разрабатываем высоконагруженную платформу автоматизации аналитики и бизнес-процессов.</p>
    <h3>Обязанности:</h3><ul><li>Разработка микросервисов на Go и фреймворке Flask.</li>
    <li>Проектирование архитектуры базы данных Redis и оптимизация сложных аналитических запросов.</li>
    <li>Контейнеризация и настройка пайплайнов деплоя с использованием Docker.</li></ul>
    <h3>Требования:</h3><ul><li>Опыт работы с технологиями: REST API, Go, Linux, Python.</li>
    <li>Понимание принципов чистого кода, SOLID и микросервисной архитектуры.</li>
    <li>Умение работать в Agile/Scrum команде.</li></ul>
    <h3>Мы предлагаем:</h3><ul><li>Конкурентная зарплата, гибкий график, ДМС и возможность удаленной работы.</li></ul>"
90000390,Ищем: Fullstack Developer (Python / Vue.js),От 1 года до 3 лет,between1And3,115000,,RUR,fullDay,"[""Git"", ""Redis"", ""Go"", ""Docker"", ""Celery"", ""Asyncio"", ""Django""]","<h3>О проекте:</h3><p>Мы разрабатываем высоконагруженную платформу автоматизации аналитики и бизнес-процессов.</p>
    <h3>Обязанности:</h3><ul><li>Разработка микросервисов на Go и фреймворке Django.</li>
    <li>Проектирование архитектуры базы данных Redis и оптимизация сложных аналитических запросов.</li>
    <li>Контейнеризация и настройка пайплайнов деплоя с использованием Docker.</li></ul>
    <h3>Требования:</h3><ul><li>Опыт работы с технологиями: Git, Redis, Go, Docker, Celery, Asyncio, Django.</li>
    <li>Понимание принципов чистого кода, SOLID и микросервисной архитектуры.</li>
    <li>Умение работать в Agile/Scrum команде.</li></ul>
    <h3>Мы предлагаем:</h3><ul><li>Конкурентная зарплата, гибкий график, ДМС и возможность удаленной работы.</li></ul>"
90000391,IT Компания: Стажер-разработчик Python,Нет опыта,noExperience,,80000,RUR,remote,"[""Git"", ""REST API"", ""Linux"", ""SQLAlchemy"", ""Django""]","<h3>О проекте:</h3><p>Мы разрабатываем высоконагруженную платформу автоматизации аналитики и бизнес-процессов.</p>
    <h3>Обязанности:</h3><ul><li>Разработка микросервисов на Python и фреймворке Django.</li>
    <li>Проектирование архитектуры базы данных Redis и оптимизация сложных аналитических запросов.</li>
    <li>Контейнеризация и настройка пайплайнов деплоя с использованием Docker.</li></ul>
    <h3>Требования:</h3><ul><li>Опыт работы с технологиями: Git, REST API, Linux, SQLAlchemy, Django.</li>
    <li>Понимание принципов чистого кода, SOLID и микросервисной архитектуры.</li>
    <li>Умение работать в Agile/Scrum команде.</li></ul>
    <h3>Мы предлагаем:</h3><ul><li>Конкурентная зарплата, гибкий график, ДМС и возможность удаленной работы.</li></ul>"
90000392,IT Компания: Senior Golang Developer,От 3 до 6 лет,between3And6,310000,465000,RUR,remote,"[""Linux"", ""Docker"", ""Python"", ""Kubernetes"", ""ClickHouse""]","<h3>О проекте:</h3><p>Мы разрабатываем высоконагруженную платформу автоматизации аналитики и бизнес-процессов.</p>
    <h3>Обязанности:</h3><ul><li>Разработка микросервисов на Python и фреймворке Flask.</li>
    <li>Проектирование архитектуры базы данных Redis и оптимизация сложных аналитических запросов.</li>
    <li>Контейнеризация и настройка пайплайнов деплоя с использованием Docker и Kubernetes.</li></ul>
    <h3>Требования:</h3><ul><li>Опыт работы с технологиями: Linux, Docker, Python, Kubernetes, ClickHouse.</li>
    <li>Понимание принципов чистого кода, SOLID и микросервисной архитектуры.</li>
    <li>Умение работать в Agile/Scrum команде.</li></ul>
    <h3>Мы предлагаем:</h3><ul><li>Конкурентная зарплата, гибкий график, ДМС и возможность удаленной работы.</li></ul>"
90000393,Удаленно: Младший программист Python / Django,От 1 года до 3 лет,between1And3,,,RUR,fullDay,"[""Git"", ""REST API"", ""Linux"", ""Go"", ""Python"", ""Kubernetes"", ""PostgreSQL""]","<p>В финтех направление открыта вакансия Удаленно: Младший программист Python / Django.</p>
    <p><strong>Задачи:</strong></p><ul><li>Создание масштабируемых сервисов с низким latency.</li>
    <li>Интеграция с платежными шлюзами и внешними API.</li><li>Написание юнит и интеграционных тестов.</li></ul>
    <p><strong>Стек:</strong> Git, REST API, Linux, Go, Python, Kubernetes, PostgreSQL.</p>
    <p><strong>Условия:</strong> полностью белая зарплата, техника на выбор, дружная инженерная культура.</p>"
90000394,Senior Golang Developer,От 3 до 6 лет,between3And6,,,RUR,remote,"[""REST API"", ""Microservices"", ""CI/CD"", ""Python"", ""Kafka""]","<h3>О проекте:</h3><p>Мы разрабатываем высоконагруженную платформу автоматизации аналитики и бизнес-процессов.</p>
    <h3>Обязанности:</h3><ul><li>Разработка микросервисов на Python и фреймворке Flask.</li>
    <li>Проектирование архитектуры базы данных Redis и оптимизация сложных аналитических запросов.</li>
    <li>Контейнеризация и настройка пайплайнов деплоя с использованием Docker.</li></ul>
    <h3>Требования:</h3><ul><li>Опыт работы с технологиями: REST API, Microservices, CI/CD, Python, Kafka.</li>
    <li>Понимание принципов чистого кода, SOLID и микросервисной архитектуры.</li>
    <li>Умение работать в Agile/Scrum команде.</li></ul>
    <h3>Мы предлагаем:</h3><ul><li>Конкурентная зарплата, гибкий график, ДМС и возможность удаленной работы.</li></ul>"
90000395,IT Компания: Golang Developer (Middle),От 3 до 6 лет,between3And6,,,RUR,remote,"[""Git"", ""Redis"", ""Django"", ""SQLAlchemy"", ""Kafka""]","<p>В финтех направление открыта вакансия IT Компания: Golang Developer (Middle).</p>
    <p><strong>Задачи:</strong></p><ul><li>Создание масштабируемых сервисов с низким latency.</li>
    <li>Интеграция с платежными шлюзами и внешними API.</li><li>Написание юнит и интеграционных тестов.</li></ul>
    <p><strong>Стек:</strong> Git, Redis, Django, SQLAlchemy, Kafka.</p>
    <p><strong>Условия:</strong> полностью белая зарплата, техника на выбор, дружная инженерная культура.</p>"
90000396,"Middle DevOps Engineer (Docker, K8s)",От 3 до 6 лет,between3And6,210000,330000,RUR,remote,"[""Git"", ""FastAPI"", ""Redis"", ""Docker"", ""Python"", ""Django""]","<p>В финтех направление открыта вакансия Middle DevOps Engineer (Docker, K8s).</p>
    <p><strong>Задачи:</strong></p><ul><li>Создание масштабируемых сервисов с низким latency.</li>
    <li>Интеграция с платежными шлюзами и внешними API.</li><li>Написание юнит и интеграционных тестов.</li></ul>
    <p><strong>Стек:</strong> Git, FastAPI, Redis, Docker, Python, Django.</p>
    <p><strong>Условия:</strong> полностью белая зарплата, техника на выбор, дружная инженерная культура.</p>"
90000397,"Middle DevOps Engineer (Docker, K8s)",От 3 до 6 лет,between3And6,170000,270000,RUR,remote,"[""Git"", ""Redis"", ""Go"", ""Python"", ""ClickHouse"", ""PostgreSQL""]","<p>В финтех направление открыта вакансия Middle DevOps Engineer (Docker, K8s).</p>
    <p><strong>Задачи:</strong></p><ul><li>Создание масштабируемых сервисов с низким latency.</li>
    <li>Интеграция с платежными шлюзами и внешними API.</li><li>Написание юнит и интеграционных тестов.</li></ul>
    <p><strong>Стек:</strong> Git, Redis, Go, Python, ClickHouse, PostgreSQL.</p>
    <p><strong>Условия:</strong> полностью белая зарплата, техника на выбор, дружная инженерная культура.</p>"
90000398,Ищем: Middle Python Developer,От 1 года до 3 лет,between1And3,,265000,RUR,remote,"[""Redis"", ""Docker"", ""Kafka"", ""ClickHouse"", ""PostgreSQL"", ""RabbitMQ""]","<p>В финтех направление открыта вакансия Ищем: Middle Python Developer.</p>
    <p><strong>Задачи:</strong></p><ul><li>Создание масштабируемых сервисов с низким latency.</li>
    <li>Интеграция с платежными шлюзами и внешними API.</li><li>Написание юнит и интеграционных тестов.</li></ul>
    <p><strong>Стек:</strong> Redis, Docker, Kafka, ClickHouse, PostgreSQL, RabbitMQ.</p>
    <p><strong>Условия:</strong> полностью белая зарплата, техника на выбор, дружная инженерная культура.</p>"
90000399,Junior Go / Golang Developer,Нет опыта,noExperience,50000,90000,RUR,remote,"[""Git"", ""REST API"", ""Celery"", ""Python"", ""PostgreSQL""]","<p>В финтех направление открыта вакансия Junior Go / Golang Developer.</p>
    <p><strong>Задачи:</strong></p><ul><li>Создание масштабируемых сервисов с низким latency.</li>
    <li>Интеграция с платежными шлюзами и внешними API.</li><li>Написание юнит и интеграционных тестов.</li></ul>
    <p><strong>Стек:</strong> Git, REST API, Celery, Python, PostgreSQL.</p>
    <p><strong>Условия:</strong> полностью белая зарплата, техника на выбор, дружная инженерная культура.</p>"
90000400,"Middle DevOps Engineer (Docker, K8s)",От 3 до 6 лет,between3And6,,,RUR,fullDay,"[""Asyncio"", ""Go"", ""SQLAlchemy"", ""Python""]","<h3>О проекте:</h3><p>Мы разрабатываем высоконагруженную платформу автоматизации аналитики и бизнес-процессов.</p>
    <h3>Обязанности:</h3><ul><li>Разработка микросервисов на Go и фреймворке Flask.</li>
    <li>Проектирование архитектуры базы данных Redis и оптимизация сложных аналитических запросов.</li>
    <li>Контейнеризация и настройка пайплайнов деплоя с использованием Docker.</li></ul>
    <h3>Требования:</h3><ul><li>Опыт работы с технологиями: Asyncio, Go, SQLAlchemy, Python.</li>
    <li>Понимание принципов чистого кода, SOLID и микросервисной архитектуры.</li>
    <li>Умение работать в Agile/Scrum команде.</li></ul>
    <h3>Мы предлагаем:</h3><ul><li>Конкурентная зарплата, гибкий график, ДМС и возможность удаленной работы.</li></ul>"
90000401,Ищем: Golang Developer (Middle),Более 6 лет,moreThan6,200000,300000,RUR,fullDay,"[""Git"", ""FastAPI"", ""Redis"", ""Microservices"", ""Go"", ""ClickHouse""]","<h3>О проекте:</h3><p>Мы разрабатываем высоконагруженную платформу автоматизации аналитики и бизнес-процессов.</p>
    <h3>Обязанности:</h3><ul><li>Разработка микросервисов на Go и фреймворке FastAPI.</li>
    <li>Проектирование архитектуры базы данных Redis и оптимизация сложных аналитических запросов.</li>
    <li>Контейнеризация и настройка пайплайнов деплоя с использованием Docker.</li></ul>
    <h3>Требования:</h3><ul><li>Опыт работы с технологиями: Git, FastAPI, Redis, Microservices, Go, ClickHouse.</li>
    <li>Понимание принципов чистого кода, SOLID и микросервисной архитектуры.</li>
    <li>Умение работать в Agile/Scrum команде.</li></ul>
    <h3>Мы предлагаем:</h3><ul><li>Конкурентная зарплата, гибкий график, ДМС и возможность удаленной работы.</li></ul>"
90000402,Software Engineer,От 1 года до 3 лет,between1And3,70000,110000,RUR,flexible,"[""Git"", ""REST API"", ""CI/CD"", ""Python"", ""RabbitMQ""]","<p>В финтех направление открыта вакансия Software Engineer.</p>
    <p><strong>Задачи:</strong></p><ul><li>Создание масштабируемых сервисов с низким latency.</li>
    <li>Интеграция с платежными шлюзами и внешними API.</li><li>Написание юнит и интеграционных тестов.</li></ul>
    <p><strong>Стек:</strong> Git, REST API, CI/CD, Python, RabbitMQ.</p>
    <p><strong>Условия:</strong> полностью белая зарплата, техника на выбор, дружная инженерная культура.</p>"
90000403,Senior Golang Developer,От 3 до 6 лет,between3And6,290000,435000,RUR,flexible,"[""Microservices"", ""Pytest"", ""Go"", ""Docker"", ""Python"", ""Kubernetes"", ""ClickHouse""]","<h3>О проекте:</h3><p>Мы разрабатываем высоконагруженную платформу автоматизации аналитики и бизнес-процессов.</p>
    <h3>Обязанности:</h3><ul><li>Разработка микросервисов на Go и фреймворке Flask.</li>
    <li>Проектирование архитектуры базы данных Redis и оптимизация сложных аналитических запросов.</li>
    <li>Контейнеризация и настройка пайплайнов деплоя с использованием Docker и Kubernetes.</li></ul>
    <h3>Требования:</h3><ul><li>Опыт работы с технологиями: Microservices, Pytest, Go, Docker, Python, Kubernetes, ClickHouse.</li>
    <li>Понимание принципов чистого кода, SOLID и микросервисной архитектуры.</li>
    <li>Умение работать в Agile/Scrum команде.</li></ul>
    <h3>Мы предлагаем:</h3><ul><li>Конкурентная зарплата, гибкий график, ДМС и возможность удаленной работы.</li></ul>"
90000404,Ищем: Middle Python Developer,От 1 года до 3 лет,between1And3,165000,265000,RUR,remote,"[""Go"", ""SQLAlchemy"", ""Python"", ""Asyncio"", ""Kafka"", ""PostgreSQL""]","<h3>О проекте:</h3><p>Мы разрабатываем высоконагруженную платформу автоматизации аналитики и бизнес-процессов.</p>
    <h3>Обязанности:</h3><ul><li>Разработка микросервисов на Python и фреймворке Flask.</li>
    <li>Проектирование архитектуры базы данных PostgreSQL и оптимизация сложных аналитических запросов.</li>
    <li>Контейнеризация и настройка пайплайнов деплоя с использованием Docker.</li></ul>
    <h3>Требования:</h3><ul><li>Опыт работы с технологиями: Go, SQLAlchemy, Python, Asyncio, Kafka, PostgreSQL.</li>
    <li>Понимание принципов чистого кода, SOLID и микросервисной архитектуры.</li>
    <li>Умение работать в Agile/Scrum команде.</li></ul>
    <h3>Мы предлагаем:</h3><ul><li>Конкурентная зарплата, гибкий график, ДМС и возможность удаленной работы.</li></ul>"
90000405,Удаленно: Python Backend Engineer,От 1 года до 3 лет,between1And3,135000,215000,RUR,flexible,"[""FastAPI"", ""Redis"", ""Microservices"", ""SQLAlchemy"", ""Python"", ""Asyncio""]","<p>В финтех направление открыта вакансия Удаленно: Python Backend Engineer.</p>
    <p><strong>Задачи:</strong></p><ul><li>Создание масштабируемых сервисов с низким latency.</li>
    <li>Интеграция с платежными шлюзами и внешними API.</li><li>Написание юнит и интеграционных тестов.</li></ul>
    <p><strong>Стек:</strong> FastAPI, Redis, Microservices, SQLAlchemy, Python, Asyncio.</p>
    <p><strong>Условия:</strong> полностью белая зарплата, техника на выбор, дружная инженерная культура.</p>"
90000406,"Ищем: Middle DevOps Engineer (Docker, K8s)",От 3 до 6 лет,between3And6,200000,315000,RUR,remote,"[""FastAPI"", ""Django"", ""Python"", ""Asyncio"", ""Kafka""]","<h3>О проекте:</h3><p>Мы разрабатываем высоконагруженную платформу автоматизации аналитики и бизнес-процессов.</p>
    <h3>Обязанности:</h3><ul><li>Разработка микросервисов на Python и фреймворке FastAPI.</li>
    <li>Проектирование архитектуры базы данных Redis и оптимизация сложных аналитических запросов.</li>
    <li>Контейнеризация и настройка пайплайнов деплоя с использованием Docker.</li></ul>
    <h3>Требования:</h3><ul><li>Опыт работы с технологиями: FastAPI, Django, Python, Asyncio, Kafka.</li>
    <li>Понимание принципов чистого кода, SOLID и микросервисной архитектуры.</li>
    <li>Умение работать в Agile/Scrum команде.</li></ul>
    <h3>Мы предлагаем:</h3><ul><li>Конкурентная зарплата, гибкий график, ДМС и возможность удаленной работы.</li></ul>"
90000407,Trainee / Junior Data Engineer,Нет опыта,noExperience,60000,95000,RUR,fullDay,"[""Git"", ""REST API"", ""Linux"", ""FastAPI"", ""Python"", ""PostgreSQL""]","<p>В финтех направление открыта вакансия Trainee / Junior Data Engineer.</p>
    <p><strong>Задачи:</strong></p><ul><li>Создание масштабируемых сервисов с низким latency.</li>
    <li>Интеграция с платежными шлюзами и внешними API.</li><li>Написание юнит и интеграционных тестов.</li></ul>
    <p><strong>Стек:</strong> Git, REST API, Linux, FastAPI, Python, PostgreSQL.</p>
    <p><strong>Условия:</strong> полностью белая зарплата, техника на выбор, дружная инженерная культура.</p>"
90000408,Middle Data Engineer,От 3 до 6 лет,between3And6,180000,,RUR,remote,"[""Go"", ""Git"", ""SQLAlchemy"", ""FastAPI""]","<p>В финтех направление открыта вакансия Middle Data Engineer.</p>
    <p><strong>Задачи:</strong></p><ul><li>Создание масштабируемых сервисов с низким latency.</li>
    <li>Интеграция с платежными шлюзами и внешними API.</li><li>Написание юнит и интеграционных тестов.</li></ul>
    <p><strong>Стек:</strong> Go, Git, SQLAlchemy, FastAPI.</p>
    <p><strong>Условия:</strong> полностью белая зарплата, техника на выбор, дружная инженерная культура.</p>"
90000409,Go Backend Developer,Более 6 лет,moreThan6,295000,470000,RUR,flexible,"[""REST API"", ""CI/CD"", ""Go"", ""Kafka"", ""ClickHouse"", ""PostgreSQL""]","<p>В финтех направление открыта вакансия Go Backend Developer.</p>
    <p><strong>Задачи:</strong></p><ul><li>Создание масштабируемых сервисов с низким latency.</li>
    <li>Интеграция с платежными шлюзами и внешними API.</li><li>Написание юнит и интеграционных тестов.</li></ul>
    <p><strong>Стек:</strong> REST API, CI/CD, Go, Kafka, ClickHouse, PostgreSQL.</p>
    <p><strong>Условия:</strong> полностью белая зарплата, техника на выбор, дружная инженерная культура.</p>"
90000410,Ищем: Junior DevOps Engineer,От 1 года до 3 лет,between1And3,60000,105000,RUR,remote,"[""REST API"", ""Git"", ""Linux"", ""CI/CD"", ""ClickHouse""]","<h3>О проекте:</h3><p>Мы разрабатываем высоконагруженную платформу автоматизации аналитики и бизнес-процессов.</p>
    <h3>Обязанности:</h3><ul><li>Разработка микросервисов на Python и фреймворке Flask.</li>
    <li>Проектирование архитектуры базы данных Redis и оптимизация сложных аналитических запросов.</li>
    <li>Контейнеризация и настройка пайплайнов деплоя с использованием Docker.</li></ul>
    <h3>Требования:</h3><ul><li>Опыт работы с технологиями: REST API, Git, Linux, CI/CD, ClickHouse.</li>
    <li>Понимание принципов чистого кода, SOLID и микросервисной архитектуры.</li>
    <li>Умение работать в Agile/Scrum команде.</li></ul>
    <h3>Мы предлагаем:</h3><ul><li>Конкурентная зарплата, гибкий график, ДМС и возможность удаленной работы.</li></ul>"
90000411,Go Backend Developer,Нет опыта,noExperience,45000,80000,RUR,fullDay,"[""REST API"", ""Django"", ""Python""]","<h3>О проекте:</h3><p>Мы разрабатываем высоконагруженную платформу автоматизации аналитики и бизнес-процессов.</p>
    <h3>Обязанности:</h3><ul><li>Разработка микросервисов на Python и фреймворке Django.</li>
    <li>Проектирование архитектуры базы данных Redis и оптимизация сложных аналитических запросов.</li>
    <li>Контейнеризация и настройка пайплайнов деплоя с использованием Docker.</li></ul>
    <h3>Требования:</h3><ul><li>Опыт работы с технологиями: REST API, Django, Python.</li>
    <li>Понимание принципов чистого кода, SOLID и микросервисной архитектуры.</li>
    <li>Умение работать в Agile/Scrum команде.</li></ul>
    <h3>Мы предлагаем:</h3><ul><li>Конкурентная зарплата, гибкий график, ДМС и возможность удаленной работы.</li></ul>"
90000412,Удаленно: Middle Go Engineer (Микросервисы),От 3 до 6 лет,between3And6,,315000,RUR,remote,"[""Git"", ""FastAPI"", ""Redis"", ""Go"", ""Asyncio"", ""ClickHouse"", ""PostgreSQL""]","<p>В финтех направление открыта вакансия Удаленно: Middle Go Engineer (Микросервисы).</p>
    <p><strong>Задачи:</strong></p><ul><li>Создание масштабируемых сервисов с низким latency.</li>
    <li>Интеграция с платежными шлюзами и внешними API.</li><li>Написание юнит и интеграционных тестов.</li></ul>
    <p><strong>Стек:</strong> Git, FastAPI, Redis, Go, Asyncio, ClickHouse, PostgreSQL.</p>
    <p><strong>Условия:</strong> полностью белая зарплата, техника на выбор, дружная инженерная культура.</p>"
90000413,Go Backend Developer,От 3 до 6 лет,between3And6,170000,255000,RUR,remote,"[""Git"", ""Microservices"", ""SQLAlchemy"", ""Asyncio"", ""Django"", ""PostgreSQL""]","<p>В финтех направление открыта вакансия Go Backend Developer.</p>
    <p><strong>Задачи:</strong></p><ul><li>Создание масштабируемых сервисов с низким latency.</li>
    <li>Интеграция с платежными шлюзами и внешними API.</li><li>Написание юнит и интеграционных тестов.</li></ul>
    <p><strong>Стек:</strong> Git, Microservices, SQLAlchemy, Asyncio, Django, PostgreSQL.</p>
    <p><strong>Условия:</strong> полностью белая зарплата, техника на выбор, дружная инженерная культура.</p>"
90000414,Удаленно: Trainee / Junior Data Engineer,Нет опыта,noExperience,55000,90000,RUR,remote,"[""Git"", ""REST API"", ""Python""]","<p>В финтех направление открыта вакансия Удаленно: Trainee / Junior Data Engineer.</p>
    <p><strong>Задачи:</strong></p><ul><li>Создание масштабируемых сервисов с низким latency.</li>
    <li>Интеграция с платежными шлюзами и внешними API.</li><li>Написание юнит и интеграционных тестов.</li></ul>
    <p><strong>Стек:</strong> Git, REST API, Python.</p>
    <p><strong>Условия:</strong> полностью белая зарплата, техника на выбор, дружная инженерная культура.</p>"
90000415,IT Компания: Trainee / Junior Data Engineer,Нет опыта,noExperience,45000,70000,RUR,remote,"[""Git"", ""Django"", ""Asyncio""]","<h3>О проекте:</h3><p>Мы разрабатываем высоконагруженную платформу автоматизации аналитики и бизнес-процессов.</p>
    <h3>Обязанности:</h3><ul><li>Разработка микросервисов на Python и фреймворке Django.</li>
    <li>Проектирование архитектуры базы данных Redis и оптимизация сложных аналитических запросов.</li>
    <li>Контейнеризация и настройка пайплайнов деплоя с использованием Docker.</li></ul>
    <h3>Требования:</h3><ul><li>Опыт работы с технологиями: Git, Django, Asyncio.</li>
    <li>Понимание принципов чистого кода, SOLID и микросервисной архитектуры.</li>
    <li>Умение работать в Agile/Scrum команде.</li></ul>
    <h3>Мы предлагаем:</h3><ul><li>Конкурентная зарплата, гибкий график, ДМС и возможность удаленной работы.</li></ul>"
90000416,Удаленно: Junior DevOps Engineer,От 1 года до 3 лет,between1And3,65000,110000,RUR,fullDay,"[""Git"", ""Linux"", ""Python"", ""Django"", ""PostgreSQL""]","<h3>О проекте:</h3><p>Мы разрабатываем высоконагруженную платформу автоматизации аналитики и бизнес-процессов.</p>
    <h3>Обязанности:</h3><ul><li>Разработка микросервисов на Python и фреймворке Django.</li>
    <li>Проектирование архитектуры базы данных PostgreSQL и оптимизация сложных аналитических запросов.</li>
    <li>Контейнеризация и настройка пайплайнов деплоя с использованием Docker.</li></ul>
    <h3>Требования:</h3><ul><li>Опыт работы с технологиями: Git, Linux, Python, Django, PostgreSQL.</li>
    <li>Понимание принципов чистого кода, SOLID и микросервисной архитектуры.</li>
    <li>Умение работать в Agile/Scrum команде.</li></ul>
    <h3>Мы предлагаем:</h3><ul><li>Конкурентная зарплата, гибкий график, ДМС и возможность удаленной работы.</li></ul>"
90000417,"Backend Разработчик (Python, FastAPI, PostgreSQL)",От 1 года до 3 лет,between1And3,,280000,RUR,fullDay,"[""Git"", ""Redis"", ""CI/CD"", ""Go"", ""SQLAlchemy"", ""Python""]","<h3>О проекте:</h3><p>Мы разрабатываем высоконагруженную платформу автоматизации аналитики и бизнес-процессов.</p>
    <h3>Обязанности:</h3><ul><li>Разработка микросервисов на Python и фреймворке Flask.</li>
    <li>Проектирование архитектуры базы данных Redis и оптимизация сложных аналитических запросов.</li>
    <li>Контейнеризация и настройка пайплайнов деплоя с использованием Docker.</li></ul>
    <h3>Требования:</h3><ul><li>Опыт работы с технологиями: Git, Redis, CI/CD, Go, SQLAlchemy, Python.</li>
    <li>Понимание принципов чистого кода, SOLID и микросервисной архитектуры.</li>
    <li>Умение работать в Agile/Scrum команде.</li></ul>
    <h3>Мы предлагаем:</h3><ul><li>Конкурентная зарплата, гибкий график, ДМС и возможность удаленной работы.</li></ul>"
90000418,Junior DevOps Engineer,От 1 года до 3 лет,between1And3,80000,130000,RUR,remote,"[""Git"", ""Linux"", ""Python""]","<h3>О проекте:</h3><p>Мы разрабатываем высоконагруженную платформу автоматизации аналитики и бизнес-процессов.</p>
    <h3>Обязанности:</h3><ul><li>Разработка микросервисов на Python и фреймворке Flask.</li>
    <li>Проектирование архитектуры базы данных Redis и оптимизация сложных аналитических запросов.</li>
    <li>Контейнеризация и настройка пайплайнов деплоя с использованием Docker.</li></ul>
    <h3>Требования:</h3><ul><li>Опыт работы с технологиями: Git, Linux, Python.</li>
    <li>Понимание принципов чистого кода, SOLID и микросервисной архитектуры.</li>
    <li>Умение работать в Agile/Scrum команде.</li></ul>
    <h3>Мы предлагаем:</h3><ul><li>Конкурентная зарплата, гибкий график, ДМС и возможность удаленной работы.</li></ul>"
90000419,IT Компания: Fullstack Developer (Python / Vue.js),От 1 года до 3 лет,between1And3,115000,185000,RUR,fullDay,"[""Linux"", ""FastAPI"", ""Redis"", ""Microservices"", ""Asyncio""]","<p>В финтех направление открыта вакансия IT Компания: Fullstack Developer (Python / Vue.js).</p>
    <p><strong>Задачи:</strong></p><ul><li>Создание масштабируемых сервисов с низким latency.</li>
    <li>Интеграция с платежными шлюзами и внешними API.</li><li>Написание юнит и интеграционных тестов.</li></ul>
    <p><strong>Стек:</strong> Linux, FastAPI, Redis, Microservices, Asyncio.</p>
    <p><strong>Условия:</strong> полностью белая зарплата, техника на выбор, дружная инженерная культура.</p>"
90000420,IT Компания: Python Backend Engineer,От 1 года до 3 лет,between1And3,180000,285000,RUR,remote,"[""Redis"", ""Kubernetes"", ""Docker"", ""Python""]","<p>В финтех направление открыта вакансия IT Компания: Python Backend Engineer.</p>
    <p><strong>Задачи:</strong></p><ul><li>Создание масштабируемых сервисов с низким latency.</li>
    <li>Интеграция с платежными шлюзами и внешними API.</li><li>Написание юнит и интеграционных тестов.</li></ul>
    <p><strong>Стек:</strong> Redis, Kubernetes, Docker, Python.</p>
    <p><strong>Условия:</strong> полностью белая зарплата, техника на выбор, дружная инженерная культура.</p>"
90000421,Backend Engineer,От 3 до 6 лет,between3And6,280000,,RUR,remote,"[""FastAPI"", ""CI/CD"", ""Go"", ""Docker"", ""Celery"", ""Kafka""]","<h3>О проекте:</h3><p>Мы разрабатываем высоконагруженную платформу автоматизации аналитики и бизнес-процессов.</p>
    <h3>Обязанности:</h3><ul><li>Разработка микросервисов на Go и фреймворке FastAPI.</li>
    <li>Проектирование архитектуры базы данных Redis и оптимизация сложных аналитических запросов.</li>
    <li>Контейнеризация и настройка пайплайнов деплоя с использованием Docker.</li></ul>
    <h3>Требования:</h3><ul><li>Опыт работы с технологиями: FastAPI, CI/CD, Go, Docker, Celery, Kafka.</li>
    <li>Понимание принципов чистого кода, SOLID и микросервисной архитектуры.</li>
    <li>Умение работать в Agile/Scrum команде.</li></ul>
    <h3>Мы предлагаем:</h3><ul><li>Конкурентная зарплата, гибкий график, ДМС и возможность удаленной работы.</li></ul>"
90000422,IT Компания: Senior Python Developer,От 3 до 6 лет,between3And6,315000,490000,RUR,fullDay,"[""Microservices"", ""Git"", ""Linux""]","<p>В финтех направление открыта вакансия IT Компания: Senior Python Developer.</p>
    <p><strong>Задачи:</strong></p><ul><li>Создание масштабируемых сервисов с низким latency.</li>
    <li>Интеграция с платежными шлюзами и внешними API.</li><li>Написание юнит и интеграционных тестов.</li></ul>
    <p><strong>Стек:</strong> Microservices, Git, Linux.</p>
    <p><strong>Условия:</strong> полностью белая зарплата, техника на выбор, дружная инженерная культура.</p>"
90000423,Стажер-разработчик Python,Нет опыта,noExperience,45000,75000,RUR,fullDay,"[""Git"", ""Redis"", ""Pytest"", ""Python"", ""Django"", ""PostgreSQL""]","<p>В финтех направление открыта вакансия Стажер-разработчик Python.</p>
    <p><strong>Задачи:</strong></p><ul><li>Создание масштабируемых сервисов с низким latency.</li>
    <li>Интеграция с платежными шлюзами и внешними API.</li><li>Написание юнит и интеграционных тестов.</li></ul>
    <p><strong>Стек:</strong> Git, Redis, Pytest, Python, Django, PostgreSQL.</p>
    <p><strong>Условия:</strong> полностью белая зарплата, техника на выбор, дружная инженерная культура.</p>"
90000424,Разработчик Python,Более 6 лет,moreThan6,320000,505000,RUR,fullDay,"[""Kafka"", ""Go"", ""Linux"", ""Docker""]","<h3>О проекте:</h3><p>Мы разрабатываем высоконагруженную платформу автоматизации аналитики и бизнес-процессов.</p>
    <h3>Обязанности:</h3><ul><li>Разработка микросервисов на Python и фреймворке Flask.</li>
    <li>Проектирование архитектуры базы данных Redis и оптимизация сложных аналитических запросов.</li>
    <li>Контейнеризация и настройка пайплайнов деплоя с использованием Docker.</li></ul>
    <h3>Требования:</h3><ul><li>Опыт работы с технологиями: Kafka, Go, Linux, Docker.</li>
    <li>Понимание принципов чистого кода, SOLID и микросервисной архитектуры.</li>
    <li>Умение работать в Agile/Scrum команде.</li></ul>
    <h3>Мы предлагаем:</h3><ul><li>Конкурентная зарплата, гибкий график, ДМС и возможность удаленной работы.</li></ul>"
90000425,Junior Python Developer,Нет опыта,noExperience,55000,95000,RUR,fullDay,"[""REST API"", ""PostgreSQL"", ""Linux""]","<p>В финтех направление открыта вакансия Junior Python Developer.</p>
    <p><strong>Задачи:</strong></p><ul><li>Создание масштабируемых сервисов с низким latency.</li>
    <li>Интеграция с платежными шлюзами и внешними API.</li><li>Написание юнит и интеграционных тестов.</li></ul>
    <p><strong>Стек:</strong> REST API, PostgreSQL, Linux.</p>
    <p><strong>Условия:</strong> полностью белая зарплата, техника на выбор, дружная инженерная культура.</p>"
90000426,Junior Python Developer,Нет опыта,noExperience,60000,110000,RUR,fullDay,"[""REST API"", ""Git"", ""Linux"", ""Python"", ""PostgreSQL""]","<p>В финтех направление открыта вакансия Junior Python Developer.</p>
    <p><strong>Задачи:</strong></p><ul><li>Создание масштабируемых сервисов с низким latency.</li>
    <li>Интеграция с платежными шлюзами и внешними API.</li><li>Написание юнит и интеграционных тестов.</li></ul>
    <p><strong>Стек:</strong> REST API, Git, Linux, Python, PostgreSQL.</p>
    <p><strong>Условия:</strong> полностью белая зарплата, техника на выбор, дружная инженерная культура.</p>"
90000427,"IT Компания: Middle DevOps Engineer (Docker, K8s)",От 3 до 6 лет,between3And6,170000,270000,RUR,fullDay,"[""Git"", ""FastAPI"", ""Go"", ""SQLAlchemy"", ""Docker"", ""Celery"", ""Python"", ""Django""]","<p>В финтех направление открыта вакансия IT Компания: Middle DevOps Engineer (Docker, K8s).</p>
    <p><strong>Задачи:</strong></p><ul><li>Создание масштабируемых сервисов с низким latency.</li>
    <li>Интеграция с платежными шлюзами и внешними API.</li><li>Написание юнит и интеграционных тестов.</li></ul>
    <p><strong>Стек:</strong> Git, FastAPI, Go, SQLAlchemy, Docker, Celery, Python, Django.</p>
    <p><strong>Условия:</strong> полностью белая зарплата, техника на выбор, дружная инженерная культура.</p>"
90000428,Middle Go Engineer (Микросервисы),От 3 до 6 лет,between3And6,210000,,RUR,remote,"[""Git"", ""FastAPI"", ""Redis"", ""CI/CD"", ""SQLAlchemy"", ""Docker"", ""Asyncio"", ""Django""]","<p>В финтех направление открыта вакансия Middle Go Engineer (Микросервисы).</p>
    <p><strong>Задачи:</strong></p><ul><li>Создание масштабируемых сервисов с низким latency.</li>
    <li>Интеграция с платежными шлюзами и внешними API.</li><li>Написание юнит и интеграционных тестов.</li></ul>
    <p><strong>Стек:</strong> Git, FastAPI, Redis, CI/CD, SQLAlchemy, Docker, Asyncio, Django.</p>
    <p><strong>Условия:</strong> полностью белая зарплата, техника на выбор, дружная инженерная культура.</p>"
90000429,"IT Компания: Senior Backend Architect (Go, PostgreSQL, Kafka)",Более 6 лет,moreThan6,400000,590000,RUR,fullDay,"[""Microservices"", ""Git"", ""Go"", ""Docker""]","<p>В финтех направление открыта вакансия IT Компания: Senior Backend Architect (Go, PostgreSQL, Kafka).</p>
    <p><strong>Задачи:</strong></p><ul><li>Создание масштабируемых сервисов с низким latency.</li>
    <li>Интеграция с платежными шлюзами и внешними API.</li><li>Написание юнит и интеграционных тестов.</li></ul>
    <p><strong>Стек:</strong> Microservices, Git, Go, Docker.</p>
    <p><strong>Условия:</strong> полностью белая зарплата, техника на выбор, дружная инженерная культура.</p>"
90000430,IT Компания: Junior Backend Engineer (FastAPI),От 1 года до 3 лет,between1And3,,,RUR,fullDay,"[""Git"", ""FastAPI"", ""Go"", ""Python"", ""Django"", ""PostgreSQL""]","<h3>О проекте:</h3><p>Мы разрабатываем высоконагруженную платформу автоматизации аналитики и бизнес-процессов.</p>
    <h3>Обязанности:</h3><ul><li>Разработка микросервисов на Go и фреймворке FastAPI.</li>
    <li>Проектирование архитектуры базы данных PostgreSQL и оптимизация сложных аналитических запросов.</li>
    <li>Контейнеризация и настройка пайплайнов деплоя с использованием Docker.</li></ul>
    <h3>Требования:</h3><ul><li>Опыт работы с технологиями: Git, FastAPI, Go, Python, Django, PostgreSQL.</li>
    <li>Понимание принципов чистого кода, SOLID и микросервисной архитектуры.</li>
    <li>Умение работать в Agile/Scrum команде.</li></ul>
    <h3>Мы предлагаем:</h3><ul><li>Конкурентная зарплата, гибкий график, ДМС и возможность удаленной работы.</li></ul>"
90000431,Ищем: Junior Backend Engineer (FastAPI),От 1 года до 3 лет,between1And3,65000,,RUR,fullDay,"[""REST API"", ""CI/CD"", ""Go"", ""Python"", ""Django"", ""ClickHouse""]","<h3>О проекте:</h3><p>Мы разрабатываем высоконагруженную платформу автоматизации аналитики и бизнес-процессов.</p>
    <h3>Обязанности:</h3><ul><li>Разработка микросервисов на Go и фреймворке Django.</li>
    <li>Проектирование архитектуры базы данных Redis и оптимизация сложных аналитических запросов.</li>
    <li>Контейнеризация и настройка пайплайнов деплоя с использованием Docker.</li></ul>
    <h3>Требования:</h3><ul><li>Опыт работы с технологиями: REST API, CI/CD, Go, Python, Django, ClickHouse.</li>
    <li>Понимание принципов чистого кода, SOLID и микросервисной архитектуры.</li>
    <li>Умение работать в Agile/Scrum команде.</li></ul>
    <h3>Мы предлагаем:</h3><ul><li>Конкурентная зарплата, гибкий график, ДМС и возможность удаленной работы.</li></ul>"
90000432,Ищем: Junior Backend Engineer (FastAPI),От 1 года до 3 лет,between1And3,,,RUR,fullDay,"[""Git"", ""Kafka"", ""Django"", ""Python""]","<p>В финтех направление открыта вакансия Ищем: Junior Backend Engineer (FastAPI).</p>
    <p><strong>Задачи:</strong></p><ul><li>Создание масштабируемых сервисов с низким latency.</li>
    <li>Интеграция с платежными шлюзами и внешними API.</li><li>Написание юнит и интеграционных тестов.</li></ul>
    <p><strong>Стек:</strong> Git, Kafka, Django, Python.</p>
    <p><strong>Условия:</strong> полностью белая зарплата, техника на выбор, дружная инженерная культура.</p>"
90000433,IT Компания: Senior Python Developer,От 3 до 6 лет,between3And6,240000,380000,RUR,remote,"[""Git"", ""FastAPI"", ""Redis"", ""Microservices"", ""Docker"", ""Kubernetes""]","<p>В финтех направление открыта вакансия IT Компания: Senior Python Developer.</p>
    <p><strong>Задачи:</strong></p><ul><li>Создание масштабируемых сервисов с низким latency.</li>
    <li>Интеграция с платежными шлюзами и внешними API.</li><li>Написание юнит и интеграционных тестов.</li></ul>
    <p><strong>Стек:</strong> Git, FastAPI, Redis, Microservices, Docker, Kubernetes.</p>
    <p><strong>Условия:</strong> полностью белая зарплата, техника на выбор, дружная инженерная культура.</p>"
90000434,IT Компания: Ведущий разработчик Python,Более 6 лет,moreThan6,,,RUR,fullDay,"[""FastAPI"", ""Microservices"", ""CI/CD"", ""Kafka"", ""ClickHouse""]","<p>В финтех направление открыта вакансия IT Компания: Ведущий разработчик Python.</p>
    <p><strong>Задачи:</strong></p><ul><li>Создание масштабируемых сервисов с низким latency.</li>
    <li>Интеграция с платежными шлюзами и внешними API.</li><li>Написание юнит и интеграционных тестов.</li></ul>
    <p><strong>Стек:</strong> FastAPI, Microservices, CI/CD, Kafka, ClickHouse.</p>
    <p><strong>Условия:</strong> полностью белая зарплата, техника на выбор, дружная инженерная культура.</p>"
90000435,Разработчик Python,Нет опыта,noExperience,40000,75000,RUR,fullDay,"[""Linux"", ""Go"", ""Docker"", ""Python"", ""ClickHouse""]","<p>В финтех направление открыта вакансия Разработчик Python.</p>
    <p><strong>Задачи:</strong></p><ul><li>Создание масштабируемых сервисов с низким latency.</li>
    <li>Интеграция с платежными шлюзами и внешними API.</li><li>Написание юнит и интеграционных тестов.</li></ul>
    <p><strong>Стек:</strong> Linux, Go, Docker, Python, ClickHouse.</p>
    <p><strong>Условия:</strong> полностью белая зарплата, техника на выбор, дружная инженерная культура.</p>"
90000436,"IT Компания: Middle DevOps Engineer (Docker, K8s)",От 3 до 6 лет,between3And6,200000,315000,RUR,fullDay,"[""Asyncio"", ""Celery"", ""SQLAlchemy"", ""Redis""]","<p>В финтех направление открыта вакансия IT Компания: Middle DevOps Engineer (Docker, K8s).</p>
    <p><strong>Задачи:</strong></p><ul><li>Создание масштабируемых сервисов с низким latency.</li>
    <li>Интеграция с платежными шлюзами и внешними API.</li><li>Написание юнит и интеграционных тестов.</li></ul>
    <p><strong>Стек:</strong> Asyncio, Celery, SQLAlchemy, Redis.</p>
    <p><strong>Условия:</strong> полностью белая зарплата, техника на выбор, дружная инженерная культура.</p>"
90000437,Удаленно: Ведущий разработчик Python,Более 6 лет,moreThan6,,415000,RUR,remote,"[""FastAPI"", ""CI/CD"", ""Linux"", ""Docker""]","<p>В финтех направление открыта вакансия Удаленно: Ведущий разработчик Python.</p>
    <p><strong>Задачи:</strong></p><ul><li>Создание масштабируемых сервисов с низким latency.</li>
    <li>Интеграция с платежными шлюзами и внешними API.</li><li>Написание юнит и интеграционных тестов.</li></ul>
    <p><strong>Стек:</strong> FastAPI, CI/CD, Linux, Docker.</p>
    <p><strong>Условия:</strong> полностью белая зарплата, техника на выбор, дружная инженерная культура.</p>"
90000438,Удаленно: Senior Python Developer,От 3 до 6 лет,between3And6,,,RUR,fullDay,"[""Redis"", ""Go"", ""Docker"", ""Asyncio"", ""Kafka"", ""PostgreSQL""]","<p>В финтех направление открыта вакансия Удаленно: Senior Python Developer.</p>
    <p><strong>Задачи:</strong></p><ul><li>Создание масштабируемых сервисов с низким latency.</li>
    <li>Интеграция с платежными шлюзами и внешними API.</li><li>Написание юнит и интеграционных тестов.</li></ul>
    <p><strong>Стек:</strong> Redis, Go, Docker, Asyncio, Kafka, PostgreSQL.</p>
    <p><strong>Условия:</strong> полностью белая зарплата, техника на выбор, дружная инженерная культура.</p>"
90000439,Junior Backend Engineer (FastAPI),От 1 года до 3 лет,between1And3,75000,,RUR,remote,"[""REST API"", ""Docker"", ""SQLAlchemy"", ""Django"", ""ClickHouse"", ""PostgreSQL""]","<h3>О проекте:</h3><p>Мы разрабатываем высоконагруженную платформу автоматизации аналитики и бизнес-процессов.</p>
    <h3>Обязанности:</h3><ul><li>Разработка микросервисов на Python и фреймворке Django.</li>
    <li>Проектирование архитектуры базы данных PostgreSQL и оптимизация сложных аналитических запросов.</li>
    <li>Контейнеризация и настройка пайплайнов деплоя с использованием Docker.</li></ul>
    <h3>Требования:</h3><ul><li>Опыт работы с технологиями: REST API, Docker, SQLAlchemy, Django, ClickHouse, PostgreSQL.</li>
    <li>Понимание принципов чистого кода, SOLID и микросервисной архитектуры.</li>
    <li>Умение работать в Agile/Scrum команде.</li></ul>
    <h3>Мы предлагаем:</h3><ul><li>Конкурентная зарплата, гибкий график, ДМС и возможность удаленной работы.</li></ul>"
90000440,Удаленно: Junior Backend Engineer (FastAPI),От 1 года до 3 лет,between1And3,70000,,RUR,remote,"[""REST API"", ""Django"", ""Docker"", ""Python""]","<h3>О проекте:</h3><p>Мы разрабатываем высоконагруженную платформу автоматизации аналитики и бизнес-процессов.</p>
    <h3>Обязанности:</h3><ul><li>Разработка микросервисов на Python и фреймворке Django.</li>
    <li>Проектирование архитектуры базы данных Redis и оптимизация сложных аналитических запросов.</li>
    <li>Контейнеризация и настройка пайплайнов деплоя с использованием Docker.</li></ul>
    <h3>Требования:</h3><ul><li>Опыт работы с технологиями: REST API, Django, Docker, Python.</li>
    <li>Понимание принципов чистого кода, SOLID и микросервисной архитектуры.</li>
    <li>Умение работать в Agile/Scrum команде.</li></ul>
    <h3>Мы предлагаем:</h3><ul><li>Конкурентная зарплата, гибкий график, ДМС и возможность удаленной работы.</li></ul>"
90000441,Python Backend Engineer,От 1 года до 3 лет,between1And3,165000,260000,RUR,remote,"[""REST API"", ""FastAPI"", ""Redis"", ""CI/CD"", ""Go"", ""SQLAlchemy"", ""Docker"", ""Asyncio""]","<h3>О проекте:</h3><p>Мы разрабатываем высоконагруженную платформу автоматизации аналитики и бизнес-процессов.</p>
    <h3>Обязанности:</h3><ul><li>Разработка микросервисов на Python и фреймворке FastAPI.</li>
    <li>Проектирование архитектуры базы данных Redis и оптимизация сложных аналитических запросов.</li>
    <li>Контейнеризация и настройка пайплайнов деплоя с использованием Docker.</li></ul>
    <h3>Требования:</h3><ul><li>Опыт работы с технологиями: REST API, FastAPI, Redis, CI/CD, Go, SQLAlchemy, Docker, Asyncio.</li>
    <li>Понимание принципов чистого кода, SOLID и микросервисной архитектуры.</li>
    <li>Умение работать в Agile/Scrum команде.</li></ul>
    <h3>Мы предлагаем:</h3><ul><li>Конкурентная зарплата, гибкий график, ДМС и возможность удаленной работы.</li></ul>"
90000442,Ведущий разработчик Python,От 1 года до 3 лет,between1And3,285000,445000,RUR,remote,"[""FastAPI"", ""Docker"", ""Python"", ""Asyncio"", ""ClickHouse""]","<p>В финтех направление открыта вакансия Ведущий разработчик Python.</p>
    <p><strong>Задачи:</strong></p><ul><li>Создание масштабируемых сервисов с низким latency.</li>
    <li>Интеграция с платежными шлюзами и внешними API.</li><li>Написание юнит и интеграционных тестов.</li></ul>
    <p><strong>Стек:</strong> FastAPI, Docker, Python, Asyncio, ClickHouse.</p>
    <p><strong>Условия:</strong> полностью белая зарплата, техника на выбор, дружная инженерная культура.</p>"
90000443,Удаленно: Middle Data Engineer,От 1 года до 3 лет,between1And3,,,RUR,fullDay,"[""Git"", ""FastAPI"", ""Redis"", ""Docker"", ""Python"", ""PostgreSQL""]","<p>В финтех направление открыта вакансия Удаленно: Middle Data Engineer.</p>
    <p><strong>Задачи:</strong></p><ul><li>Создание масштабируемых сервисов с низким latency.</li>
    <li>Интеграция с платежными шлюзами и внешними API.</li><li>Написание юнит и интеграционных тестов.</li></ul>
    <p><strong>Стек:</strong> Git, FastAPI, Redis, Docker, Python, PostgreSQL.</p>
    <p><strong>Условия:</strong> полностью белая зарплата, техника на выбор, дружная инженерная культура.</p>"
90000444,Junior Go / Golang Developer,Нет опыта,noExperience,70000,120000,RUR,fullDay,"[""REST API"", ""Linux"", ""CI/CD"", ""Docker"", ""Django""]","<h3>О проекте:</h3><p>Мы разрабатываем высоконагруженную платформу автоматизации аналитики и бизнес-процессов.</p>
    <h3>Обязанности:</h3><ul><li>Разработка микросервисов на Python и фреймворке Django.</li>
    <li>Проектирование архитектуры базы данных Redis и оптимизация сложных аналитических запросов.</li>
    <li>Контейнеризация и настройка пайплайнов деплоя с использованием Docker.</li></ul>
    <h3>Требования:</h3><ul><li>Опыт работы с технологиями: REST API, Linux, CI/CD, Docker, Django.</li>
    <li>Понимание принципов чистого кода, SOLID и микросервисной архитектуры.</li>
    <li>Умение работать в Agile/Scrum команде.</li></ul>
    <h3>Мы предлагаем:</h3><ul><li>Конкурентная зарплата, гибкий график, ДМС и возможность удаленной работы.</li></ul>"
90000445,Ищем: Tech Lead (Python / FastAPI / Highload),Более 6 лет,moreThan6,370000,585000,RUR,fullDay,"[""FastAPI"", ""Celery"", ""Python"", ""Kafka"", ""PostgreSQL""]","<h3>О проекте:</h3><p>Мы разрабатываем высоконагруженную платформу автоматизации аналитики и бизнес-процессов.</p>
    <h3>Обязанности:</h3><ul><li>Разработка микросервисов на Python и фреймворке FastAPI.</li>
    <li>Проектирование архитектуры базы данных PostgreSQL и оптимизация сложных аналитических запросов.</li>
    <li>Контейнеризация и настройка пайплайнов деплоя с использованием Docker.</li></ul>
    <h3>Требования:</h3><ul><li>Опыт работы с технологиями: FastAPI, Celery, Python, Kafka, PostgreSQL.</li>
    <li>Понимание принципов чистого кода, SOLID и микросервисной архитектуры.</li>
    <li>Умение работать в Agile/Scrum команде.</li></ul>
    <h3>Мы предлагаем:</h3><ul><li>Конкурентная зарплата, гибкий график, ДМС и возможность удаленной работы.</li></ul>"
90000446,Ищем: Junior DevOps Engineer,От 1 года до 3 лет,between1And3,70000,120000,RUR,remote,"[""Git"", ""ClickHouse"", ""PostgreSQL""]","<p>В финтех направление открыта вакансия Ищем: Junior DevOps Engineer.</p>
    <p><strong>Задачи:</strong></p><ul><li>Создание масштабируемых сервисов с низким latency.</li>
    <li>Интеграция с платежными шлюзами и внешними API.</li><li>Написание юнит и интеграционных тестов.</li></ul>
    <p><strong>Стек:</strong> Git, ClickHouse, PostgreSQL.</p>
    <p><strong>Условия:</strong> полностью белая зарплата, техника на выбор, дружная инженерная культура.</p>"
90000447,Ищем: Junior Go / Golang Developer,Нет опыта,noExperience,,,RUR,fullDay,"[""Git"", ""Linux"", ""Redis"", ""SQLAlchemy"", ""Python"", ""Django""]","<h3>О проекте:</h3><p>Мы разрабатываем высоконагруженную платформу автоматизации аналитики и бизнес-процессов.</p>
    <h3>Обязанности:</h3><ul><li>Разработка микросервисов на Python и фреймворке Django.</li>
    <li>Проектирование архитектуры базы данных Redis и оптимизация сложных аналитических запросов.</li>
    <li>Контейнеризация и настройка пайплайнов деплоя с использованием Docker.</li></ul>
    <h3>Требования:</h3><ul><li>Опыт работы с технологиями: Git, Linux, Redis, SQLAlchemy, Python, Django.</li>
    <li>Понимание принципов чистого кода, SOLID и микросервисной архитектуры.</li>
    <li>Умение работать в Agile/Scrum команде.</li></ul>
    <h3>Мы предлагаем:</h3><ul><li>Конкурентная зарплата, гибкий график, ДМС и возможность удаленной работы.</li></ul>"
90000448,Junior Backend Engineer (FastAPI),От 1 года до 3 лет,between1And3,,,RUR,fullDay,"[""Git"", ""PostgreSQL"", ""Linux"", ""Python""]","<h3>О проекте:</h3><p>Мы разрабатываем высоконагруженную платформу автоматизации аналитики и бизнес-процессов.</p>
    <h3>Обязанности:</h3><ul><li>Разработка микросервисов на Python и фреймворке Flask.</li>
    <li>Проектирование архитектуры базы данных PostgreSQL и оптимизация сложных аналитических запросов.</li>
    <li>Контейнеризация и настройка пайплайнов деплоя с использованием Docker.</li></ul>
    <h3>Требования:</h3><ul><li>Опыт работы с технологиями: Git, PostgreSQL, Linux, Python.</li>
    <li>Понимание принципов чистого кода, SOLID и микросервисной архитектуры.</li>
    <li>Умение работать в Agile/Scrum команде.</li></ul>
    <h3>Мы предлагаем:</h3><ul><li>Конкурентная зарплата, гибкий график, ДМС и возможность удаленной работы.</li></ul>"
90000449,Инженер бэкенда,От 1 года до 3 лет,between1And3,150000,240000,RUR,remote,"[""Go"", ""SQLAlchemy"", ""Python"", ""Asyncio"", ""Django""]","<p>В финтех направление открыта вакансия Инженер бэкенда.</p>
    <p><strong>Задачи:</strong></p><ul><li>Создание масштабируемых сервисов с низким latency.</li>
    <li>Интеграция с платежными шлюзами и внешними API.</li><li>Написание юнит и интеграционных тестов.</li></ul>
    <p><strong>Стек:</strong> Go, SQLAlchemy, Python, Asyncio, Django.</p>
    <p><strong>Условия:</strong> полностью белая зарплата, техника на выбор, дружная инженерная культура.</p>"
90000450,DevOps Engineer,Нет опыта,noExperience,55000,95000,RUR,remote,"[""REST API"", ""Linux"", ""Microservices"", ""Docker"", ""Python"", ""Django""]","<p>В финтех направление открыта вакансия DevOps Engineer.</p>
    <p><strong>Задачи:</strong></p><ul><li>Создание масштабируемых сервисов с низким latency.</li>
    <li>Интеграция с платежными шлюзами и внешними API.</li><li>Написание юнит и интеграционных тестов.</li></ul>
    <p><strong>Стек:</strong> REST API, Linux, Microservices, Docker, Python, Django.</p>
    <p><strong>Условия:</strong> полностью белая зарплата, техника на выбор, дружная инженерная культура.</p>"
90000451,Lead / Senior Backend Engineer (Go / Python),Более 6 лет,moreThan6,,605000,RUR,remote,"[""FastAPI"", ""Redis"", ""Linux"", ""CI/CD"", ""Pytest"", ""Python""]","<p>В финтех направление открыта вакансия Lead / Senior Backend Engineer (Go / Python).</p>
    <p><strong>Задачи:</strong></p><ul><li>Создание масштабируемых сервисов с низким latency.</li>
    <li>Интеграция с платежными шлюзами и внешними API.</li><li>Написание юнит и интеграционных тестов.</li></ul>
    <p><strong>Стек:</strong> FastAPI, Redis, Linux, CI/CD, Pytest, Python.</p>
    <p><strong>Условия:</strong> полностью белая зарплата, техника на выбор, дружная инженерная культура.</p>"
90000452,Middle Data Engineer,От 3 до 6 лет,between3And6,,,RUR,fullDay,"[""Git"", ""PostgreSQL"", ""FastAPI"", ""Docker""]","<p>В финтех направление открыта вакансия Middle Data Engineer.</p>
    <p><strong>Задачи:</strong></p><ul><li>Создание масштабируемых сервисов с низким latency.</li>
    <li>Интеграция с платежными шлюзами и внешними API.</li><li>Написание юнит и интеграционных тестов.</li></ul>
    <p><strong>Стек:</strong> Git, PostgreSQL, FastAPI, Docker.</p>
    <p><strong>Условия:</strong> полностью белая зарплата, техника на выбор, дружная инженерная культура.</p>"
90000453,"Middle DevOps Engineer (Docker, K8s)",От 3 до 6 лет,between3And6,200000,310000,RUR,fullDay,"[""FastAPI"", ""Redis"", ""Pytest"", ""Docker"", ""Django"", ""PostgreSQL""]","<h3>О проекте:</h3><p>Мы разрабатываем высоконагруженную платформу автоматизации аналитики и бизнес-процессов.</p>
    <h3>Обязанности:</h3><ul><li>Разработка микросервисов на Python и фреймворке FastAPI.</li>
    <li>Проектирование архитектуры базы данных PostgreSQL и оптимизация сложных аналитических запросов.</li>
    <li>Контейнеризация и настройка пайплайнов деплоя с использованием Docker.</li></ul>
    <h3>Требования:</h3><ul><li>Опыт работы с технологиями: FastAPI, Redis, Pytest, Docker, Django, PostgreSQL.</li>
    <li>Понимание принципов чистого кода, SOLID и микросервисной архитектуры.</li>
    <li>Умение работать в Agile/Scrum команде.</li></ul>
    <h3>Мы предлагаем:</h3><ul><li>Конкурентная зарплата, гибкий график, ДМС и возможность удаленной работы.</li></ul>"
90000454,Ведущий разработчик Python,Более 6 лет,moreThan6,,,RUR,remote,"[""Linux"", ""FastAPI"", ""Microservices"", ""CI/CD"", ""Go"", ""Celery"", ""Python"", ""Kafka""]","<p>В финтех направление открыта вакансия Ведущий разработчик Python.</p>
    <p><strong>Задачи:</strong></p><ul><li>Создание масштабируемых сервисов с низким latency.</li>
    <li>Интеграция с платежными шлюзами и внешними API.</li><li>Написание юнит и интеграционных тестов.</li></ul>
    <p><strong>Стек:</strong> Linux, FastAPI, Microservices, CI/CD, Go, Celery, Python, Kafka.</p>
    <p><strong>Условия:</strong> полностью белая зарплата, техника на выбор, дружная инженерная культура.</p>"
90000455,Senior DevOps / SRE Engineer,От 3 до 6 лет,between3And6,275000,425000,RUR,fullDay,"[""Microservices"", ""Kubernetes"", ""CI/CD""]","<h3>О проекте:</h3><p>Мы разрабатываем высоконагруженную платформу автоматизации аналитики и бизнес-процессов.</p>
    <h3>Обязанности:</h3><ul><li>Разработка микросервисов на Python и фреймворке Flask.</li>
    <li>Проектирование архитектуры базы данных Redis и оптимизация сложных аналитических запросов.</li>
    <li>Контейнеризация и настройка пайплайнов деплоя с использованием Docker и Kubernetes.</li></ul>
    <h3>Требования:</h3><ul><li>Опыт работы с технологиями: Microservices, Kubernetes, CI/CD.</li>
    <li>Понимание принципов чистого кода, SOLID и микросервисной архитектуры.</li>
    <li>Умение работать в Agile/Scrum команде.</li></ul>
    <h3>Мы предлагаем:</h3><ul><li>Конкурентная зарплата, гибкий график, ДМС и возможность удаленной работы.</li></ul>"
90000456,Junior QA Automation (Python),От 1 года до 3 лет,between1And3,60000,90000,RUR,fullDay,"[""REST API"", ""PostgreSQL"", ""Linux"", ""Python""]","<h3>О проекте:</h3><p>Мы разрабатываем высоконагруженную платформу автоматизации аналитики и бизнес-процессов.</p>
    <h3>Обязанности:</h3><ul><li>Разработка микросервисов на Python и фреймворке Flask.</li>
    <li>Проектирование архитектуры базы данных PostgreSQL и оптимизация сложных аналитических запросов.</li>
    <li>Контейнеризация и настройка пайплайнов деплоя с использованием Docker.</li></ul>
    <h3>Требования:</h3><ul><li>Опыт работы с технологиями: REST API, PostgreSQL, Linux, Python.</li>
    <li>Понимание принципов чистого кода, SOLID и микросервисной архитектуры.</li>
    <li>Умение работать в Agile/Scrum команде.</li></ul>
    <h3>Мы предлагаем:</h3><ul><li>Конкурентная зарплата, гибкий график, ДМС и возможность удаленной работы.</li></ul>"
90000457,Go Backend Developer,От 1 года до 3 лет,between1And3,70000,120000,RUR,fullDay,"[""REST API"", ""Git"", ""FastAPI"", ""Redis"", ""Docker""]","<h3>О проекте:</h3><p>Мы разрабатываем высоконагруженную платформу автоматизации аналитики и бизнес-процессов.</p>
    <h3>Обязанности:</h3><ul><li>Разработка микросервисов на Python и фреймворке FastAPI.</li>
    <li>Проектирование архитектуры базы данных Redis и оптимизация сложных аналитических запросов.</li>
    <li>Контейнеризация и настройка пайплайнов деплоя с использованием Docker.</li></ul>
    <h3>Требования:</h3><ul><li>Опыт работы с технологиями: REST API, Git, FastAPI, Redis, Docker.</li>
    <li>Понимание принципов чистого кода, SOLID и микросервисной архитектуры.</li>
    <li>Умение работать в Agile/Scrum команде.</li></ul>
    <h3>Мы предлагаем:</h3><ul><li>Конкурентная зарплата, гибкий график, ДМС и возможность удаленной работы.</li></ul>"
90000458,Удаленно: Senior Python Developer,От 3 до 6 лет,between3And6,300000,470000,RUR,fullDay,"[""Kafka"", ""Pytest"", ""Python"", ""RabbitMQ""]","<p>В финтех направление открыта вакансия Удаленно: Senior Python Developer.</p>
    <p><strong>Задачи:</strong></p><ul><li>Создание масштабируемых сервисов с низким latency.</li>
    <li>Интеграция с платежными шлюзами и внешними API.</li><li>Написание юнит и интеграционных тестов.</li></ul>
    <p><strong>Стек:</strong> Kafka, Pytest, Python, RabbitMQ.</p>
    <p><strong>Условия:</strong> полностью белая зарплата, техника на выбор, дружная инженерная культура.</p>"
90000459,Ищем: Junior Backend Engineer (FastAPI),От 1 года до 3 лет,between1And3,80000,130000,RUR,remote,"[""Git"", ""REST API"", ""Linux"", ""Python"", ""ClickHouse""]","<h3>О проекте:</h3><p>Мы разрабатываем высоконагруженную платформу автоматизации аналитики и бизнес-процессов.</p>
    <h3>Обязанности:</h3><ul><li>Разработка микросервисов на Python и фреймворке Flask.</li>
    <li>Проектирование архитектуры базы данных Redis и оптимизация сложных аналитических запросов.</li>
    <li>Контейнеризация и настройка пайплайнов деплоя с использованием Docker.</li></ul>
    <h3>Требования:</h3><ul><li>Опыт работы с технологиями: Git, REST API, Linux, Python, ClickHouse.</li>
    <li>Понимание принципов чистого кода, SOLID и микросервисной архитектуры.</li>
    <li>Умение работать в Agile/Scrum команде.</li></ul>
    <h3>Мы предлагаем:</h3><ul><li>Конкурентная зарплата, гибкий график, ДМС и возможность удаленной работы.</li></ul>"
90000460,"Senior Backend Architect (Go, PostgreSQL, Kafka)",Более 6 лет,moreThan6,,,RUR,remote,"[""Go"", ""Docker"", ""Python"", ""ClickHouse"", ""RabbitMQ""]","<p>В финтех направление открыта вакансия Senior Backend Architect (Go, PostgreSQL, Kafka).</p>
    <p><strong>Задачи:</strong></p><ul><li>Создание масштабируемых сервисов с низким latency.</li>
    <li>Интеграция с платежными шлюзами и внешними API.</li><li>Написание юнит и интеграционных тестов.</li></ul>
    <p><strong>Стек:</strong> Go, Docker, Python, ClickHouse, RabbitMQ.</p>
    <p><strong>Условия:</strong> полностью белая зарплата, техника на выбор, дружная инженерная культура.</p>"
90000461,Инженер бэкенда,От 1 года до 3 лет,between1And3,165000,255000,RUR,remote,"[""Git"", ""FastAPI"", ""Redis"", ""Go"", ""SQLAlchemy"", ""Python""]","<h3>О проекте:</h3><p>Мы разрабатываем высоконагруженную платформу автоматизации аналитики и бизнес-процессов.</p>
    <h3>Обязанности:</h3><ul><li>Разработка микросервисов на Python и фреймворке FastAPI.</li>
    <li>Проектирование архитектуры базы данных Redis и оптимизация сложных аналитических запросов.</li>
    <li>Контейнеризация и настройка пайплайнов деплоя с использованием Docker.</li></ul>
    <h3>Требования:</h3><ul><li>Опыт работы с технологиями: Git, FastAPI, Redis, Go, SQLAlchemy, Python.</li>
    <li>Понимание принципов чистого кода, SOLID и микросервисной архитектуры.</li>
    <li>Умение работать в Agile/Scrum команде.</li></ul>
    <h3>Мы предлагаем:</h3><ul><li>Конкурентная зарплата, гибкий график, ДМС и возможность удаленной работы.</li></ul>"
90000462,Младший программист Python / Django,От 1 года до 3 лет,between1And3,65000,,RUR,fullDay,"[""Linux"", ""Python"", ""Django"", ""PostgreSQL"", ""Kubernetes""]","<p>В финтех направление открыта вакансия Младший программист Python / Django.</p>
    <p><strong>Задачи:</strong></p><ul><li>Создание масштабируемых сервисов с низким latency.</li>
    <li>Интеграция с платежными шлюзами и внешними API.</li><li>Написание юнит и интеграционных тестов.</li></ul>
    <p><strong>Стек:</strong> Linux, Python, Django, PostgreSQL, Kubernetes.</p>
    <p><strong>Условия:</strong> полностью белая зарплата, техника на выбор, дружная инженерная культура.</p>"
90000463,IT Компания: Fullstack Developer (Python / Vue.js),От 1 года до 3 лет,between1And3,125000,205000,RUR,remote,"[""Linux"", ""FastAPI"", ""Go"", ""Python"", ""ClickHouse""]","<h3>О проекте:</h3><p>Мы разрабатываем высоконагруженную платформу автоматизации аналитики и бизнес-процессов.</p>
    <h3>Обязанности:</h3><ul><li>Разработка микросервисов на Go и фреймворке FastAPI.</li>
    <li>Проектирование архитектуры базы данных Redis и оптимизация сложных аналитических запросов.</li>
    <li>Контейнеризация и настройка пайплайнов деплоя с использованием Docker.</li></ul>
    <h3>Требования:</h3><ul><li>Опыт работы с технологиями: Linux, FastAPI, Go, Python, ClickHouse.</li>
    <li>Понимание принципов чистого кода, SOLID и микросервисной архитектуры.</li>
    <li>Умение работать в Agile/Scrum команде.</li></ul>
    <h3>Мы предлагаем:</h3><ul><li>Конкурентная зарплата, гибкий график, ДМС и возможность удаленной работы.</li></ul>"
90000464,Ищем: Senior Data Engineer / Architect,Более 6 лет,moreThan6,305000,490000,RUR,remote,"[""FastAPI"", ""Kafka"", ""Django"", ""CI/CD"", ""Go"", ""Docker"", ""Kubernetes""]","<h3>О проекте:</h3><p>Мы разрабатываем высоконагруженную платформу автоматизации аналитики и бизнес-процессов.</p>
    <h3>Обязанности:</h3><ul><li>Разработка микросервисов на Python и фреймворке FastAPI.</li>
    <li>Проектирование архитектуры базы данных Redis и оптимизация сложных аналитических запросов.</li>
    <li>Контейнеризация и настройка пайплайнов деплоя с использованием Docker и Kubernetes.</li></ul>
    <h3>Требования:</h3><ul><li>Опыт работы с технологиями: FastAPI, Kafka, Django, CI/CD, Go, Docker, Kubernetes.</li>
    <li>Понимание принципов чистого кода, SOLID и микросервисной архитектуры.</li>
    <li>Умение работать в Agile/Scrum команде.</li></ul>
    <h3>Мы предлагаем:</h3><ul><li>Конкурентная зарплата, гибкий график, ДМС и возможность удаленной работы.</li></ul>"
90000465,Ищем: Senior Python Developer,От 3 до 6 лет,between3And6,,,RUR,fullDay,"[""Kafka"", ""Linux"", ""Kubernetes""]","<h3>О проекте:</h3><p>Мы разрабатываем высоконагруженную платформу автоматизации аналитики и бизнес-процессов.</p>
    <h3>Обязанности:</h3><ul><li>Разработка микросервисов на Python и фреймворке Flask.</li>
    <li>Проектирование архитектуры базы данных Redis и оптимизация сложных аналитических запросов.</li>
    <li>Контейнеризация и настройка пайплайнов деплоя с использованием Docker и Kubernetes.</li></ul>
    <h3>Требования:</h3><ul><li>Опыт работы с технологиями: Kafka, Linux, Kubernetes.</li>
    <li>Понимание принципов чистого кода, SOLID и микросервисной архитектуры.</li>
    <li>Умение работать в Agile/Scrum команде.</li></ul>
    <h3>Мы предлагаем:</h3><ul><li>Конкурентная зарплата, гибкий график, ДМС и возможность удаленной работы.</li></ul>"
90000466,Удаленно: Junior Go / Golang Developer,Нет опыта,noExperience,60000,100000,RUR,fullDay,"[""Git"", ""REST API"", ""Linux"", ""Go"", ""Python"", ""PostgreSQL""]","<h3>О проекте:</h3><p>Мы разрабатываем высоконагруженную платформу автоматизации аналитики и бизнес-процессов.</p>
    <h3>Обязанности:</h3><ul><li>Разработка микросервисов на Python и фреймворке Flask.</li>
    <li>Проектирование архитектуры базы данных PostgreSQL и оптимизация сложных аналитических запросов.</li>
    <li>Контейнеризация и настройка пайплайнов деплоя с использованием Docker.</li></ul>
    <h3>Требования:</h3><ul><li>Опыт работы с технологиями: Git, REST API, Linux, Go, Python, PostgreSQL.</li>
    <li>Понимание принципов чистого кода, SOLID и микросервисной архитектуры.</li>
    <li>Умение работать в Agile/Scrum команде.</li></ul>
    <h3>Мы предлагаем:</h3><ul><li>Конкурентная зарплата, гибкий график, ДМС и возможность удаленной работы.</li></ul>"
90000467,Senior Data Engineer / Architect,Более 6 лет,moreThan6,,,RUR,remote,"[""FastAPI"", ""CI/CD"", ""Python"", ""Kafka"", ""PostgreSQL""]","<p>В финтех направление открыта вакансия Senior Data Engineer / Architect.</p>
    <p><strong>Задачи:</strong></p><ul><li>Создание масштабируемых сервисов с низким latency.</li>
    <li>Интеграция с платежными шлюзами и внешними API.</li><li>Написание юнит и интеграционных тестов.</li></ul>
    <p><strong>Стек:</strong> FastAPI, CI/CD, Python, Kafka, PostgreSQL.</p>
    <p><strong>Условия:</strong> полностью белая зарплата, техника на выбор, дружная инженерная культура.</p>"
90000468,Go Backend Developer,Нет опыта,noExperience,60000,105000,RUR,remote,"[""Git"", ""Celery"", ""Django"", ""PostgreSQL"", ""Kubernetes""]","<h3>О проекте:</h3><p>Мы разрабатываем высоконагруженную платформу автоматизации аналитики и бизнес-процессов.</p>
    <h3>Обязанности:</h3><ul><li>Разработка микросервисов на Python и фреймворке Django.</li>
    <li>Проектирование архитектуры базы данных PostgreSQL и оптимизация сложных аналитических запросов.</li>
    <li>Контейнеризация и настройка пайплайнов деплоя с использованием Docker и Kubernetes.</li></ul>
    <h3>Требования:</h3><ul><li>Опыт работы с технологиями: Git, Celery, Django, PostgreSQL, Kubernetes.</li>
    <li>Понимание принципов чистого кода, SOLID и микросервисной архитектуры.</li>
    <li>Умение работать в Agile/Scrum команде.</li></ul>
    <h3>Мы предлагаем:</h3><ul><li>Конкурентная зарплата, гибкий график, ДМС и возможность удаленной работы.</li></ul>"
90000469,Junior DevOps Engineer,От 1 года до 3 лет,between1And3,,,RUR,fullDay,"[""REST API"", ""Git"", ""Python"", ""Asyncio"", ""Django"", ""PostgreSQL"", ""Kubernetes""]","<p>В финтех направление открыта вакансия Junior DevOps Engineer.</p>
    <p><strong>Задачи:</strong></p><ul><li>Создание масштабируемых сервисов с низким latency.</li>
    <li>Интеграция с платежными шлюзами и внешними API.</li><li>Написание юнит и интеграционных тестов.</li></ul>
    <p><strong>Стек:</strong> REST API, Git, Python, Asyncio, Django, PostgreSQL, Kubernetes.</p>
    <p><strong>Условия:</strong> полностью белая зарплата, техника на выбор, дружная инженерная культура.</p>"
90000470,Senior DevOps / SRE Engineer,От 3 до 6 лет,between3And6,,515000,RUR,remote,"[""Django"", ""CI/CD"", ""Asyncio"", ""Kafka"", ""PostgreSQL"", ""RabbitMQ""]","<h3>О проекте:</h3><p>Мы разрабатываем высоконагруженную платформу автоматизации аналитики и бизнес-процессов.</p>
    <h3>Обязанности:</h3><ul><li>Разработка микросервисов на Python и фреймворке Django.</li>
    <li>Проектирование архитектуры базы данных PostgreSQL и оптимизация сложных аналитических запросов.</li>
    <li>Контейнеризация и настройка пайплайнов деплоя с использованием Docker.</li></ul>
    <h3>Требования:</h3><ul><li>Опыт работы с технологиями: Django, CI/CD, Asyncio, Kafka, PostgreSQL, RabbitMQ.</li>
    <li>Понимание принципов чистого кода, SOLID и микросервисной архитектуры.</li>
    <li>Умение работать в Agile/Scrum команде.</li></ul>
    <h3>Мы предлагаем:</h3><ul><li>Конкурентная зарплата, гибкий график, ДМС и возможность удаленной работы.</li></ul>"
90000471,Ищем: Стажер-разработчик Python,Нет опыта,noExperience,35000,60000,RUR,remote,"[""Git"", ""REST API"", ""Linux"", ""Microservices"", ""Python"", ""PostgreSQL""]","<p>В финтех направление открыта вакансия Ищем: Стажер-разработчик Python.</p>
    <p><strong>Задачи:</strong></p><ul><li>Создание масштабируемых сервисов с низким latency.</li>
    <li>Интеграция с платежными шлюзами и внешними API.</li><li>Написание юнит и интеграционных тестов.</li></ul>
    <p><strong>Стек:</strong> Git, REST API, Linux, Microservices, Python, PostgreSQL.</p>
    <p><strong>Условия:</strong> полностью белая зарплата, техника на выбор, дружная инженерная культура.</p>"
90000472,Ищем: Senior Data Engineer / Architect,Более 6 лет,moreThan6,,,RUR,fullDay,"[""Linux"", ""Microservices"", ""Kafka"", ""Go"", ""Docker"", ""Kubernetes""]","<p>В финтех направление открыта вакансия Ищем: Senior Data Engineer / Architect.</p>
    <p><strong>Задачи:</strong></p><ul><li>Создание масштабируемых сервисов с низким latency.</li>
    <li>Интеграция с платежными шлюзами и внешними API.</li><li>Написание юнит и интеграционных тестов.</li></ul>
    <p><strong>Стек:</strong> Linux, Microservices, Kafka, Go, Docker, Kubernetes.</p>
    <p><strong>Условия:</strong> полностью белая зарплата, техника на выбор, дружная инженерная культура.</p>"
90000473,IT Компания: Junior QA Automation (Python),От 1 года до 3 лет,between1And3,55000,90000,RUR,remote,"[""REST API"", ""Linux"", ""Microservices"", ""CI/CD"", ""Go"", ""Python"", ""PostgreSQL""]","<p>В финтех направление открыта вакансия IT Компания: Junior QA Automation (Python).</p>
    <p><strong>Задачи:</strong></p><ul><li>Создание масштабируемых сервисов с низким latency.</li>
    <li>Интеграция с платежными шлюзами и внешними API.</li><li>Написание юнит и интеграционных тестов.</li></ul>
    <p><strong>Стек:</strong> REST API, Linux, Microservices, CI/CD, Go, Python, PostgreSQL.</p>
    <p><strong>Условия:</strong> полностью белая зарплата, техника на выбор, дружная инженерная культура.</p>"
90000474,IT Компания: Python Backend Engineer,От 1 года до 3 лет,between1And3,150000,,RUR,remote,"[""Microservices"", ""Pytest"", ""FastAPI"", ""Redis""]","<h3>О проекте:</h3><p>Мы разрабатываем высоконагруженную платформу автоматизации аналитики и бизнес-процессов.</p>
    <h3>Обязанности:</h3><ul><li>Разработка микросервисов на Python и фреймворке FastAPI.</li>
    <li>Проектирование архитектуры базы данных Redis и оптимизация сложных аналитических запросов.</li>
    <li>Контейнеризация и настройка пайплайнов деплоя с использованием Docker.</li></ul>
    <h3>Требования:</h3><ul><li>Опыт работы с технологиями: Microservices, Pytest, FastAPI, Redis.</li>
    <li>Понимание принципов чистого кода, SOLID и микросервисной архитектуры.</li>
    <li>Умение работать в Agile/Scrum команде.</li></ul>
    <h3>Мы предлагаем:</h3><ul><li>Конкурентная зарплата, гибкий график, ДМС и возможность удаленной работы.</li></ul>"
90000475,Разработчик Python,От 1 года до 3 лет,between1And3,135000,215000,RUR,fullDay,"[""Redis"", ""Docker"", ""Celery"", ""Python"", ""Asyncio"", ""PostgreSQL""]","<p>В финтех направление открыта вакансия Разработчик Python.</p>
    <p><strong>Задачи:</strong></p><ul><li>Создание масштабируемых сервисов с низким latency.</li>
    <li>Интеграция с платежными шлюзами и внешними API.</li><li>Написание юнит и интеграционных тестов.</li></ul>
    <p><strong>Стек:</strong> Redis, Docker, Celery, Python, Asyncio, PostgreSQL.</p>
    <p><strong>Условия:</strong> полностью белая зарплата, техника на выбор, дружная инженерная культура.</p>"
90000476,"Удаленно: Backend Разработчик (Python, FastAPI, PostgreSQL)",От 1 года до 3 лет,between1And3,160000,255000,RUR,remote,"[""FastAPI"", ""Redis"", ""Microservices"", ""Go"", ""Docker"", ""Asyncio"", ""Kubernetes""]","<p>В финтех направление открыта вакансия Удаленно: Backend Разработчик (Python, FastAPI, PostgreSQL).</p>
    <p><strong>Задачи:</strong></p><ul><li>Создание масштабируемых сервисов с низким latency.</li>
    <li>Интеграция с платежными шлюзами и внешними API.</li><li>Написание юнит и интеграционных тестов.</li></ul>
    <p><strong>Стек:</strong> FastAPI, Redis, Microservices, Go, Docker, Asyncio, Kubernetes.</p>
    <p><strong>Условия:</strong> полностью белая зарплата, техника на выбор, дружная инженерная культура.</p>"
90000477,"IT Компания: Senior Backend Architect (Go, PostgreSQL, Kafka)",От 1 года до 3 лет,between1And3,425000,635000,RUR,fullDay,"[""REST API"", ""FastAPI"", ""Linux"", ""Docker"", ""Python"", ""Asyncio"", ""ClickHouse""]","<p>В финтех направление открыта вакансия IT Компания: Senior Backend Architect (Go, PostgreSQL, Kafka).</p>
    <p><strong>Задачи:</strong></p><ul><li>Создание масштабируемых сервисов с низким latency.</li>
    <li>Интеграция с платежными шлюзами и внешними API.</li><li>Написание юнит и интеграционных тестов.</li></ul>
    <p><strong>Стек:</strong> REST API, FastAPI, Linux, Docker, Python, Asyncio, ClickHouse.</p>
    <p><strong>Условия:</strong> полностью белая зарплата, техника на выбор, дружная инженерная культура.</p>"
90000478,IT Компания: Junior QA Automation (Python),От 1 года до 3 лет,between1And3,70000,110000,RUR,fullDay,"[""Git"", ""SQLAlchemy"", ""PostgreSQL"", ""Linux""]","<h3>О проекте:</h3><p>Мы разрабатываем высоконагруженную платформу автоматизации аналитики и бизнес-процессов.</p>
    <h3>Обязанности:</h3><ul><li>Разработка микросервисов на Python и фреймворке Flask.</li>
    <li>Проектирование архитектуры базы данных PostgreSQL и оптимизация сложных аналитических запросов.</li>
    <li>Контейнеризация и настройка пайплайнов деплоя с использованием Docker.</li></ul>
    <h3>Требования:</h3><ul><li>Опыт работы с технологиями: Git, SQLAlchemy, PostgreSQL, Linux.</li>
    <li>Понимание принципов чистого кода, SOLID и микросервисной архитектуры.</li>
    <li>Умение работать в Agile/Scrum команде.</li></ul>
    <h3>Мы предлагаем:</h3><ul><li>Конкурентная зарплата, гибкий график, ДМС и возможность удаленной работы.</li></ul>"
90000479,IT Компания: Lead / Senior Backend Engineer (Go / Python),Более 6 лет,moreThan6,,515000,RUR,remote,"[""Microservices"", ""Git"", ""ClickHouse"", ""Python""]","<h3>О проекте:</h3><p>Мы разрабатываем высоконагруженную платформу автоматизации аналитики и бизнес-процессов.</p>
    <h3>Обязанности:</h3><ul><li>Разработка микросервисов на Python и фреймворке Flask.</li>
    <li>Проектирование архитектуры базы данных Redis и оптимизация сложных аналитических запросов.</li>
    <li>Контейнеризация и настройка пайплайнов деплоя с использованием Docker.</li></ul>
    <h3>Требования:</h3><ul><li>Опыт работы с технологиями: Microservices, Git, ClickHouse, Python.</li>
    <li>Понимание принципов чистого кода, SOLID и микросервисной архитектуры.</li>
    <li>Умение работать в Agile/Scrum команде.</li></ul>
    <h3>Мы предлагаем:</h3><ul><li>Конкурентная зарплата, гибкий график, ДМС и возможность удаленной работы.</li></ul>"
90000480,IT Компания: Junior Go / Golang Developer,Нет опыта,noExperience,50000,,RUR,remote,"[""Git"", ""Linux"", ""Celery"", ""Python"", ""Django""]","<p>В финтех направление открыта вакансия IT Компания: Junior Go / Golang Developer.</p>
    <p><strong>Задачи:</strong></p><ul><li>Создание масштабируемых сервисов с низким latency.</li>
    <li>Интеграция с платежными шлюзами и внешними API.</li><li>Написание юнит и интеграционных тестов.</li></ul>
    <p><strong>Стек:</strong> Git, Linux, Celery, Python, Django.</p>
    <p><strong>Условия:</strong> полностью белая зарплата, техника на выбор, дружная инженерная культура.</p>"
90000481,Middle Go Engineer (Микросервисы),От 3 до 6 лет,between3And6,,,RUR,fullDay,"[""Git"", ""Linux"", ""Microservices"", ""CI/CD"", ""Go"", ""SQLAlchemy"", ""Asyncio"", ""PostgreSQL""]","<h3>О проекте:</h3><p>Мы разрабатываем высоконагруженную платформу автоматизации аналитики и бизнес-процессов.</p>
    <h3>Обязанности:</h3><ul><li>Разработка микросервисов на Python и фреймворке Flask.</li>
    <li>Проектирование архитектуры базы данных PostgreSQL и оптимизация сложных аналитических запросов.</li>
    <li>Контейнеризация и настройка пайплайнов деплоя с использованием Docker.</li></ul>
    <h3>Требования:</h3><ul><li>Опыт работы с технологиями: Git, Linux, Microservices, CI/CD, Go, SQLAlchemy, Asyncio, PostgreSQL.</li>
    <li>Понимание принципов чистого кода, SOLID и микросервисной архитектуры.</li>
    <li>Умение работать в Agile/Scrum команде.</li></ul>
    <h3>Мы предлагаем:</h3><ul><li>Конкурентная зарплата, гибкий график, ДМС и возможность удаленной работы.</li></ul>"
90000482,Backend Engineer,От 1 года до 3 лет,between1And3,,,RUR,remote,"[""REST API"", ""Linux"", ""CI/CD"", ""Python"", ""Asyncio"", ""Django"", ""PostgreSQL""]","<p>В финтех направление открыта вакансия Backend Engineer.</p>
    <p><strong>Задачи:</strong></p><ul><li>Создание масштабируемых сервисов с низким latency.</li>
    <li>Интеграция с платежными шлюзами и внешними API.</li><li>Написание юнит и интеграционных тестов.</li></ul>
    <p><strong>Стек:</strong> REST API, Linux, CI/CD, Python, Asyncio, Django, PostgreSQL.</p>
    <p><strong>Условия:</strong> полностью белая зарплата, техника на выбор, дружная инженерная культура.</p>"
90000483,Ищем: Fullstack Developer (Python / Vue.js),От 1 года до 3 лет,between1And3,115000,190000,RUR,remote,"[""Asyncio"", ""Kubernetes"", ""FastAPI"", ""Redis""]","<h3>О проекте:</h3><p>Мы разрабатываем высоконагруженную платформу автоматизации аналитики и бизнес-процессов.</p>
    <h3>Обязанности:</h3><ul><li>Разработка микросервисов на Python и фреймворке FastAPI.</li>
    <li>Проектирование архитектуры базы данных Redis и оптимизация сложных аналитических запросов.</li>
    <li>Контейнеризация и настройка пайплайнов деплоя с использованием Docker и Kubernetes.</li></ul>
    <h3>Требования:</h3><ul><li>Опыт работы с технологиями: Asyncio, Kubernetes, FastAPI, Redis.</li>
    <li>Понимание принципов чистого кода, SOLID и микросервисной архитектуры.</li>
    <li>Умение работать в Agile/Scrum команде.</li></ul>
    <h3>Мы предлагаем:</h3><ul><li>Конкурентная зарплата, гибкий график, ДМС и возможность удаленной работы.</li></ul>"
90000484,Ищем: Middle Python Developer,От 1 года до 3 лет,between1And3,155000,250000,RUR,flexible,"[""Microservices"", ""FastAPI"", ""Redis""]","<p>В финтех направление открыта вакансия Ищем: Middle Python Developer.</p>
    <p><strong>Задачи:</strong></p><ul><li>Создание масштабируемых сервисов с низким latency.</li>
    <li>Интеграция с платежными шлюзами и внешними API.</li><li>Написание юнит и интеграционных тестов.</li></ul>
    <p><strong>Стек:</strong> Microservices, FastAPI, Redis.</p>
    <p><strong>Условия:</strong> полностью белая зарплата, техника на выбор, дружная инженерная культура.</p>"
90000485,"IT Компания: Middle DevOps Engineer (Docker, K8s)",От 3 до 6 лет,between3And6,,,RUR,remote,"[""FastAPI"", ""Redis"", ""Go"", ""SQLAlchemy"", ""Docker"", ""Python"", ""Asyncio""]","<h3>О проекте:</h3><p>Мы разрабатываем высоконагруженную платформу автоматизации аналитики и бизнес-процессов.</p>
    <h3>Обязанности:</h3><ul><li>Разработка микросервисов на Python и фреймворке FastAPI.</li>
    <li>Проектирование архитектуры базы данных Redis и оптимизация сложных аналитических запросов.</li>
    <li>Контейнеризация и настройка пайплайнов деплоя с использованием Docker.</li></ul>
    <h3>Требования:</h3><ul><li>Опыт работы с технологиями: FastAPI, Redis, Go, SQLAlchemy, Docker, Python, Asyncio.</li>
    <li>Понимание принципов чистого кода, SOLID и микросервисной архитектуры.</li>
    <li>Умение работать в Agile/Scrum команде.</li></ul>
    <h3>Мы предлагаем:</h3><ul><li>Конкурентная зарплата, гибкий график, ДМС и возможность удаленной работы.</li></ul>"
90000486,IT Компания: Golang Developer (Middle),От 1 года до 3 лет,between1And3,180000,275000,RUR,remote,"[""Git"", ""Celery"", ""PostgreSQL""]","<p>В финтех направление открыта вакансия IT Компания: Golang Developer (Middle).</p>
    <p><strong>Задачи:</strong></p><ul><li>Создание масштабируемых сервисов с низким latency.</li>
    <li>Интеграция с платежными шлюзами и внешними API.</li><li>Написание юнит и интеграционных тестов.</li></ul>
    <p><strong>Стек:</strong> Git, Celery, PostgreSQL.</p>
    <p><strong>Условия:</strong> полностью белая зарплата, техника на выбор, дружная инженерная культура.</p>"
90000487,Trainee / Junior Data Engineer,От 3 до 6 лет,between3And6,,,RUR,remote,"[""REST API"", ""Django"", ""CI/CD""]","<h3>О проекте:</h3><p>Мы разрабатываем высоконагруженную платформу автоматизации аналитики и бизнес-процессов.</p>
    <h3>Обязанности:</h3><ul><li>Разработка микросервисов на Python и фреймворке Django.</li>
    <li>Проектирование архитектуры базы данных Redis и оптимизация сложных аналитических запросов.</li>
    <li>Контейнеризация и настройка пайплайнов деплоя с использованием Docker.</li></ul>
    <h3>Требования:</h3><ul><li>Опыт работы с технологиями: REST API, Django, CI/CD.</li>
    <li>Понимание принципов чистого кода, SOLID и микросервисной архитектуры.</li>
    <li>Умение работать в Agile/Scrum команде.</li></ul>
    <h3>Мы предлагаем:</h3><ul><li>Конкурентная зарплата, гибкий график, ДМС и возможность удаленной работы.</li></ul>"
90000488,Ищем: Senior Data Engineer / Architect,Более 6 лет,moreThan6,,480000,RUR,remote,"[""Kubernetes"", ""FastAPI"", ""PostgreSQL"", ""Linux""]","<h3>О проекте:</h3><p>Мы разрабатываем высоконагруженную платформу автоматизации аналитики и бизнес-процессов.</p>
    <h3>Обязанности:</h3><ul><li>Разработка микросервисов на Python и фреймворке FastAPI.</li>
    <li>Проектирование архитектуры базы данных PostgreSQL и оптимизация сложных аналитических запросов.</li>
    <li>Контейнеризация и настройка пайплайнов деплоя с использованием Docker и Kubernetes.</li></ul>
    <h3>Требования:</h3><ul><li>Опыт работы с технологиями: Kubernetes, FastAPI, PostgreSQL, Linux.</li>
    <li>Понимание принципов чистого кода, SOLID и микросервисной архитектуры.</li>
    <li>Умение работать в Agile/Scrum команде.</li></ul>
    <h3>Мы предлагаем:</h3><ul><li>Конкурентная зарплата, гибкий график, ДМС и возможность удаленной работы.</li></ul>"
90000489,"Middle DevOps Engineer (Docker, K8s)",От 3 до 6 лет,between3And6,,,RUR,fullDay,"[""Go"", ""PostgreSQL"", ""RabbitMQ""]","<p>В финтех направление открыта вакансия Middle DevOps Engineer (Docker, K8s).</p>
    <p><strong>Задачи:</strong></p><ul><li>Создание масштабируемых сервисов с низким latency.</li>
    <li>Интеграция с платежными шлюзами и внешними API.</li><li>Написание юнит и интеграционных тестов.</li></ul>
    <p><strong>Стек:</strong> Go, PostgreSQL, RabbitMQ.</p>
    <p><strong>Условия:</strong> полностью белая зарплата, техника на выбор, дружная инженерная культура.</p>"
90000490,Ищем: Golang Developer (Middle),От 3 до 6 лет,between3And6,180000,270000,RUR,remote,"[""Asyncio"", ""Redis"", ""SQLAlchemy"", ""Python""]","<h3>О проекте:</h3><p>Мы разрабатываем высоконагруженную платформу автоматизации аналитики и бизнес-процессов.</p>
    <h3>Обязанности:</h3><ul><li>Разработка микросервисов на Python и фреймворке Flask.</li>
    <li>Проектирование архитектуры базы данных Redis и оптимизация сложных аналитических запросов.</li>
    <li>Контейнеризация и настройка пайплайнов деплоя с использованием Docker.</li></ul>
    <h3>Требования:</h3><ul><li>Опыт работы с технологиями: Asyncio, Redis, SQLAlchemy, Python.</li>
    <li>Понимание принципов чистого кода, SOLID и микросервисной архитектуры.</li>
    <li>Умение работать в Agile/Scrum команде.</li></ul>
    <h3>Мы предлагаем:</h3><ul><li>Конкурентная зарплата, гибкий график, ДМС и возможность удаленной работы.</li></ul>"
90000491,Software Engineer,От 1 года до 3 лет,between1And3,135000,215000,RUR,fullDay,"[""Django"", ""Go"", ""PostgreSQL""]","<p>В финтех направление открыта вакансия Software Engineer.</p>
    <p><strong>Задачи:</strong></p><ul><li>Создание масштабируемых сервисов с низким latency.</li>
    <li>Интеграция с платежными шлюзами и внешними API.</li><li>Написание юнит и интеграционных тестов.</li></ul>
    <p><strong>Стек:</strong> Django, Go, PostgreSQL.</p>
    <p><strong>Условия:</strong> полностью белая зарплата, техника на выбор, дружная инженерная культура.</p>"
90000492,Senior DevOps / SRE Engineer,От 3 до 6 лет,between3And6,270000,420000,RUR,remote,"[""CI/CD"", ""Go"", ""Pytest"", ""Python"", ""Kafka"", ""PostgreSQL""]","<h3>О проекте:</h3><p>Мы разрабатываем высоконагруженную платформу автоматизации аналитики и бизнес-процессов.</p>
    <h3>Обязанности:</h3><ul><li>Разработка микросервисов на Go и фреймворке Flask.</li>
    <li>Проектирование архитектуры базы данных PostgreSQL и оптимизация сложных аналитических запросов.</li>
    <li>Контейнеризация и настройка пайплайнов деплоя с использованием Docker.</li></ul>
    <h3>Требования:</h3><ul><li>Опыт работы с технологиями: CI/CD, Go, Pytest, Python, Kafka, PostgreSQL.</li>
    <li>Понимание принципов чистого кода, SOLID и микросервисной архитектуры.</li>
    <li>Умение работать в Agile/Scrum команде.</li></ul>
    <h3>Мы предлагаем:</h3><ul><li>Конкурентная зарплата, гибкий график, ДМС и возможность удаленной работы.</li></ul>"
90000493,"Backend Разработчик (Python, FastAPI, PostgreSQL)",От 1 года до 3 лет,between1And3,130000,205000,RUR,remote,"[""Django"", ""SQLAlchemy"", ""Docker"", ""Redis""]","<p>В финтех направление открыта вакансия Backend Разработчик (Python, FastAPI, PostgreSQL).</p>
    <p><strong>Задачи:</strong></p><ul><li>Создание масштабируемых сервисов с низким latency.</li>
    <li>Интеграция с платежными шлюзами и внешними API.</li><li>Написание юнит и интеграционных тестов.</li></ul>
    <p><strong>Стек:</strong> Django, SQLAlchemy, Docker, Redis.</p>
    <p><strong>Условия:</strong> полностью белая зарплата, техника на выбор, дружная инженерная культура.</p>"
90000494,Senior Data Engineer / Architect,Более 6 лет,moreThan6,285000,,RUR,fullDay,"[""Linux"", ""CI/CD"", ""Pytest"", ""SQLAlchemy"", ""Python"", ""Kubernetes"", ""PostgreSQL""]","<p>В финтех направление открыта вакансия Senior Data Engineer / Architect.</p>
    <p><strong>Задачи:</strong></p><ul><li>Создание масштабируемых сервисов с низким latency.</li>
    <li>Интеграция с платежными шлюзами и внешними API.</li><li>Написание юнит и интеграционных тестов.</li></ul>
    <p><strong>Стек:</strong> Linux, CI/CD, Pytest, SQLAlchemy, Python, Kubernetes, PostgreSQL.</p>
    <p><strong>Условия:</strong> полностью белая зарплата, техника на выбор, дружная инженерная культура.</p>"
90000495,IT Компания: Trainee / Junior Data Engineer,Более 6 лет,moreThan6,,,RUR,remote,"[""Git"", ""Linux"", ""Celery"", ""Python"", ""Django"", ""Kubernetes""]","<h3>О проекте:</h3><p>Мы разрабатываем высоконагруженную платформу автоматизации аналитики и бизнес-процессов.</p>
    <h3>Обязанности:</h3><ul><li>Разработка микросервисов на Python и фреймворке Django.</li>
    <li>Проектирование архитектуры базы данных Redis и оптимизация сложных аналитических запросов.</li>
    <li>Контейнеризация и настройка пайплайнов деплоя с использованием Docker и Kubernetes.</li></ul>
    <h3>Требования:</h3><ul><li>Опыт работы с технологиями: Git, Linux, Celery, Python, Django, Kubernetes.</li>
    <li>Понимание принципов чистого кода, SOLID и микросервисной архитектуры.</li>
    <li>Умение работать в Agile/Scrum команде.</li></ul>
    <h3>Мы предлагаем:</h3><ul><li>Конкурентная зарплата, гибкий график, ДМС и возможность удаленной работы.</li></ul>"
90000496,"IT Компания: Middle DevOps Engineer (Docker, K8s)",От 3 до 6 лет,between3And6,,,RUR,remote,"[""Git"", ""REST API"", ""FastAPI"", ""Redis"", ""SQLAlchemy""]","<p>В финтех направление открыта вакансия IT Компания: Middle DevOps Engineer (Docker, K8s).</p>
    <p><strong>Задачи:</strong></p><ul><li>Создание масштабируемых сервисов с низким latency.</li>
    <li>Интеграция с платежными шлюзами и внешними API.</li><li>Написание юнит и интеграционных тестов.</li></ul>
    <p><strong>Стек:</strong> Git, REST API, FastAPI, Redis, SQLAlchemy.</p>
    <p><strong>Условия:</strong> полностью белая зарплата, техника на выбор, дружная инженерная культура.</p>"
90000497,IT Компания: Fullstack Developer (Python / Vue.js),От 1 года до 3 лет,between1And3,145000,240000,RUR,fullDay,"[""Git"", ""FastAPI"", ""Go"", ""Docker"", ""Celery"", ""Asyncio"", ""PostgreSQL""]","<p>В финтех направление открыта вакансия IT Компания: Fullstack Developer (Python / Vue.js).</p>
    <p><strong>Задачи:</strong></p><ul><li>Создание масштабируемых сервисов с низким latency.</li>
    <li>Интеграция с платежными шлюзами и внешними API.</li><li>Написание юнит и интеграционных тестов.</li></ul>
    <p><strong>Стек:</strong> Git, FastAPI, Go, Docker, Celery, Asyncio, PostgreSQL.</p>
    <p><strong>Условия:</strong> полностью белая зарплата, техника на выбор, дружная инженерная культура.</p>"
90000498,"IT Компания: Backend Разработчик (Python, FastAPI, PostgreSQL)",От 1 года до 3 лет,between1And3,145000,235000,RUR,flexible,"[""Go"", ""SQLAlchemy"", ""Redis"", ""RabbitMQ""]","<p>В финтех направление открыта вакансия IT Компания: Backend Разработчик (Python, FastAPI, PostgreSQL).</p>
    <p><strong>Задачи:</strong></p><ul><li>Создание масштабируемых сервисов с низким latency.</li>
    <li>Интеграция с платежными шлюзами и внешними API.</li><li>Написание юнит и интеграционных тестов.</li></ul>
    <p><strong>Стек:</strong> Go, SQLAlchemy, Redis, RabbitMQ.</p>
    <p><strong>Условия:</strong> полностью белая зарплата, техника на выбор, дружная инженерная культура.</p>"
90000499,IT Компания: Fullstack Developer (Python / Vue.js),От 1 года до 3 лет,between1And3,,,RUR,fullDay,"[""REST API"", ""Microservices"", ""Go"", ""SQLAlchemy"", ""Docker"", ""Asyncio"", ""PostgreSQL""]","<p>В финтех направление открыта вакансия IT Компания: Fullstack Developer (Python / Vue.js).</p>
    <p><strong>Задачи:</strong></p><ul><li>Создание масштабируемых сервисов с низким latency.</li>
    <li>Интеграция с платежными шлюзами и внешними API.</li><li>Написание юнит и интеграционных тестов.</li></ul>
    <p><strong>Стек:</strong> REST API, Microservices, Go, SQLAlchemy, Docker, Asyncio, PostgreSQL.</p>
    <p><strong>Условия:</strong> полностью белая зарплата, техника на выбор, дружная инженерная культура.</p>"
90000500,Ведущий разработчик Python,Более 6 лет,moreThan6,270000,,RUR,fullDay,"[""Pytest"", ""FastAPI"", ""Linux"", ""CI/CD""]","<h3>О проекте:</h3><p>Мы разрабатываем высоконагруженную платформу автоматизации аналитики и бизнес-процессов.</p>
    <h3>Обязанности:</h3><ul><li>Разработка микросервисов на Python и фреймворке FastAPI.</li>
    <li>Проектирование архитектуры базы данных Redis и оптимизация сложных аналитических запросов.</li>
    <li>Контейнеризация и настройка пайплайнов деплоя с использованием Docker.</li></ul>
    <h3>Требования:</h3><ul><li>Опыт работы с технологиями: Pytest, FastAPI, Linux, CI/CD.</li>
    <li>Понимание принципов чистого кода, SOLID и микросервисной архитектуры.</li>
    <li>Умение работать в Agile/Scrum команде.</li></ul>
    <h3>Мы предлагаем:</h3><ul><li>Конкурентная зарплата, гибкий график, ДМС и возможность удаленной работы.</li></ul>"
90000501,Middle Python Developer,От 1 года до 3 лет,between1And3,115000,185000,RUR,flexible,"[""Git"", ""Go"", ""Docker"", ""RabbitMQ""]","<p>В финтех направление открыта вакансия Middle Python Developer.</p>
    <p><strong>Задачи:</strong></p><ul><li>Создание масштабируемых сервисов с низким latency.</li>
    <li>Интеграция с платежными шлюзами и внешними API.</li><li>Написание юнит и интеграционных тестов.</li></ul>
    <p><strong>Стек:</strong> Git, Go, Docker, RabbitMQ.</p>
    <p><strong>Условия:</strong> полностью белая зарплата, техника на выбор, дружная инженерная культура.</p>"
90000502,Ищем: Senior Python Developer,От 3 до 6 лет,between3And6,270000,425000,RUR,remote,"[""Git"", ""FastAPI"", ""Docker"", ""Python"", ""Kafka"", ""PostgreSQL""]","<p>В финтех направление открыта вакансия Ищем: Senior Python Developer.</p>
    <p><strong>Задачи:</strong></p><ul><li>Создание масштабируемых сервисов с низким latency.</li>
    <li>Интеграция с платежными шлюзами и внешними API.</li><li>Написание юнит и интеграционных тестов.</li></ul>
    <p><strong>Стек:</strong> Git, FastAPI, Docker, Python, Kafka, PostgreSQL.</p>
    <p><strong>Условия:</strong> полностью белая зарплата, техника на выбор, дружная инженерная культура.</p>"
90000503,DevOps Engineer,Нет опыта,noExperience,45000,85000,RUR,remote,"[""Git"", ""ClickHouse"", ""Linux"", ""Python""]","<h3>О проекте:</h3><p>Мы разрабатываем высоконагруженную платформу автоматизации аналитики и бизнес-процессов.</p>
    <h3>Обязанности:</h3><ul><li>Разработка микросервисов на Python и фреймворке Flask.</li>
    <li>Проектирование архитектуры базы данных Redis и оптимизация сложных аналитических запросов.</li>
    <li>Контейнеризация и настройка пайплайнов деплоя с использованием Docker.</li></ul>
    <h3>Требования:</h3><ul><li>Опыт работы с технологиями: Git, ClickHouse, Linux, Python.</li>
    <li>Понимание принципов чистого кода, SOLID и микросервисной архитектуры.</li>
    <li>Умение работать в Agile/Scrum команде.</li></ul>
    <h3>Мы предлагаем:</h3><ul><li>Конкурентная зарплата, гибкий график, ДМС и возможность удаленной работы.</li></ul>"
90000504,Junior DevOps Engineer,От 1 года до 3 лет,between1And3,,,RUR,flexible,"[""REST API"", ""Linux"", ""Kafka"", ""Python"", ""Django"", ""PostgreSQL""]","<h3>О проекте:</h3><p>Мы разрабатываем высоконагруженную платформу автоматизации аналитики и бизнес-процессов.</p>
    <h3>Обязанности:</h3><ul><li>Разработка микросервисов на Python и фреймворке Django.</li>
    <li>Проектирование архитектуры базы данных PostgreSQL и оптимизация сложных аналитических запросов.</li>
    <li>Контейнеризация и настройка пайплайнов деплоя с использованием Docker.</li></ul>
    <h3>Требования:</h3><ul><li>Опыт работы с технологиями: REST API, Linux, Kafka, Python, Django, PostgreSQL.</li>
    <li>Понимание принципов чистого кода, SOLID и микросервисной архитектуры.</li>
    <li>Умение работать в Agile/Scrum команде.</li></ul>
    <h3>Мы предлагаем:</h3><ul><li>Конкурентная зарплата, гибкий график, ДМС и возможность удаленной работы.</li></ul>"
90000505,Fullstack Developer (Python / Vue.js),От 1 года до 3 лет,between1And3,135000,215000,RUR,remote,"[""FastAPI"", ""Microservices"", ""SQLAlchemy"", ""Docker"", ""Python""]","<p>В финтех направление открыта вакансия Fullstack Developer (Python / Vue.js).</p>
    <p><strong>Задачи:</strong></p><ul><li>Создание масштабируемых сервисов с низким latency.</li>
    <li>Интеграция с платежными шлюзами и внешними API.</li><li>Написание юнит и интеграционных тестов.</li></ul>
    <p><strong>Стек:</strong> FastAPI, Microservices, SQLAlchemy, Docker, Python.</p>
    <p><strong>Условия:</strong> полностью белая зарплата, техника на выбор, дружная инженерная культура.</p>"
90000506,IT Компания: Middle Go Engineer (Микросервисы),От 3 до 6 лет,between3And6,210000,325000,RUR,remote,"[""CI/CD"", ""Go"", ""SQLAlchemy"", ""Python"", ""Asyncio"", ""PostgreSQL""]","<p>В финтех направление открыта вакансия IT Компания: Middle Go Engineer (Микросервисы).</p>
    <p><strong>Задачи:</strong></p><ul><li>Создание масштабируемых сервисов с низким latency.</li>
    <li>Интеграция с платежными шлюзами и внешними API.</li><li>Написание юнит и интеграционных тестов.</li></ul>
    <p><strong>Стек:</strong> CI/CD, Go, SQLAlchemy, Python, Asyncio, PostgreSQL.</p>
    <p><strong>Условия:</strong> полностью белая зарплата, техника на выбор, дружная инженерная культура.</p>"
90000507,Разработчик Python,Более 6 лет,moreThan6,,,RUR,fullDay,"[""Linux"", ""Microservices"", ""Django"", ""Python"", ""Kafka"", ""ClickHouse""]","<h3>О проекте:</h3><p>Мы разрабатываем высоконагруженную платформу автоматизации аналитики и бизнес-процессов.</p>
    <h3>Обязанности:</h3><ul><li>Разработка микросервисов на Python и фреймворке Django.</li>
    <li>Проектирование архитектуры базы данных Redis и оптимизация сложных аналитических запросов.</li>
    <li>Контейнеризация и настройка пайплайнов деплоя с использованием Docker.</li></ul>
    <h3>Требования:</h3><ul><li>Опыт работы с технологиями: Linux, Microservices, Django, Python, Kafka, ClickHouse.</li>
    <li>Понимание принципов чистого кода, SOLID и микросервисной архитектуры.</li>
    <li>Умение работать в Agile/Scrum команде.</li></ul>
    <h3>Мы предлагаем:</h3><ul><li>Конкурентная зарплата, гибкий график, ДМС и возможность удаленной работы.</li></ul>"
90000508,Удаленно: Senior Data Engineer / Architect,Более 6 лет,moreThan6,335000,535000,RUR,fullDay,"[""Linux"", ""Microservices"", ""Pytest"", ""Go"", ""Kafka""]","<h3>О проекте:</h3><p>Мы разрабатываем высоконагруженную платформу автоматизации аналитики и бизнес-процессов.</p>
    <h3>Обязанности:</h3><ul><li>Разработка микросервисов на Go и фреймворке Flask.</li>
    <li>Проектирование архитектуры базы данных Redis и оптимизация сложных аналитических запросов.</li>
    <li>Контейнеризация и настройка пайплайнов деплоя с использованием Docker.</li></ul>
    <h3>Требования:</h3><ul><li>Опыт работы с технологиями: Linux, Microservices, Pytest, Go, Kafka.</li>
    <li>Понимание принципов чистого кода, SOLID и микросервисной архитектуры.</li>
    <li>Умение работать в Agile/Scrum команде.</li></ul>
    <h3>Мы предлагаем:</h3><ul><li>Конкурентная зарплата, гибкий график, ДМС и возможность удаленной работы.</li></ul>"
90000509,IT Компания: Младший программист Python / Django,От 1 года до 3 лет,between1And3,60000,100000,RUR,remote,"[""REST API"", ""Git"", ""FastAPI"", ""Python"", ""Django"", ""PostgreSQL""]","<h3>О проекте:</h3><p>Мы разрабатываем высоконагруженную платформу автоматизации аналитики и бизнес-процессов.</p>
    <h3>Обязанности:</h3><ul><li>Разработка микросервисов на Python и фреймворке FastAPI.</li>
    <li>Проектирование архитектуры базы данных PostgreSQL и оптимизация сложных аналитических запросов.</li>
    <li>Контейнеризация и настройка пайплайнов деплоя с использованием Docker.</li></ul>
    <h3>Требования:</h3><ul><li>Опыт работы с технологиями: REST API, Git, FastAPI, Python, Django, PostgreSQL.</li>
    <li>Понимание принципов чистого кода, SOLID и микросервисной архитектуры.</li>
    <li>Умение работать в Agile/Scrum команде.</li></ul>
    <h3>Мы предлагаем:</h3><ul><li>Конкурентная зарплата, гибкий график, ДМС и возможность удаленной работы.</li></ul>"
90000510,"Middle DevOps Engineer (Docker, K8s)",От 3 до 6 лет,between3And6,205000,320000,RUR,remote,"[""Django"", ""SQLAlchemy"", ""PostgreSQL""]","<h3>О проекте:</h3><p>Мы разрабатываем высоконагруженную платформу автоматизации аналитики и бизнес-процессов.</p>
    <h3>Обязанности:</h3><ul><li>Разработка микросервисов на Python и фреймворке Django.</li>
    <li>Проектирование архитектуры базы данных PostgreSQL и оптимизация сложных аналитических запросов.</li>
    <li>Контейнеризация и настройка пайплайнов деплоя с использованием Docker.</li></ul>
    <h3>Требования:</h3><ul><li>Опыт работы с технологиями: Django, SQLAlchemy, PostgreSQL.</li>
    <li>Понимание принципов чистого кода, SOLID и микросервисной архитектуры.</li>
    <li>Умение работать в Agile/Scrum команде.</li></ul>
    <h3>Мы предлагаем:</h3><ul><li>Конкурентная зарплата, гибкий график, ДМС и возможность удаленной работы.</li></ul>"
90000511,Go Backend Developer,От 3 до 6 лет,between3And6,340000,510000,RUR,fullDay,"[""FastAPI"", ""Go"", ""PostgreSQL"", ""Docker""]","<h3>О проекте:</h3><p>Мы разрабатываем высоконагруженную платформу автоматизации аналитики и бизнес-процессов.</p>
    <h3>Обязанности:</h3><ul><li>Разработка микросервисов на Python и фреймворке FastAPI.</li>
    <li>Проектирование архитектуры базы данных PostgreSQL и оптимизация сложных аналитических запросов.</li>
    <li>Контейнеризация и настройка пайплайнов деплоя с использованием Docker.</li></ul>
    <h3>Требования:</h3><ul><li>Опыт работы с технологиями: FastAPI, Go, PostgreSQL, Docker.</li>
    <li>Понимание принципов чистого кода, SOLID и микросервисной архитектуры.</li>
    <li>Умение работать в Agile/Scrum команде.</li></ul>
    <h3>Мы предлагаем:</h3><ul><li>Конкурентная зарплата, гибкий график, ДМС и возможность удаленной работы.</li></ul>"
90000512,"Senior Backend Architect (Go, PostgreSQL, Kafka)",Более 6 лет,moreThan6,350000,520000,RUR,fullDay,"[""FastAPI"", ""Pytest"", ""Docker"", ""Kafka"", ""ClickHouse"", ""Kubernetes""]","<h3>О проекте:</h3><p>Мы разрабатываем высоконагруженную платформу автоматизации аналитики и бизнес-процессов.</p>
    <h3>Обязанности:</h3><ul><li>Разработка микросервисов на Python и фреймворке FastAPI.</li>
    <li>Проектирование архитектуры базы данных Redis и оптимизация сложных аналитических запросов.</li>
    <li>Контейнеризация и настройка пайплайнов деплоя с использованием Docker и Kubernetes.</li></ul>
    <h3>Требования:</h3><ul><li>Опыт работы с технологиями: FastAPI, Pytest, Docker, Kafka, ClickHouse, Kubernetes.</li>
    <li>Понимание принципов чистого кода, SOLID и микросервисной архитектуры.</li>
    <li>Умение работать в Agile/Scrum команде.</li></ul>
    <h3>Мы предлагаем:</h3><ul><li>Конкурентная зарплата, гибкий график, ДМС и возможность удаленной работы.</li></ul>"
90000513,Fullstack Developer (Python / Vue.js),От 1 года до 3 лет,between1And3,,,RUR,flexible,"[""Git"", ""FastAPI"", ""Kafka"", ""Go"", ""SQLAlchemy"", ""Django"", ""PostgreSQL""]","<h3>О проекте:</h3><p>Мы разрабатываем высоконагруженную платформу автоматизации аналитики и бизнес-процессов.</p>
    <h3>Обязанности:</h3><ul><li>Разработка микросервисов на Go и фреймворке FastAPI.</li>
    <li>Проектирование архитектуры базы данных PostgreSQL и оптимизация сложных аналитических запросов.</li>
    <li>Контейнеризация и настройка пайплайнов деплоя с использованием Docker.</li></ul>
    <h3>Требования:</h3><ul><li>Опыт работы с технологиями: Git, FastAPI, Kafka, Go, SQLAlchemy, Django, PostgreSQL.</li>
    <li>Понимание принципов чистого кода, SOLID и микросервисной архитектуры.</li>
    <li>Умение работать в Agile/Scrum команде.</li></ul>
    <h3>Мы предлагаем:</h3><ul><li>Конкурентная зарплата, гибкий график, ДМС и возможность удаленной работы.</li></ul>"
90000514,Ищем: Middle Python Developer,От 1 года до 3 лет,between1And3,155000,245000,RUR,remote,"[""Asyncio"", ""REST API"", ""Docker"", ""Python""]","<p>В финтех направление открыта вакансия Ищем: Middle Python Developer.</p>
    <p><strong>Задачи:</strong></p><ul><li>Создание масштабируемых сервисов с низким latency.</li>
    <li>Интеграция с платежными шлюзами и внешними API.</li><li>Написание юнит и интеграционных тестов.</li></ul>
    <p><strong>Стек:</strong> Asyncio, REST API, Docker, Python.</p>
    <p><strong>Условия:</strong> полностью белая зарплата, техника на выбор, дружная инженерная культура.</p>"
90000515,"Backend Разработчик (Python, FastAPI, PostgreSQL)",От 1 года до 3 лет,between1And3,165000,265000,RUR,remote,"[""Git"", ""Redis"", ""Go"", ""Docker"", ""PostgreSQL""]","<h3>О проекте:</h3><p>Мы разрабатываем высоконагруженную платформу автоматизации аналитики и бизнес-процессов.</p>
    <h3>Обязанности:</h3><ul><li>Разработка микросервисов на Python и фреймворке Flask.</li>
    <li>Проектирование архитектуры базы данных PostgreSQL и оптимизация сложных аналитических запросов.</li>
    <li>Контейнеризация и настройка пайплайнов деплоя с использованием Docker.</li></ul>
    <h3>Требования:</h3><ul><li>Опыт работы с технологиями: Git, Redis, Go, Docker, PostgreSQL.</li>
    <li>Понимание принципов чистого кода, SOLID и микросервисной архитектуры.</li>
    <li>Умение работать в Agile/Scrum команде.</li></ul>
    <h3>Мы предлагаем:</h3><ul><li>Конкурентная зарплата, гибкий график, ДМС и возможность удаленной работы.</li></ul>"
90000516,Удаленно: Ведущий разработчик Python,Более 6 лет,moreThan6,,,RUR,fullDay,"[""Linux"", ""Python"", ""Asyncio"", ""ClickHouse"", ""PostgreSQL""]","<h3>О проекте:</h3><p>Мы разрабатываем высоконагруженную платформу автоматизации аналитики и бизнес-процессов.</p>
    <h3>Обязанности:</h3><ul><li>Разработка микросервисов на Python и фреймворке Flask.</li>
    <li>Проектирование архитектуры базы данных PostgreSQL и оптимизация сложных аналитических запросов.</li>
    <li>Контейнеризация и настройка пайплайнов деплоя с использованием Docker.</li></ul>
    <h3>Требования:</h3><ul><li>Опыт работы с технологиями: Linux, Python, Asyncio, ClickHouse, PostgreSQL.</li>
    <li>Понимание принципов чистого кода, SOLID и микросервисной архитектуры.</li>
    <li>Умение работать в Agile/Scrum команде.</li></ul>
    <h3>Мы предлагаем:</h3><ul><li>Конкурентная зарплата, гибкий график, ДМС и возможность удаленной работы.</li></ul>"
90000517,IT Компания: Fullstack Developer (Python / Vue.js),От 1 года до 3 лет,between1And3,,,RUR,remote,"[""Git"", ""FastAPI"", ""Python"", ""Django"", ""ClickHouse"", ""RabbitMQ""]","<h3>О проекте:</h3><p>Мы разрабатываем высоконагруженную платформу автоматизации аналитики и бизнес-процессов.</p>
    <h3>Обязанности:</h3><ul><li>Разработка микросервисов на Python и фреймворке FastAPI.</li>
    <li>Проектирование архитектуры базы данных Redis и оптимизация сложных аналитических запросов.</li>
    <li>Контейнеризация и настройка пайплайнов деплоя с использованием Docker.</li></ul>
    <h3>Требования:</h3><ul><li>Опыт работы с технологиями: Git, FastAPI, Python, Django, ClickHouse, RabbitMQ.</li>
    <li>Понимание принципов чистого кода, SOLID и микросервисной архитектуры.</li>
    <li>Умение работать в Agile/Scrum команде.</li></ul>
    <h3>Мы предлагаем:</h3><ul><li>Конкурентная зарплата, гибкий график, ДМС и возможность удаленной работы.</li></ul>"
90000518,IT Компания: Senior Data Engineer / Architect,Более 6 лет,moreThan6,290000,465000,RUR,fullDay,"[""Microservices"", ""Kafka"", ""CI/CD"", ""Asyncio""]","<h3>О проекте:</h3><p>Мы разрабатываем высоконагруженную платформу автоматизации аналитики и бизнес-процессов.</p>
    <h3>Обязанности:</h3><ul><li>Разработка микросервисов на Python и фреймворке Flask.</li>
    <li>Проектирование архитектуры базы данных Redis и оптимизация сложных аналитических запросов.</li>
    <li>Контейнеризация и настройка пайплайнов деплоя с использованием Docker.</li></ul>
    <h3>Требования:</h3><ul><li>Опыт работы с технологиями: Microservices, Kafka, CI/CD, Asyncio.</li>
    <li>Понимание принципов чистого кода, SOLID и микросервисной архитектуры.</li>
    <li>Умение работать в Agile/Scrum команде.</li></ul>
    <h3>Мы предлагаем:</h3><ul><li>Конкурентная зарплата, гибкий график, ДМС и возможность удаленной работы.</li></ul>"
90000519,Backend Engineer,От 1 года до 3 лет,between1And3,65000,100000,RUR,remote,"[""REST API"", ""Linux"", ""Docker"", ""Django"", ""ClickHouse""]","<h3>О проекте:</h3><p>Мы разрабатываем высоконагруженную платформу автоматизации аналитики и бизнес-процессов.</p>
    <h3>Обязанности:</h3><ul><li>Разработка микросервисов на Python и фреймворке Django.</li>
    <li>Проектирование архитектуры базы данных Redis и оптимизация сложных аналитических запросов.</li>
    <li>Контейнеризация и настройка пайплайнов деплоя с использованием Docker.</li></ul>
    <h3>Требования:</h3><ul><li>Опыт работы с технологиями: REST API, Linux, Docker, Django, ClickHouse.</li>
    <li>Понимание принципов чистого кода, SOLID и микросервисной архитектуры.</li>
    <li>Умение работать в Agile/Scrum команде.</li></ul>
    <h3>Мы предлагаем:</h3><ul><li>Конкурентная зарплата, гибкий график, ДМС и возможность удаленной работы.</li></ul>"
90000520,Golang Developer (Middle),От 3 до 6 лет,between3And6,180000,270000,RUR,fullDay,"[""FastAPI"", ""Pytest"", ""Go"", ""SQLAlchemy"", ""Python"", ""Asyncio""]","<h3>О проекте:</h3><p>Мы разрабатываем высоконагруженную платформу автоматизации аналитики и бизнес-процессов.</p>
    <h3>Обязанности:</h3><ul><li>Разработка микросервисов на Go и фреймворке FastAPI.</li>
    <li>Проектирование архитектуры базы данных Redis и оптимизация сложных аналитических запросов.</li>
    <li>Контейнеризация и настройка пайплайнов деплоя с использованием Docker.</li></ul>
    <h3>Требования:</h3><ul><li>Опыт работы с технологиями: FastAPI, Pytest, Go, SQLAlchemy, Python, Asyncio.</li>
    <li>Понимание принципов чистого кода, SOLID и микросервисной архитектуры.</li>
    <li>Умение работать в Agile/Scrum команде.</li></ul>
    <h3>Мы предлагаем:</h3><ul><li>Конкурентная зарплата, гибкий график, ДМС и возможность удаленной работы.</li></ul>"
90000521,IT Компания: Lead / Senior Backend Engineer (Go / Python),Более 6 лет,moreThan6,,,RUR,remote,"[""FastAPI"", ""CI/CD"", ""Docker""]","<h3>О проекте:</h3><p>Мы разрабатываем высоконагруженную платформу автоматизации аналитики и бизнес-процессов.</p>
    <h3>Обязанности:</h3><ul><li>Разработка микросервисов на Python и фреймворке FastAPI.</li>
    <li>Проектирование архитектуры базы данных Redis и оптимизация сложных аналитических запросов.</li>
    <li>Контейнеризация и настройка пайплайнов деплоя с использованием Docker.</li></ul>
    <h3>Требования:</h3><ul><li>Опыт работы с технологиями: FastAPI, CI/CD, Docker.</li>
    <li>Понимание принципов чистого кода, SOLID и микросервисной архитектуры.</li>
    <li>Умение работать в Agile/Scrum команде.</li></ul>
    <h3>Мы предлагаем:</h3><ul><li>Конкурентная зарплата, гибкий график, ДМС и возможность удаленной работы.</li></ul>"
90000522,Удаленно: Senior Python Developer,От 3 до 6 лет,between3And6,330000,,RUR,remote,"[""REST API"", ""Linux"", ""FastAPI"", ""Microservices"", ""CI/CD"", ""Django""]","<p>В финтех направление открыта вакансия Удаленно: Senior Python Developer.</p>
    <p><strong>Задачи:</strong></p><ul><li>Создание масштабируемых сервисов с низким latency.</li>
    <li>Интеграция с платежными шлюзами и внешними API.</li><li>Написание юнит и интеграционных тестов.</li></ul>
    <p><strong>Стек:</strong> REST API, Linux, FastAPI, Microservices, CI/CD, Django.</p>
    <p><strong>Условия:</strong> полностью белая зарплата, техника на выбор, дружная инженерная культура.</p>"
90000523,Ищем: Tech Lead (Python / FastAPI / Highload),Более 6 лет,moreThan6,300000,,RUR,remote,"[""Redis"", ""CI/CD"", ""Docker"", ""Asyncio"", ""ClickHouse"", ""PostgreSQL""]","<p>В финтех направление открыта вакансия Ищем: Tech Lead (Python / FastAPI / Highload).</p>
    <p><strong>Задачи:</strong></p><ul><li>Создание масштабируемых сервисов с низким latency.</li>
    <li>Интеграция с платежными шлюзами и внешними API.</li><li>Написание юнит и интеграционных тестов.</li></ul>
    <p><strong>Стек:</strong> Redis, CI/CD, Docker, Asyncio, ClickHouse, PostgreSQL.</p>
    <p><strong>Условия:</strong> полностью белая зарплата, техника на выбор, дружная инженерная культура.</p>"
90000524,Ищем: Junior Go / Golang Developer,Нет опыта,noExperience,60000,,RUR,remote,"[""REST API"", ""Git"", ""Linux"", ""Redis"", ""Python"", ""Asyncio""]","<h3>О проекте:</h3><p>Мы разрабатываем высоконагруженную платформу автоматизации аналитики и бизнес-процессов.</p>
    <h3>Обязанности:</h3><ul><li>Разработка микросервисов на Python и фреймворке Flask.</li>
    <li>Проектирование архитектуры базы данных Redis и оптимизация сложных аналитических запросов.</li>
    <li>Контейнеризация и настройка пайплайнов деплоя с использованием Docker.</li></ul>
    <h3>Требования:</h3><ul><li>Опыт работы с технологиями: REST API, Git, Linux, Redis, Python, Asyncio.</li>
    <li>Понимание принципов чистого кода, SOLID и микросервисной архитектуры.</li>
    <li>Умение работать в Agile/Scrum команде.</li></ul>
    <h3>Мы предлагаем:</h3><ul><li>Конкурентная зарплата, гибкий график, ДМС и возможность удаленной работы.</li></ul>"
90000525,"Middle DevOps Engineer (Docker, K8s)",От 3 до 6 лет,between3And6,220000,345000,RUR,remote,"[""FastAPI"", ""Redis"", ""SQLAlchemy"", ""Docker"", ""Python"", ""PostgreSQL""]","<h3>О проекте:</h3><p>Мы разрабатываем высоконагруженную платформу автоматизации аналитики и бизнес-процессов.</p>
    <h3>Обязанности:</h3><ul><li>Разработка микросервисов на Python и фреймворке FastAPI.</li>
    <li>Проектирование архитектуры базы данных PostgreSQL и оптимизация сложных аналитических запросов.</li>
    <li>Контейнеризация и настройка пайплайнов деплоя с использованием Docker.</li></ul>
    <h3>Требования:</h3><ul><li>Опыт работы с технологиями: FastAPI, Redis, SQLAlchemy, Docker, Python, PostgreSQL.</li>
    <li>Понимание принципов чистого кода, SOLID и микросервисной архитектуры.</li>
    <li>Умение работать в Agile/Scrum команде.</li></ul>
    <h3>Мы предлагаем:</h3><ul><li>Конкурентная зарплата, гибкий график, ДМС и возможность удаленной работы.</li></ul>"
90000526,Инженер бэкенда,От 1 года до 3 лет,between1And3,,,RUR,flexible,"[""Git"", ""FastAPI"", ""SQLAlchemy"", ""Celery"", ""Kafka"", ""ClickHouse"", ""PostgreSQL""]","<p>В финтех направление открыта вакансия Инженер бэкенда.</p>
    <p><strong>Задачи:</strong></p><ul><li>Создание масштабируемых сервисов с низким latency.</li>
    <li>Интеграция с платежными шлюзами и внешними API.</li><li>Написание юнит и интеграционных тестов.</li></ul>
    <p><strong>Стек:</strong> Git, FastAPI, SQLAlchemy, Celery, Kafka, ClickHouse, PostgreSQL.</p>
    <p><strong>Условия:</strong> полностью белая зарплата, техника на выбор, дружная инженерная культура.</p>"
90000527,Tech Lead (Python / FastAPI / Highload),Более 6 лет,moreThan6,350000,550000,RUR,flexible,"[""FastAPI"", ""Microservices"", ""Docker"", ""Python"", ""ClickHouse""]","<h3>О проекте:</h3><p>Мы разрабатываем высоконагруженную платформу автоматизации аналитики и бизнес-процессов.</p>
    <h3>Обязанности:</h3><ul><li>Разработка микросервисов на Python и фреймворке FastAPI.</li>
    <li>Проектирование архитектуры базы данных Redis и оптимизация сложных аналитических запросов.</li>
    <li>Контейнеризация и настройка пайплайнов деплоя с использованием Docker.</li></ul>
    <h3>Требования:</h3><ul><li>Опыт работы с технологиями: FastAPI, Microservices, Docker, Python, ClickHouse.</li>
    <li>Понимание принципов чистого кода, SOLID и микросервисной архитектуры.</li>
    <li>Умение работать в Agile/Scrum команде.</li></ul>
    <h3>Мы предлагаем:</h3><ul><li>Конкурентная зарплата, гибкий график, ДМС и возможность удаленной работы.</li></ul>"
90000528,Ищем: Fullstack Developer (Python / Vue.js),От 3 до 6 лет,between3And6,120000,195000,RUR,remote,"[""Git"", ""FastAPI"", ""Kafka"", ""Go"", ""SQLAlchemy"", ""Docker"", ""Kubernetes"", ""PostgreSQL""]","<p>В финтех направление открыта вакансия Ищем: Fullstack Developer (Python / Vue.js).</p>
    <p><strong>Задачи:</strong></p><ul><li>Создание масштабируемых сервисов с низким latency.</li>
    <li>Интеграция с платежными шлюзами и внешними API.</li><li>Написание юнит и интеграционных тестов.</li></ul>
    <p><strong>Стек:</strong> Git, FastAPI, Kafka, Go, SQLAlchemy, Docker, Kubernetes, PostgreSQL.</p>
    <p><strong>Условия:</strong> полностью белая зарплата, техника на выбор, дружная инженерная культура.</p>"
90000529,Golang Developer (Middle),От 1 года до 3 лет,between1And3,160000,,RUR,fullDay,"[""Git"", ""REST API"", ""FastAPI"", ""Redis"", ""Microservices"", ""Python"", ""Asyncio""]","<h3>О проекте:</h3><p>Мы разрабатываем высоконагруженную платформу автоматизации аналитики и бизнес-процессов.</p>
    <h3>Обязанности:</h3><ul><li>Разработка микросервисов на Python и фреймворке FastAPI.</li>
    <li>Проектирование архитектуры базы данных Redis и оптимизация сложных аналитических запросов.</li>
    <li>Контейнеризация и настройка пайплайнов деплоя с использованием Docker.</li></ul>
    <h3>Требования:</h3><ul><li>Опыт работы с технологиями: Git, REST API, FastAPI, Redis, Microservices, Python, Asyncio.</li>
    <li>Понимание принципов чистого кода, SOLID и микросервисной архитектуры.</li>
    <li>Умение работать в Agile/Scrum команде.</li></ul>
    <h3>Мы предлагаем:</h3><ul><li>Конкурентная зарплата, гибкий график, ДМС и возможность удаленной работы.</li></ul>"
90000530,Fullstack Developer (Python / Vue.js),От 1 года до 3 лет,between1And3,145000,235000,RUR,remote,"[""Git"", ""Microservices"", ""SQLAlchemy"", ""Kubernetes"", ""PostgreSQL""]","<h3>О проекте:</h3><p>Мы разрабатываем высоконагруженную платформу автоматизации аналитики и бизнес-процессов.</p>
    <h3>Обязанности:</h3><ul><li>Разработка микросервисов на Python и фреймворке Flask.</li>
    <li>Проектирование архитектуры базы данных PostgreSQL и оптимизация сложных аналитических запросов.</li>
    <li>Контейнеризация и настройка пайплайнов деплоя с использованием Docker и Kubernetes.</li></ul>
    <h3>Требования:</h3><ul><li>Опыт работы с технологиями: Git, Microservices, SQLAlchemy, Kubernetes, PostgreSQL.</li>
    <li>Понимание принципов чистого кода, SOLID и микросервисной архитектуры.</li>
    <li>Умение работать в Agile/Scrum команде.</li></ul>
    <h3>Мы предлагаем:</h3><ul><li>Конкурентная зарплата, гибкий график, ДМС и возможность удаленной работы.</li></ul>"
90000531,Middle Data Engineer,От 3 до 6 лет,between3And6,170000,260000,RUR,flexible,"[""Git"", ""Kafka"", ""Go"", ""Redis""]","<p>В финтех направление открыта вакансия Middle Data Engineer.</p>
    <p><strong>Задачи:</strong></p><ul><li>Создание масштабируемых сервисов с низким latency.</li>
    <li>Интеграция с платежными шлюзами и внешними API.</li><li>Написание юнит и интеграционных тестов.</li></ul>
    <p><strong>Стек:</strong> Git, Kafka, Go, Redis.</p>
    <p><strong>Условия:</strong> полностью белая зарплата, техника на выбор, дружная инженерная культура.</p>"
90000532,Удаленно: Junior DevOps Engineer,От 1 года до 3 лет,between1And3,80000,135000,RUR,fullDay,"[""REST API"", ""Git"", ""Linux"", ""Python"", ""Asyncio"", ""PostgreSQL""]","<h3>О проекте:</h3><p>Мы разрабатываем высоконагруженную платформу автоматизации аналитики и бизнес-процессов.</p>
    <h3>Обязанности:</h3><ul><li>Разработка микросервисов на Python и фреймворке Flask.</li>
    <li>Проектирование архитектуры базы данных PostgreSQL и оптимизация сложных аналитических запросов.</li>
    <li>Контейнеризация и настройка пайплайнов деплоя с использованием Docker.</li></ul>
    <h3>Требования:</h3><ul><li>Опыт работы с технологиями: REST API, Git, Linux, Python, Asyncio, PostgreSQL.</li>
    <li>Понимание принципов чистого кода, SOLID и микросервисной архитектуры.</li>
    <li>Умение работать в Agile/Scrum команде.</li></ul>
    <h3>Мы предлагаем:</h3><ul><li>Конкурентная зарплата, гибкий график, ДМС и возможность удаленной работы.</li></ul>"
90000533,Middle Data Engineer,Более 6 лет,moreThan6,150000,225000,RUR,remote,"[""Git"", ""REST API"", ""PostgreSQL""]","<p>В финтех направление открыта вакансия Middle Data Engineer.</p>
    <p><strong>Задачи:</strong></p><ul><li>Создание масштабируемых сервисов с низким latency.</li>
    <li>Интеграция с платежными шлюзами и внешними API.</li><li>Написание юнит и интеграционных тестов.</li></ul>
    <p><strong>Стек:</strong> Git, REST API, PostgreSQL.</p>
    <p><strong>Условия:</strong> полностью белая зарплата, техника на выбор, дружная инженерная культура.</p>"
90000534,Удаленно: Middle Data Engineer,От 3 до 6 лет,between3And6,160000,245000,RUR,remote,"[""Asyncio"", ""Redis"", ""PostgreSQL"", ""Python""]","<h3>О проекте:</h3><p>Мы разрабатываем высоконагруженную платформу автоматизации аналитики и бизнес-процессов.</p>
    <h3>Обязанности:</h3><ul><li>Разработка микросервисов на Python и фреймворке Flask.</li>
    <li>Проектирование архитектуры базы данных PostgreSQL и оптимизация сложных аналитических запросов.</li>
    <li>Контейнеризация и настройка пайплайнов деплоя с использованием Docker.</li></ul>
    <h3>Требования:</h3><ul><li>Опыт работы с технологиями: Asyncio, Redis, PostgreSQL, Python.</li>
    <li>Понимание принципов чистого кода, SOLID и микросервисной архитектуры.</li>
    <li>Умение работать в Agile/Scrum команде.</li></ul>
    <h3>Мы предлагаем:</h3><ul><li>Конкурентная зарплата, гибкий график, ДМС и возможность удаленной работы.</li></ul>"
90000535,Backend Engineer,От 1 года до 3 лет,between1And3,135000,215000,RUR,fullDay,"[""REST API"", ""SQLAlchemy"", ""Docker"", ""Asyncio"", ""Django""]","<p>В финтех направление открыта вакансия Backend Engineer.</p>
    <p><strong>Задачи:</strong></p><ul><li>Создание масштабируемых сервисов с низким latency.</li>
    <li>Интеграция с платежными шлюзами и внешними API.</li><li>Написание юнит и интеграционных тестов.</li></ul>
    <p><strong>Стек:</strong> REST API, SQLAlchemy, Docker, Asyncio, Django.</p>
    <p><strong>Условия:</strong> полностью белая зарплата, техника на выбор, дружная инженерная культура.</p>"
90000536,Разработчик Python,От 3 до 6 лет,between3And6,,,RUR,remote,"[""REST API"", ""Python"", ""Kafka"", ""RabbitMQ"", ""Kubernetes""]","<p>В финтех направление открыта вакансия Разработчик Python.</p>
    <p><strong>Задачи:</strong></p><ul><li>Создание масштабируемых сервисов с низким latency.</li>
    <li>Интеграция с платежными шлюзами и внешними API.</li><li>Написание юнит и интеграционных тестов.</li></ul>
    <p><strong>Стек:</strong> REST API, Python, Kafka, RabbitMQ, Kubernetes.</p>
    <p><strong>Условия:</strong> полностью белая зарплата, техника на выбор, дружная инженерная культура.</p>"
90000537,Backend Engineer,От 1 года до 3 лет,between1And3,,,RUR,remote,"[""Git"", ""REST API"", ""FastAPI"", ""Redis"", ""Linux"", ""Go"", ""RabbitMQ""]","<h3>О проекте:</h3><p>Мы разрабатываем высоконагруженную платформу автоматизации аналитики и бизнес-процессов.</p>
    <h3>Обязанности:</h3><ul><li>Разработка микросервисов на Go и фреймворке FastAPI.</li>
    <li>Проектирование архитектуры базы данных Redis и оптимизация сложных аналитических запросов.</li>
    <li>Контейнеризация и настройка пайплайнов деплоя с использованием Docker.</li></ul>
    <h3>Требования:</h3><ul><li>Опыт работы с технологиями: Git, REST API, FastAPI, Redis, Linux, Go, RabbitMQ.</li>
    <li>Понимание принципов чистого кода, SOLID и микросервисной архитектуры.</li>
    <li>Умение работать в Agile/Scrum команде.</li></ul>
    <h3>Мы предлагаем:</h3><ul><li>Конкурентная зарплата, гибкий график, ДМС и возможность удаленной работы.</li></ul>"
90000538,Ищем: Ведущий разработчик Python,Более 6 лет,moreThan6,315000,,RUR,remote,"[""PostgreSQL"", ""Docker"", ""RabbitMQ""]","<h3>О проекте:</h3><p>Мы разрабатываем высоконагруженную платформу автоматизации аналитики и бизнес-процессов.</p>
    <h3>Обязанности:</h3><ul><li>Разработка микросервисов на Python и фреймворке Flask.</li>
    <li>Проектирование архитектуры базы данных PostgreSQL и оптимизация сложных аналитических запросов.</li>
    <li>Контейнеризация и настройка пайплайнов деплоя с использованием Docker.</li></ul>
    <h3>Требования:</h3><ul><li>Опыт работы с технологиями: PostgreSQL, Docker, RabbitMQ.</li>
    <li>Понимание принципов чистого кода, SOLID и микросервисной архитектуры.</li>
    <li>Умение работать в Agile/Scrum команде.</li></ul>
    <h3>Мы предлагаем:</h3><ul><li>Конкурентная зарплата, гибкий график, ДМС и возможность удаленной работы.</li></ul>"
90000539,Разработчик Python,Более 6 лет,moreThan6,395000,620000,RUR,remote,"[""FastAPI"", ""Linux"", ""Redis"", ""Go"", ""Docker"", ""Python"", ""Asyncio""]","<h3>О проекте:</h3><p>Мы разрабатываем высоконагруженную платформу автоматизации аналитики и бизнес-процессов.</p>
    <h3>Обязанности:</h3><ul><li>Разработка микросервисов на Go и фреймворке FastAPI.</li>
    <li>Проектирование архитектуры базы данных Redis и оптимизация сложных аналитических запросов.</li>
    <li>Контейнеризация и настройка пайплайнов деплоя с использованием Docker.</li></ul>
    <h3>Требования:</h3><ul><li>Опыт работы с технологиями: FastAPI, Linux, Redis, Go, Docker, Python, Asyncio.</li>
    <li>Понимание принципов чистого кода, SOLID и микросервисной архитектуры.</li>
    <li>Умение работать в Agile/Scrum команде.</li></ul>
    <h3>Мы предлагаем:</h3><ul><li>Конкурентная зарплата, гибкий график, ДМС и возможность удаленной работы.</li></ul>"
90000540,Golang Developer (Middle),От 3 до 6 лет,between3And6,,,RUR,remote,"[""Asyncio"", ""REST API"", ""PostgreSQL""]","<p>В финтех направление открыта вакансия Golang Developer (Middle).</p>
    <p><strong>Задачи:</strong></p><ul><li>Создание масштабируемых сервисов с низким latency.</li>
    <li>Интеграция с платежными шлюзами и внешними API.</li><li>Написание юнит и интеграционных тестов.</li></ul>
    <p><strong>Стек:</strong> Asyncio, REST API, PostgreSQL.</p>
    <p><strong>Условия:</strong> полностью белая зарплата, техника на выбор, дружная инженерная культура.</p>"
90000541,Разработчик Python,От 1 года до 3 лет,between1And3,135000,215000,RUR,fullDay,"[""Git"", ""FastAPI"", ""SQLAlchemy"", ""Docker"", ""PostgreSQL""]","<h3>О проекте:</h3><p>Мы разрабатываем высоконагруженную платформу автоматизации аналитики и бизнес-процессов.</p>
    <h3>Обязанности:</h3><ul><li>Разработка микросервисов на Python и фреймворке FastAPI.</li>
    <li>Проектирование архитектуры базы данных PostgreSQL и оптимизация сложных аналитических запросов.</li>
    <li>Контейнеризация и настройка пайплайнов деплоя с использованием Docker.</li></ul>
    <h3>Требования:</h3><ul><li>Опыт работы с технологиями: Git, FastAPI, SQLAlchemy, Docker, PostgreSQL.</li>
    <li>Понимание принципов чистого кода, SOLID и микросервисной архитектуры.</li>
    <li>Умение работать в Agile/Scrum команде.</li></ul>
    <h3>Мы предлагаем:</h3><ul><li>Конкурентная зарплата, гибкий график, ДМС и возможность удаленной работы.</li></ul>"
90000542,Data Engineer,Более 6 лет,moreThan6,350000,560000,RUR,remote,"[""Microservices"", ""PostgreSQL"", ""Docker"", ""FastAPI""]","<h3>О проекте:</h3><p>Мы разрабатываем высоконагруженную платформу автоматизации аналитики и бизнес-процессов.</p>
    <h3>Обязанности:</h3><ul><li>Разработка микросервисов на Python и фреймворке FastAPI.</li>
    <li>Проектирование архитектуры базы данных PostgreSQL и оптимизация сложных аналитических запросов.</li>
    <li>Контейнеризация и настройка пайплайнов деплоя с использованием Docker.</li></ul>
    <h3>Требования:</h3><ul><li>Опыт работы с технологиями: Microservices, PostgreSQL, Docker, FastAPI.</li>
    <li>Понимание принципов чистого кода, SOLID и микросервисной архитектуры.</li>
    <li>Умение работать в Agile/Scrum команде.</li></ul>
    <h3>Мы предлагаем:</h3><ul><li>Конкурентная зарплата, гибкий график, ДМС и возможность удаленной работы.</li></ul>"
90000543,"Ищем: Middle DevOps Engineer (Docker, K8s)",От 3 до 6 лет,between3And6,210000,330000,RUR,remote,"[""Asyncio"", ""Microservices"", ""FastAPI"", ""RabbitMQ""]","<h3>О проекте:</h3><p>Мы разрабатываем высоконагруженную платформу автоматизации аналитики и бизнес-процессов.</p>
    <h3>Обязанности:</h3><ul><li>Разработка микросервисов на Python и фреймворке FastAPI.</li>
    <li>Проектирование архитектуры базы данных Redis и оптимизация сложных аналитических запросов.</li>
    <li>Контейнеризация и настройка пайплайнов деплоя с использованием Docker.</li></ul>
    <h3>Требования:</h3><ul><li>Опыт работы с технологиями: Asyncio, Microservices, FastAPI, RabbitMQ.</li>
    <li>Понимание принципов чистого кода, SOLID и микросервисной архитектуры.</li>
    <li>Умение работать в Agile/Scrum команде.</li></ul>
    <h3>Мы предлагаем:</h3><ul><li>Конкурентная зарплата, гибкий график, ДМС и возможность удаленной работы.</li></ul>"
90000544,Ищем: Trainee / Junior Data Engineer,Нет опыта,noExperience,65000,,RUR,flexible,"[""REST API"", ""Git"", ""Linux"", ""Pytest"", ""SQLAlchemy"", ""Celery"", ""Python"", ""Django""]","<p>В финтех направление открыта вакансия Ищем: Trainee / Junior Data Engineer.</p>
    <p><strong>Задачи:</strong></p><ul><li>Создание масштабируемых сервисов с низким latency.</li>
    <li>Интеграция с платежными шлюзами и внешними API.</li><li>Написание юнит и интеграционных тестов.</li></ul>
    <p><strong>Стек:</strong> REST API, Git, Linux, Pytest, SQLAlchemy, Celery, Python, Django.</p>
    <p><strong>Условия:</strong> полностью белая зарплата, техника на выбор, дружная инженерная культура.</p>"
90000545,Удаленно: Tech Lead (Python / FastAPI / Highload),От 1 года до 3 лет,between1And3,295000,465000,RUR,remote,"[""Git"", ""Linux"", ""CI/CD"", ""Docker"", ""Kubernetes"", ""PostgreSQL""]","<h3>О проекте:</h3><p>Мы разрабатываем высоконагруженную платформу автоматизации аналитики и бизнес-процессов.</p>
    <h3>Обязанности:</h3><ul><li>Разработка микросервисов на Python и фреймворке Flask.</li>
    <li>Проектирование архитектуры базы данных PostgreSQL и оптимизация сложных аналитических запросов.</li>
    <li>Контейнеризация и настройка пайплайнов деплоя с использованием Docker и Kubernetes.</li></ul>
    <h3>Требования:</h3><ul><li>Опыт работы с технологиями: Git, Linux, CI/CD, Docker, Kubernetes, PostgreSQL.</li>
    <li>Понимание принципов чистого кода, SOLID и микросервисной архитектуры.</li>
    <li>Умение работать в Agile/Scrum команде.</li></ul>
    <h3>Мы предлагаем:</h3><ul><li>Конкурентная зарплата, гибкий график, ДМС и возможность удаленной работы.</li></ul>"
90000546,Lead / Senior Backend Engineer (Go / Python),Более 6 лет,moreThan6,305000,,RUR,fullDay,"[""Asyncio"", ""CI/CD"", ""Go"", ""PostgreSQL""]","<p>В финтех направление открыта вакансия Lead / Senior Backend Engineer (Go / Python).</p>
    <p><strong>Задачи:</strong></p><ul><li>Создание масштабируемых сервисов с низким latency.</li>
    <li>Интеграция с платежными шлюзами и внешними API.</li><li>Написание юнит и интеграционных тестов.</li></ul>
    <p><strong>Стек:</strong> Asyncio, CI/CD, Go, PostgreSQL.</p>
    <p><strong>Условия:</strong> полностью белая зарплата, техника на выбор, дружная инженерная культура.</p>"
90000547,Golang Developer (Middle),От 3 до 6 лет,between3And6,,,RUR,remote,"[""Redis"", ""Go"", ""SQLAlchemy"", ""Python"", ""Kubernetes""]","<h3>О проекте:</h3><p>Мы разрабатываем высоконагруженную платформу автоматизации аналитики и бизнес-процессов.</p>
    <h3>Обязанности:</h3><ul><li>Разработка микросервисов на Python и фреймворке Flask.</li>
    <li>Проектирование архитектуры базы данных Redis и оптимизация сложных аналитических запросов.</li>
    <li>Контейнеризация и настройка пайплайнов деплоя с использованием Docker и Kubernetes.</li></ul>
    <h3>Требования:</h3><ul><li>Опыт работы с технологиями: Redis, Go, SQLAlchemy, Python, Kubernetes.</li>
    <li>Понимание принципов чистого кода, SOLID и микросервисной архитектуры.</li>
    <li>Умение работать в Agile/Scrum команде.</li></ul>
    <h3>Мы предлагаем:</h3><ul><li>Конкурентная зарплата, гибкий график, ДМС и возможность удаленной работы.</li></ul>"
90000548,DevOps Engineer,Более 6 лет,moreThan6,300000,475000,RUR,remote,"[""CI/CD"", ""SQLAlchemy"", ""Docker"", ""Kubernetes"", ""PostgreSQL""]","<h3>О проекте:</h3><p>Мы разрабатываем высоконагруженную платформу автоматизации аналитики и бизнес-процессов.</p>
    <h3>Обязанности:</h3><ul><li>Разработка микросервисов на Python и фреймворке Flask.</li>
    <li>Проектирование архитектуры базы данных PostgreSQL и оптимизация сложных аналитических запросов.</li>
    <li>Контейнеризация и настройка пайплайнов деплоя с использованием Docker и Kubernetes.</li></ul>
    <h3>Требования:</h3><ul><li>Опыт работы с технологиями: CI/CD, SQLAlchemy, Docker, Kubernetes, PostgreSQL.</li>
    <li>Понимание принципов чистого кода, SOLID и микросервисной архитектуры.</li>
    <li>Умение работать в Agile/Scrum команде.</li></ul>
    <h3>Мы предлагаем:</h3><ul><li>Конкурентная зарплата, гибкий график, ДМС и возможность удаленной работы.</li></ul>"
90000549,"IT Компания: Senior Backend Architect (Go, PostgreSQL, Kafka)",Более 6 лет,moreThan6,,,RUR,remote,"[""Git"", ""Microservices"", ""Python"", ""Kafka"", ""ClickHouse"", ""PostgreSQL""]","<p>В финтех направление открыта вакансия IT Компания: Senior Backend Architect (Go, PostgreSQL, Kafka).</p>
    <p><strong>Задачи:</strong></p><ul><li>Создание масштабируемых сервисов с низким latency.</li>
    <li>Интеграция с платежными шлюзами и внешними API.</li><li>Написание юнит и интеграционных тестов.</li></ul>
    <p><strong>Стек:</strong> Git, Microservices, Python, Kafka, ClickHouse, PostgreSQL.</p>
    <p><strong>Условия:</strong> полностью белая зарплата, техника на выбор, дружная инженерная культура.</p>"
90000550,Trainee / Junior Data Engineer,Нет опыта,noExperience,,,RUR,remote,"[""Linux"", ""Microservices"", ""Docker"", ""Python"", ""Django""]","<h3>О проекте:</h3><p>Мы разрабатываем высоконагруженную платформу автоматизации аналитики и бизнес-процессов.</p>
    <h3>Обязанности:</h3><ul><li>Разработка микросервисов на Python и фреймворке Django.</li>
    <li>Проектирование архитектуры базы данных Redis и оптимизация сложных аналитических запросов.</li>
    <li>Контейнеризация и настройка пайплайнов деплоя с использованием Docker.</li></ul>
    <h3>Требования:</h3><ul><li>Опыт работы с технологиями: Linux, Microservices, Docker, Python, Django.</li>
    <li>Понимание принципов чистого кода, SOLID и микросервисной архитектуры.</li>
    <li>Умение работать в Agile/Scrum команде.</li></ul>
    <h3>Мы предлагаем:</h3><ul><li>Конкурентная зарплата, гибкий график, ДМС и возможность удаленной работы.</li></ul>"
90000551,Software Engineer,Нет опыта,noExperience,,,RUR,fullDay,"[""Asyncio"", ""Go"", ""Celery"", ""Python""]","<p>В финтех направление открыта вакансия Software Engineer.</p>
    <p><strong>Задачи:</strong></p><ul><li>Создание масштабируемых сервисов с низким latency.</li>
    <li>Интеграция с платежными шлюзами и внешними API.</li><li>Написание юнит и интеграционных тестов.</li></ul>
    <p><strong>Стек:</strong> Asyncio, Go, Celery, Python.</p>
    <p><strong>Условия:</strong> полностью белая зарплата, техника на выбор, дружная инженерная культура.</p>"
90000552,Ведущий разработчик Python,Более 6 лет,moreThan6,295000,460000,RUR,remote,"[""Linux"", ""CI/CD"", ""Go"", ""Python"", ""PostgreSQL""]","<h3>О проекте:</h3><p>Мы разрабатываем высоконагруженную платформу автоматизации аналитики и бизнес-процессов.</p>
    <h3>Обязанности:</h3><ul><li>Разработка микросервисов на Go и фреймворке Flask.</li>
    <li>Проектирование архитектуры базы данных PostgreSQL и оптимизация сложных аналитических запросов.</li>
    <li>Контейнеризация и настройка пайплайнов деплоя с использованием Docker.</li></ul>
    <h3>Требования:</h3><ul><li>Опыт работы с технологиями: Linux, CI/CD, Go, Python, PostgreSQL.</li>
    <li>Понимание принципов чистого кода, SOLID и микросервисной архитектуры.</li>
    <li>Умение работать в Agile/Scrum команде.</li></ul>
    <h3>Мы предлагаем:</h3><ul><li>Конкурентная зарплата, гибкий график, ДМС и возможность удаленной работы.</li></ul>"
90000553,Инженер бэкенда,Более 6 лет,moreThan6,265000,415000,RUR,fullDay,"[""Microservices"", ""Kubernetes"", ""FastAPI""]","<h3>О проекте:</h3><p>Мы разрабатываем высоконагруженную платформу автоматизации аналитики и бизнес-процессов.</p>
    <h3>Обязанности:</h3><ul><li>Разработка микросервисов на Python и фреймворке FastAPI.</li>
    <li>Проектирование архитектуры базы данных Redis и оптимизация сложных аналитических запросов.</li>
    <li>Контейнеризация и настройка пайплайнов деплоя с использованием Docker и Kubernetes.</li></ul>
    <h3>Требования:</h3><ul><li>Опыт работы с технологиями: Microservices, Kubernetes, FastAPI.</li>
    <li>Понимание принципов чистого кода, SOLID и микросервисной архитектуры.</li>
    <li>Умение работать в Agile/Scrum команде.</li></ul>
    <h3>Мы предлагаем:</h3><ul><li>Конкурентная зарплата, гибкий график, ДМС и возможность удаленной работы.</li></ul>"
90000554,Go Backend Developer,От 1 года до 3 лет,between1And3,180000,290000,RUR,remote,"[""FastAPI"", ""Redis"", ""Pytest"", ""Asyncio"", ""Kafka"", ""PostgreSQL""]","<h3>О проекте:</h3><p>Мы разрабатываем высоконагруженную платформу автоматизации аналитики и бизнес-процессов.</p>
    <h3>Обязанности:</h3><ul><li>Разработка микросервисов на Python и фреймворке FastAPI.</li>
    <li>Проектирование архитектуры базы данных PostgreSQL и оптимизация сложных аналитических запросов.</li>
    <li>Контейнеризация и настройка пайплайнов деплоя с использованием Docker.</li></ul>
    <h3>Требования:</h3><ul><li>Опыт работы с технологиями: FastAPI, Redis, Pytest, Asyncio, Kafka, PostgreSQL.</li>
    <li>Понимание принципов чистого кода, SOLID и микросервисной архитектуры.</li>
    <li>Умение работать в Agile/Scrum команде.</li></ul>
    <h3>Мы предлагаем:</h3><ul><li>Конкурентная зарплата, гибкий график, ДМС и возможность удаленной работы.</li></ul>"
90000555,IT Компания: Middle Python Developer,От 1 года до 3 лет,between1And3,155000,,RUR,remote,"[""REST API"", ""FastAPI"", ""Redis"", ""Docker"", ""PostgreSQL""]","<h3>О проекте:</h3><p>Мы разрабатываем высоконагруженную платформу автоматизации аналитики и бизнес-процессов.</p>
    <h3>Обязанности:</h3><ul><li>Разработка микросервисов на Python и фреймворке FastAPI.</li>
    <li>Проектирование архитектуры базы данных PostgreSQL и оптимизация сложных аналитических запросов.</li>
    <li>Контейнеризация и настройка пайплайнов деплоя с использованием Docker.</li></ul>
    <h3>Требования:</h3><ul><li>Опыт работы с технологиями: REST API, FastAPI, Redis, Docker, PostgreSQL.</li>
    <li>Понимание принципов чистого кода, SOLID и микросервисной архитектуры.</li>
    <li>Умение работать в Agile/Scrum команде.</li></ul>
    <h3>Мы предлагаем:</h3><ul><li>Конкурентная зарплата, гибкий график, ДМС и возможность удаленной работы.</li></ul>"
90000556,IT Компания: Senior Golang Developer,От 3 до 6 лет,between3And6,,,RUR,flexible,"[""Linux"", ""Microservices"", ""Django"", ""Docker"", ""RabbitMQ"", ""Kafka"", ""PostgreSQL"", ""Kubernetes""]","<h3>О проекте:</h3><p>Мы разрабатываем высоконагруженную платформу автоматизации аналитики и бизнес-процессов.</p>
    <h3>Обязанности:</h3><ul><li>Разработка микросервисов на Python и фреймворке Django.</li>
    <li>Проектирование архитектуры базы данных PostgreSQL и оптимизация сложных аналитических запросов.</li>
    <li>Контейнеризация и настройка пайплайнов деплоя с использованием Docker и Kubernetes.</li></ul>
    <h3>Требования:</h3><ul><li>Опыт работы с технологиями: Linux, Microservices, Django, Docker, RabbitMQ, Kafka, PostgreSQL, Kubernetes.</li>
    <li>Понимание принципов чистого кода, SOLID и микросервисной архитектуры.</li>
    <li>Умение работать в Agile/Scrum команде.</li></ul>
    <h3>Мы предлагаем:</h3><ul><li>Конкурентная зарплата, гибкий график, ДМС и возможность удаленной работы.</li></ul>"
90000557,IT Компания: Fullstack Developer (Python / Vue.js),От 1 года до 3 лет,between1And3,,220000,RUR,fullDay,"[""PostgreSQL"", ""FastAPI"", ""Linux"", ""Docker""]","<h3>О проекте:</h3><p>Мы разрабатываем высоконагруженную платформу автоматизации аналитики и бизнес-процессов.</p>
    <h3>Обязанности:</h3><ul><li>Разработка микросервисов на Python и фреймворке FastAPI.</li>
    <li>Проектирование архитектуры базы данных PostgreSQL и оптимизация сложных аналитических запросов.</li>
    <li>Контейнеризация и настройка пайплайнов деплоя с использованием Docker.</li></ul>
    <h3>Требования:</h3><ul><li>Опыт работы с технологиями: PostgreSQL, FastAPI, Linux, Docker.</li>
    <li>Понимание принципов чистого кода, SOLID и микросервисной архитектуры.</li>
    <li>Умение работать в Agile/Scrum команде.</li></ul>
    <h3>Мы предлагаем:</h3><ul><li>Конкурентная зарплата, гибкий график, ДМС и возможность удаленной работы.</li></ul>"
90000558,Ищем: Middle Data Engineer,От 3 до 6 лет,between3And6,,,RUR,flexible,"[""Git"", ""FastAPI"", ""Linux"", ""SQLAlchemy"", ""Kubernetes"", ""RabbitMQ""]","<h3>О проекте:</h3><p>Мы разрабатываем высоконагруженную платформу автоматизации аналитики и бизнес-процессов.</p>
    <h3>Обязанности:</h3><ul><li>Разработка микросервисов на Python и фреймворке FastAPI.</li>
    <li>Проектирование архитектуры базы данных Redis и оптимизация сложных аналитических запросов.</li>
    <li>Контейнеризация и настройка пайплайнов деплоя с использованием Docker и Kubernetes.</li></ul>
    <h3>Требования:</h3><ul><li>Опыт работы с технологиями: Git, FastAPI, Linux, SQLAlchemy, Kubernetes, RabbitMQ.</li>
    <li>Понимание принципов чистого кода, SOLID и микросервисной архитектуры.</li>
    <li>Умение работать в Agile/Scrum команде.</li></ul>
    <h3>Мы предлагаем:</h3><ul><li>Конкурентная зарплата, гибкий график, ДМС и возможность удаленной работы.</li></ul>"
90000559,DevOps Engineer,Нет опыта,noExperience,30000,60000,RUR,fullDay,"[""REST API"", ""Git"", ""Linux"", ""FastAPI"", ""Python"", ""Django""]","<h3>О проекте:</h3><p>Мы разрабатываем высоконагруженную платформу автоматизации аналитики и бизнес-процессов.</p>
    <h3>Обязанности:</h3><ul><li>Разработка микросервисов на Python и фреймворке FastAPI.</li>
    <li>Проектирование архитектуры базы данных Redis и оптимизация сложных аналитических запросов.</li>
    <li>Контейнеризация и настройка пайплайнов деплоя с использованием Docker.</li></ul>
    <h3>Требования:</h3><ul><li>Опыт работы с технологиями: REST API, Git, Linux, FastAPI, Python, Django.</li>
    <li>Понимание принципов чистого кода, SOLID и микросервисной архитектуры.</li>
    <li>Умение работать в Agile/Scrum команде.</li></ul>
    <h3>Мы предлагаем:</h3><ul><li>Конкурентная зарплата, гибкий график, ДМС и возможность удаленной работы.</li></ul>"
90000560,Junior Go / Golang Developer,Нет опыта,noExperience,,,RUR,remote,"[""Git"", ""Linux"", ""Kafka"", ""Python"", ""Django"", ""PostgreSQL""]","<h3>О проекте:</h3><p>Мы разрабатываем высоконагруженную платформу автоматизации аналитики и бизнес-процессов.</p>
    <h3>Обязанности:</h3><ul><li>Разработка микросервисов на Python и фреймворке Django.</li>
    <li>Проектирование архитектуры базы данных PostgreSQL и оптимизация сложных аналитических запросов.</li>
    <li>Контейнеризация и настройка пайплайнов деплоя с использованием Docker.</li></ul>
    <h3>Требования:</h3><ul><li>Опыт работы с технологиями: Git, Linux, Kafka, Python, Django, PostgreSQL.</li>
    <li>Понимание принципов чистого кода, SOLID и микросервисной архитектуры.</li>
    <li>Умение работать в Agile/Scrum команде.</li></ul>
    <h3>Мы предлагаем:</h3><ul><li>Конкурентная зарплата, гибкий график, ДМС и возможность удаленной работы.</li></ul>"
90000561,Стажер-разработчик Python,Нет опыта,noExperience,,,RUR,remote,"[""REST API"", ""Git"", ""Linux"", ""Redis"", ""Python"", ""Django"", ""PostgreSQL""]","<h3>О проекте:</h3><p>Мы разрабатываем высоконагруженную платформу автоматизации аналитики и бизнес-процессов.</p>
    <h3>Обязанности:</h3><ul><li>Разработка микросервисов на Python и фреймворке Django.</li>
    <li>Проектирование архитектуры базы данных PostgreSQL и оптимизация сложных аналитических запросов.</li>
    <li>Контейнеризация и настройка пайплайнов деплоя с использованием Docker.</li></ul>
    <h3>Требования:</h3><ul><li>Опыт работы с технологиями: REST API, Git, Linux, Redis, Python, Django, PostgreSQL.</li>
    <li>Понимание принципов чистого кода, SOLID и микросервисной архитектуры.</li>
    <li>Умение работать в Agile/Scrum команде.</li></ul>
    <h3>Мы предлагаем:</h3><ul><li>Конкурентная зарплата, гибкий график, ДМС и возможность удаленной работы.</li></ul>"
90000562,IT Компания: Senior Python Developer,От 3 до 6 лет,between3And6,,,RUR,fullDay,"[""FastAPI"", ""Microservices"", ""CI/CD"", ""Go"", ""SQLAlchemy"", ""Pytest"", ""PostgreSQL""]","<p>В финтех направление открыта вакансия IT Компания: Senior Python Developer.</p>
    <p><strong>Задачи:</strong></p><ul><li>Создание масштабируемых сервисов с низким latency.</li>
    <li>Интеграция с платежными шлюзами и внешними API.</li><li>Написание юнит и интеграционных тестов.</li></ul>
    <p><strong>Стек:</strong> FastAPI, Microservices, CI/CD, Go, SQLAlchemy, Pytest, PostgreSQL.</p>
    <p><strong>Условия:</strong> полностью белая зарплата, техника на выбор, дружная инженерная культура.</p>"
90000563,IT Компания: Senior Data Engineer / Architect,Более 6 лет,moreThan6,,,RUR,fullDay,"[""Celery"", ""PostgreSQL"", ""Docker""]","<h3>О проекте:</h3><p>Мы разрабатываем высоконагруженную платформу автоматизации аналитики и бизнес-процессов.</p>
    <h3>Обязанности:</h3><ul><li>Разработка микросервисов на Python и фреймворке Flask.</li>
    <li>Проектирование архитектуры базы данных PostgreSQL и оптимизация сложных аналитических запросов.</li>
    <li>Контейнеризация и настройка пайплайнов деплоя с использованием Docker.</li></ul>
    <h3>Требования:</h3><ul><li>Опыт работы с технологиями: Celery, PostgreSQL, Docker.</li>
    <li>Понимание принципов чистого кода, SOLID и микросервисной архитектуры.</li>
    <li>Умение работать в Agile/Scrum команде.</li></ul>
    <h3>Мы предлагаем:</h3><ul><li>Конкурентная зарплата, гибкий график, ДМС и возможность удаленной работы.</li></ul>"
90000564,Junior Go / Golang Developer,Нет опыта,noExperience,,105000,RUR,remote,"[""REST API"", ""Git"", ""Python"", ""Asyncio"", ""Django"", ""PostgreSQL""]","<p>В финтех направление открыта вакансия Junior Go / Golang Developer.</p>
    <p><strong>Задачи:</strong></p><ul><li>Создание масштабируемых сервисов с низким latency.</li>
    <li>Интеграция с платежными шлюзами и внешними API.</li><li>Написание юнит и интеграционных тестов.</li></ul>
    <p><strong>Стек:</strong> REST API, Git, Python, Asyncio, Django, PostgreSQL.</p>
    <p><strong>Условия:</strong> полностью белая зарплата, техника на выбор, дружная инженерная культура.</p>"
90000565,Ищем: Fullstack Developer (Python / Vue.js),От 1 года до 3 лет,between1And3,,260000,RUR,remote,"[""Go"", ""PostgreSQL"", ""ClickHouse""]","<p>В финтех направление открыта вакансия Ищем: Fullstack Developer (Python / Vue.js).</p>
    <p><strong>Задачи:</strong></p><ul><li>Создание масштабируемых сервисов с низким latency.</li>
    <li>Интеграция с платежными шлюзами и внешними API.</li><li>Написание юнит и интеграционных тестов.</li></ul>
    <p><strong>Стек:</strong> Go, PostgreSQL, ClickHouse.</p>
    <p><strong>Условия:</strong> полностью белая зарплата, техника на выбор, дружная инженерная культура.</p>"
90000566,Senior Golang Developer,От 3 до 6 лет,between3And6,360000,,RUR,fullDay,"[""FastAPI"", ""Microservices"", ""Pytest"", ""CI/CD"", ""Django"", ""ClickHouse""]","<p>В финтех направление открыта вакансия Senior Golang Developer.</p>
    <p><strong>Задачи:</strong></p><ul><li>Создание масштабируемых сервисов с низким latency.</li>
    <li>Интеграция с платежными шлюзами и внешними API.</li><li>Написание юнит и интеграционных тестов.</li></ul>
    <p><strong>Стек:</strong> FastAPI, Microservices, Pytest, CI/CD, Django, ClickHouse.</p>
    <p><strong>Условия:</strong> полностью белая зарплата, техника на выбор, дружная инженерная культура.</p>"
90000567,Удаленно: Младший программист Python / Django,От 1 года до 3 лет,between1And3,50000,80000,RUR,remote,"[""REST API"", ""Linux"", ""Python"", ""Docker""]","<p>В финтех направление открыта вакансия Удаленно: Младший программист Python / Django.</p>
    <p><strong>Задачи:</strong></p><ul><li>Создание масштабируемых сервисов с низким latency.</li>
    <li>Интеграция с платежными шлюзами и внешними API.</li><li>Написание юнит и интеграционных тестов.</li></ul>
    <p><strong>Стек:</strong> REST API, Linux, Python, Docker.</p>
    <p><strong>Условия:</strong> полностью белая зарплата, техника на выбор, дружная инженерная культура.</p>"
90000568,Lead / Senior Backend Engineer (Go / Python),Более 6 лет,moreThan6,,,RUR,remote,"[""Git"", ""Linux"", ""Go"", ""Kubernetes"", ""ClickHouse""]","<p>В финтех направление открыта вакансия Lead / Senior Backend Engineer (Go / Python).</p>
    <p><strong>Задачи:</strong></p><ul><li>Создание масштабируемых сервисов с низким latency.</li>
    <li>Интеграция с платежными шлюзами и внешними API.</li><li>Написание юнит и интеграционных тестов.</li></ul>
    <p><strong>Стек:</strong> Git, Linux, Go, Kubernetes, ClickHouse.</p>
    <p><strong>Условия:</strong> полностью белая зарплата, техника на выбор, дружная инженерная культура.</p>"
90000569,IT Компания: Middle Python Developer,От 1 года до 3 лет,between1And3,170000,265000,RUR,remote,"[""Git"", ""CI/CD"", ""Go"", ""SQLAlchemy"", ""Docker"", ""Asyncio""]","<p>В финтех направление открыта вакансия IT Компания: Middle Python Developer.</p>
    <p><strong>Задачи:</strong></p><ul><li>Создание масштабируемых сервисов с низким latency.</li>
    <li>Интеграция с платежными шлюзами и внешними API.</li><li>Написание юнит и интеграционных тестов.</li></ul>
    <p><strong>Стек:</strong> Git, CI/CD, Go, SQLAlchemy, Docker, Asyncio.</p>
    <p><strong>Условия:</strong> полностью белая зарплата, техника на выбор, дружная инженерная культура.</p>"
90000570,Middle Data Engineer,От 3 до 6 лет,between3And6,,,RUR,fullDay,"[""Celery"", ""Docker"", ""Python""]","<h3>О проекте:</h3><p>Мы разрабатываем высоконагруженную платформу автоматизации аналитики и бизнес-процессов.</p>
    <h3>Обязанности:</h3><ul><li>Разработка микросервисов на Python и фреймворке Flask.</li>
    <li>Проектирование архитектуры базы данных Redis и оптимизация сложных аналитических запросов.</li>
    <li>Контейнеризация и настройка пайплайнов деплоя с использованием Docker.</li></ul>
    <h3>Требования:</h3><ul><li>Опыт работы с технологиями: Celery, Docker, Python.</li>
    <li>Понимание принципов чистого кода, SOLID и микросервисной архитектуры.</li>
    <li>Умение работать в Agile/Scrum команде.</li></ul>
    <h3>Мы предлагаем:</h3><ul><li>Конкурентная зарплата, гибкий график, ДМС и возможность удаленной работы.</li></ul>"
90000571,"IT Компания: Backend Разработчик (Python, FastAPI, PostgreSQL)",От 1 года до 3 лет,between1And3,,,RUR,remote,"[""CI/CD"", ""Celery"", ""SQLAlchemy"", ""Redis""]","<h3>О проекте:</h3><p>Мы разрабатываем высоконагруженную платформу автоматизации аналитики и бизнес-процессов.</p>
    <h3>Обязанности:</h3><ul><li>Разработка микросервисов на Python и фреймворке Flask.</li>
    <li>Проектирование архитектуры базы данных Redis и оптимизация сложных аналитических запросов.</li>
    <li>Контейнеризация и настройка пайплайнов деплоя с использованием Docker.</li></ul>
    <h3>Требования:</h3><ul><li>Опыт работы с технологиями: CI/CD, Celery, SQLAlchemy, Redis.</li>
    <li>Понимание принципов чистого кода, SOLID и микросервисной архитектуры.</li>
    <li>Умение работать в Agile/Scrum команде.</li></ul>
    <h3>Мы предлагаем:</h3><ul><li>Конкурентная зарплата, гибкий график, ДМС и возможность удаленной работы.</li></ul>"
90000572,Junior Go / Golang Developer,Нет опыта,noExperience,65000,115000,RUR,remote,"[""Linux"", ""CI/CD"", ""Go"", ""Python"", ""Django""]","<p>В финтех направление открыта вакансия Junior Go / Golang Developer.</p>
    <p><strong>Задачи:</strong></p><ul><li>Создание масштабируемых сервисов с низким latency.</li>
    <li>Интеграция с платежными шлюзами и внешними API.</li><li>Написание юнит и интеграционных тестов.</li></ul>
    <p><strong>Стек:</strong> Linux, CI/CD, Go, Python, Django.</p>
    <p><strong>Условия:</strong> полностью белая зарплата, техника на выбор, дружная инженерная культура.</p>"
90000573,Младший программист Python / Django,Более 6 лет,moreThan6,,,RUR,fullDay,"[""Git"", ""REST API"", ""Linux"", ""Redis"", ""Python"", ""Django""]","<h3>О проекте:</h3><p>Мы разрабатываем высоконагруженную платформу автоматизации аналитики и бизнес-процессов.</p>
    <h3>Обязанности:</h3><ul><li>Разработка микросервисов на Python и фреймворке Django.</li>
    <li>Проектирование архитектуры базы данных Redis и оптимизация сложных аналитических запросов.</li>
    <li>Контейнеризация и настройка пайплайнов деплоя с использованием Docker.</li></ul>
    <h3>Требования:</h3><ul><li>Опыт работы с технологиями: Git, REST API, Linux, Redis, Python, Django.</li>
    <li>Понимание принципов чистого кода, SOLID и микросервисной архитектуры.</li>
    <li>Умение работать в Agile/Scrum команде.</li></ul>
    <h3>Мы предлагаем:</h3><ul><li>Конкурентная зарплата, гибкий график, ДМС и возможность удаленной работы.</li></ul>"
90000574,Младший программист Python / Django,Более 6 лет,moreThan6,60000,100000,RUR,fullDay,"[""Git"", ""REST API"", ""Linux"", ""Pytest"", ""Python"", ""Django"", ""PostgreSQL""]","<h3>О проекте:</h3><p>Мы разрабатываем высоконагруженную платформу автоматизации аналитики и бизнес-процессов.</p>
    <h3>Обязанности:</h3><ul><li>Разработка микросервисов на Python и фреймворке Django.</li>
    <li>Проектирование архитектуры базы данных PostgreSQL и оптимизация сложных аналитических запросов.</li>
    <li>Контейнеризация и настройка пайплайнов деплоя с использованием Docker.</li></ul>
    <h3>Требования:</h3><ul><li>Опыт работы с технологиями: Git, REST API, Linux, Pytest, Python, Django, PostgreSQL.</li>
    <li>Понимание принципов чистого кода, SOLID и микросервисной архитектуры.</li>
    <li>Умение работать в Agile/Scrum команде.</li></ul>
    <h3>Мы предлагаем:</h3><ul><li>Конкурентная зарплата, гибкий график, ДМС и возможность удаленной работы.</li></ul>"
90000575,IT Компания: Ведущий разработчик Python,Более 6 лет,moreThan6,245000,380000,RUR,remote,"[""Kubernetes"", ""CI/CD"", ""Linux"", ""Python""]","<h3>О проекте:</h3><p>Мы разрабатываем высоконагруженную платформу автоматизации аналитики и бизнес-процессов.</p>
    <h3>Обязанности:</h3><ul><li>Разработка микросервисов на Python и фреймворке Flask.</li>
    <li>Проектирование архитектуры базы данных Redis и оптимизация сложных аналитических запросов.</li>
    <li>Контейнеризация и настройка пайплайнов деплоя с использованием Docker и Kubernetes.</li></ul>
    <h3>Требования:</h3><ul><li>Опыт работы с технологиями: Kubernetes, CI/CD, Linux, Python.</li>
    <li>Понимание принципов чистого кода, SOLID и микросервисной архитектуры.</li>
    <li>Умение работать в Agile/Scrum команде.</li></ul>
    <h3>Мы предлагаем:</h3><ul><li>Конкурентная зарплата, гибкий график, ДМС и возможность удаленной работы.</li></ul>"
90000576,DevOps Engineer,От 3 до 6 лет,between3And6,160000,245000,RUR,remote,"[""Linux"", ""Docker"", ""Celery"", ""Python"", ""RabbitMQ""]","<h3>О проекте:</h3><p>Мы разрабатываем высоконагруженную платформу автоматизации аналитики и бизнес-процессов.</p>
    <h3>Обязанности:</h3><ul><li>Разработка микросервисов на Python и фреймворке Flask.</li>
    <li>Проектирование архитектуры базы данных Redis и оптимизация сложных аналитических запросов.</li>
    <li>Контейнеризация и настройка пайплайнов деплоя с использованием Docker.</li></ul>
    <h3>Требования:</h3><ul><li>Опыт работы с технологиями: Linux, Docker, Celery, Python, RabbitMQ.</li>
    <li>Понимание принципов чистого кода, SOLID и микросервисной архитектуры.</li>
    <li>Умение работать в Agile/Scrum команде.</li></ul>
    <h3>Мы предлагаем:</h3><ul><li>Конкурентная зарплата, гибкий график, ДМС и возможность удаленной работы.</li></ul>"
90000577,IT Компания: Tech Lead (Python / FastAPI / Highload),Более 6 лет,moreThan6,,,RUR,fullDay,"[""REST API"", ""CI/CD"", ""Docker"", ""Python"", ""Kubernetes"", ""PostgreSQL""]","<p>В финтех направление открыта вакансия IT Компания: Tech Lead (Python / FastAPI / Highload).</p>
    <p><strong>Задачи:</strong></p><ul><li>Создание масштабируемых сервисов с низким latency.</li>
    <li>Интеграция с платежными шлюзами и внешними API.</li><li>Написание юнит и интеграционных тестов.</li></ul>
    <p><strong>Стек:</strong> REST API, CI/CD, Docker, Python, Kubernetes, PostgreSQL.</p>
    <p><strong>Условия:</strong> полностью белая зарплата, техника на выбор, дружная инженерная культура.</p>"
90000578,"Удаленно: Middle DevOps Engineer (Docker, K8s)",От 3 до 6 лет,between3And6,205000,,RUR,remote,"[""Git"", ""Go"", ""Docker"", ""Kafka"", ""PostgreSQL"", ""RabbitMQ""]","<h3>О проекте:</h3><p>Мы разрабатываем высоконагруженную платформу автоматизации аналитики и бизнес-процессов.</p>
    <h3>Обязанности:</h3><ul><li>Разработка микросервисов на Go и фреймворке Flask.</li>
    <li>Проектирование архитектуры базы данных PostgreSQL и оптимизация сложных аналитических запросов.</li>
    <li>Контейнеризация и настройка пайплайнов деплоя с использованием Docker.</li></ul>
    <h3>Требования:</h3><ul><li>Опыт работы с технологиями: Git, Go, Docker, Kafka, PostgreSQL, RabbitMQ.</li>
    <li>Понимание принципов чистого кода, SOLID и микросервисной архитектуры.</li>
    <li>Умение работать в Agile/Scrum команде.</li></ul>
    <h3>Мы предлагаем:</h3><ul><li>Конкурентная зарплата, гибкий график, ДМС и возможность удаленной работы.</li></ul>"
90000579,Разработчик Python,Нет опыта,noExperience,60000,100000,RUR,remote,"[""Django"", ""PostgreSQL"", ""Linux"", ""Kubernetes""]","<p>В финтех направление открыта вакансия Разработчик Python.</p>
    <p><strong>Задачи:</strong></p><ul><li>Создание масштабируемых сервисов с низким latency.</li>
    <li>Интеграция с платежными шлюзами и внешними API.</li><li>Написание юнит и интеграционных тестов.</li></ul>
    <p><strong>Стек:</strong> Django, PostgreSQL, Linux, Kubernetes.</p>
    <p><strong>Условия:</strong> полностью белая зарплата, техника на выбор, дружная инженерная культура.</p>"
90000580,Software Engineer,Более 6 лет,moreThan6,,,RUR,flexible,"[""Linux"", ""Microservices"", ""Python"", ""Kafka"", ""ClickHouse"", ""Kubernetes""]","<p>В финтех направление открыта вакансия Software Engineer.</p>
    <p><strong>Задачи:</strong></p><ul><li>Создание масштабируемых сервисов с низким latency.</li>
    <li>Интеграция с платежными шлюзами и внешними API.</li><li>Написание юнит и интеграционных тестов.</li></ul>
    <p><strong>Стек:</strong> Linux, Microservices, Python, Kafka, ClickHouse, Kubernetes.</p>
    <p><strong>Условия:</strong> полностью белая зарплата, техника на выбор, дружная инженерная культура.</p>"
90000581,Удаленно: Middle Python Developer,От 1 года до 3 лет,between1And3,155000,,RUR,flexible,"[""Microservices"", ""Django"", ""PostgreSQL"", ""Python""]","<p>В финтех направление открыта вакансия Удаленно: Middle Python Developer.</p>
    <p><strong>Задачи:</strong></p><ul><li>Создание масштабируемых сервисов с низким latency.</li>
    <li>Интеграция с платежными шлюзами и внешними API.</li><li>Написание юнит и интеграционных тестов.</li></ul>
    <p><strong>Стек:</strong> Microservices, Django, PostgreSQL, Python.</p>
    <p><strong>Условия:</strong> полностью белая зарплата, техника на выбор, дружная инженерная культура.</p>"
90000582,Ищем: Trainee / Junior Data Engineer,Нет опыта,noExperience,50000,75000,RUR,fullDay,"[""Git"", ""Django"", ""Microservices"", ""Linux""]","<h3>О проекте:</h3><p>Мы разрабатываем высоконагруженную платформу автоматизации аналитики и бизнес-процессов.</p>
    <h3>Обязанности:</h3><ul><li>Разработка микросервисов на Python и фреймворке Django.</li>
    <li>Проектирование архитектуры базы данных Redis и оптимизация сложных аналитических запросов.</li>
    <li>Контейнеризация и настройка пайплайнов деплоя с использованием Docker.</li></ul>
    <h3>Требования:</h3><ul><li>Опыт работы с технологиями: Git, Django, Microservices, Linux.</li>
    <li>Понимание принципов чистого кода, SOLID и микросервисной архитектуры.</li>
    <li>Умение работать в Agile/Scrum команде.</li></ul>
    <h3>Мы предлагаем:</h3><ul><li>Конкурентная зарплата, гибкий график, ДМС и возможность удаленной работы.</li></ul>"
90000583,Software Engineer,От 3 до 6 лет,between3And6,,,RUR,fullDay,"[""SQLAlchemy"", ""FastAPI"", ""Go"", ""PostgreSQL""]","<h3>О проекте:</h3><p>Мы разрабатываем высоконагруженную платформу автоматизации аналитики и бизнес-процессов.</p>
    <h3>Обязанности:</h3><ul><li>Разработка микросервисов на Python и фреймворке FastAPI.</li>
    <li>Проектирование архитектуры базы данных PostgreSQL и оптимизация сложных аналитических запросов.</li>
    <li>Контейнеризация и настройка пайплайнов деплоя с использованием Docker.</li></ul>
    <h3>Требования:</h3><ul><li>Опыт работы с технологиями: SQLAlchemy, FastAPI, Go, PostgreSQL.</li>
    <li>Понимание принципов чистого кода, SOLID и микросервисной архитектуры.</li>
    <li>Умение работать в Agile/Scrum команде.</li></ul>
    <h3>Мы предлагаем:</h3><ul><li>Конкурентная зарплата, гибкий график, ДМС и возможность удаленной работы.</li></ul>"
90000584,Ищем: Senior Data Engineer / Architect,Более 6 лет,moreThan6,,590000,RUR,fullDay,"[""FastAPI"", ""Docker"", ""Celery"", ""ClickHouse"", ""PostgreSQL""]","<h3>О проекте:</h3><p>Мы разрабатываем высоконагруженную платформу автоматизации аналитики и бизнес-процессов.</p>
    <h3>Обязанности:</h3><ul><li>Разработка микросервисов на Python и фреймворке FastAPI.</li>
    <li>Проектирование архитектуры базы данных PostgreSQL и оптимизация сложных аналитических запросов.</li>
    <li>Контейнеризация и настройка пайплайнов деплоя с использованием Docker.</li></ul>
    <h3>Требования:</h3><ul><li>Опыт работы с технологиями: FastAPI, Docker, Celery, ClickHouse, PostgreSQL.</li>
    <li>Понимание принципов чистого кода, SOLID и микросервисной архитектуры.</li>
    <li>Умение работать в Agile/Scrum команде.</li></ul>
    <h3>Мы предлагаем:</h3><ul><li>Конкурентная зарплата, гибкий график, ДМС и возможность удаленной работы.</li></ul>"
90000585,"IT Компания: Senior Backend Architect (Go, PostgreSQL, Kafka)",Более 6 лет,moreThan6,,,RUR,flexible,"[""PostgreSQL"", ""ClickHouse"", ""Linux""]","<p>В финтех направление открыта вакансия IT Компания: Senior Backend Architect (Go, PostgreSQL, Kafka).</p>
    <p><strong>Задачи:</strong></p><ul><li>Создание масштабируемых сервисов с низким latency.</li>
    <li>Интеграция с платежными шлюзами и внешними API.</li><li>Написание юнит и интеграционных тестов.</li></ul>
    <p><strong>Стек:</strong> PostgreSQL, ClickHouse, Linux.</p>
    <p><strong>Условия:</strong> полностью белая зарплата, техника на выбор, дружная инженерная культура.</p>"
90000586,Go Backend Developer,Более 6 лет,moreThan6,,,RUR,remote,"[""Microservices"", ""Kafka"", ""Go"", ""RabbitMQ""]","<h3>О проекте:</h3><p>Мы разрабатываем высоконагруженную платформу автоматизации аналитики и бизнес-процессов.</p>
    <h3>Обязанности:</h3><ul><li>Разработка микросервисов на Python и фреймворке Flask.</li>
    <li>Проектирование архитектуры базы данных Redis и оптимизация сложных аналитических запросов.</li>
    <li>Контейнеризация и настройка пайплайнов деплоя с использованием Docker.</li></ul>
    <h3>Требования:</h3><ul><li>Опыт работы с технологиями: Microservices, Kafka, Go, RabbitMQ.</li>
    <li>Понимание принципов чистого кода, SOLID и микросервисной архитектуры.</li>
    <li>Умение работать в Agile/Scrum команде.</li></ul>
    <h3>Мы предлагаем:</h3><ul><li>Конкурентная зарплата, гибкий график, ДМС и возможность удаленной работы.</li></ul>"
90000587,IT Компания: Junior DevOps Engineer,От 1 года до 3 лет,between1And3,,130000,RUR,remote,"[""Celery"", ""Django"", ""Pytest"", ""PostgreSQL""]","<h3>О проекте:</h3><p>Мы разрабатываем высоконагруженную платформу автоматизации аналитики и бизнес-процессов.</p>
    <h3>Обязанности:</h3><ul><li>Разработка микросервисов на Python и фреймворке Django.</li>
    <li>Проектирование архитектуры базы данных PostgreSQL и оптимизация сложных аналитических запросов.</li>
    <li>Контейнеризация и настройка пайплайнов деплоя с использованием Docker.</li></ul>
    <h3>Требования:</h3><ul><li>Опыт работы с технологиями: Celery, Django, Pytest, PostgreSQL.</li>
    <li>Понимание принципов чистого кода, SOLID и микросервисной архитектуры.</li>
    <li>Умение работать в Agile/Scrum команде.</li></ul>
    <h3>Мы предлагаем:</h3><ul><li>Конкурентная зарплата, гибкий график, ДМС и возможность удаленной работы.</li></ul>"
90000588,Ищем: Trainee / Junior Data Engineer,Нет опыта,noExperience,,,RUR,remote,"[""Git"", ""PostgreSQL"", ""Python""]","<p>В финтех направление открыта вакансия Ищем: Trainee / Junior Data Engineer.</p>
    <p><strong>Задачи:</strong></p><ul><li>Создание масштабируемых сервисов с низким latency.</li>
    <li>Интеграция с платежными шлюзами и внешними API.</li><li>Написание юнит и интеграционных тестов.</li></ul>
    <p><strong>Стек:</strong> Git, PostgreSQL, Python.</p>
    <p><strong>Условия:</strong> полностью белая зарплата, техника на выбор, дружная инженерная культура.</p>"
90000589,DevOps Engineer,От 1 года до 3 лет,between1And3,,,RUR,remote,"[""REST API"", ""Git"", ""Microservices"", ""Django"", ""PostgreSQL"", ""RabbitMQ""]","<p>В финтех направление открыта вакансия DevOps Engineer.</p>
    <p><strong>Задачи:</strong></p><ul><li>Создание масштабируемых сервисов с низким latency.</li>
    <li>Интеграция с платежными шлюзами и внешними API.</li><li>Написание юнит и интеграционных тестов.</li></ul>
    <p><strong>Стек:</strong> REST API, Git, Microservices, Django, PostgreSQL, RabbitMQ.</p>
    <p><strong>Условия:</strong> полностью белая зарплата, техника на выбор, дружная инженерная культура.</p>"
90000590,Удаленно: Junior DevOps Engineer,От 1 года до 3 лет,between1And3,65000,110000,RUR,fullDay,"[""Git"", ""REST API"", ""Linux"", ""Redis"", ""RabbitMQ""]","<p>В финтех направление открыта вакансия Удаленно: Junior DevOps Engineer.</p>
    <p><strong>Задачи:</strong></p><ul><li>Создание масштабируемых сервисов с низким latency.</li>
    <li>Интеграция с платежными шлюзами и внешними API.</li><li>Написание юнит и интеграционных тестов.</li></ul>
    <p><strong>Стек:</strong> Git, REST API, Linux, Redis, RabbitMQ.</p>
    <p><strong>Условия:</strong> полностью белая зарплата, техника на выбор, дружная инженерная культура.</p>"
90000591,Tech Lead (Python / FastAPI / Highload),Более 6 лет,moreThan6,,545000,RUR,remote,"[""Docker"", ""Python"", ""Kafka"", ""ClickHouse"", ""PostgreSQL"", ""Kubernetes""]","<h3>О проекте:</h3><p>Мы разрабатываем высоконагруженную платформу автоматизации аналитики и бизнес-процессов.</p>
    <h3>Обязанности:</h3><ul><li>Разработка микросервисов на Python и фреймворке Flask.</li>
    <li>Проектирование архитектуры базы данных PostgreSQL и оптимизация сложных аналитических запросов.</li>
    <li>Контейнеризация и настройка пайплайнов деплоя с использованием Docker и Kubernetes.</li></ul>
    <h3>Требования:</h3><ul><li>Опыт работы с технологиями: Docker, Python, Kafka, ClickHouse, PostgreSQL, Kubernetes.</li>
    <li>Понимание принципов чистого кода, SOLID и микросервисной архитектуры.</li>
    <li>Умение работать в Agile/Scrum команде.</li></ul>
    <h3>Мы предлагаем:</h3><ul><li>Конкурентная зарплата, гибкий график, ДМС и возможность удаленной работы.</li></ul>"
90000592,IT Компания: Golang Developer (Middle),От 3 до 6 лет,between3And6,,,RUR,fullDay,"[""Python"", ""Django"", ""FastAPI"", ""Redis""]","<h3>О проекте:</h3><p>Мы разрабатываем высоконагруженную платформу автоматизации аналитики и бизнес-процессов.</p>
    <h3>Обязанности:</h3><ul><li>Разработка микросервисов на Python и фреймворке FastAPI.</li>
    <li>Проектирование архитектуры базы данных Redis и оптимизация сложных аналитических запросов.</li>
    <li>Контейнеризация и настройка пайплайнов деплоя с использованием Docker.</li></ul>
    <h3>Требования:</h3><ul><li>Опыт работы с технологиями: Python, Django, FastAPI, Redis.</li>
    <li>Понимание принципов чистого кода, SOLID и микросервисной архитектуры.</li>
    <li>Умение работать в Agile/Scrum команде.</li></ul>
    <h3>Мы предлагаем:</h3><ul><li>Конкурентная зарплата, гибкий график, ДМС и возможность удаленной работы.</li></ul>"
90000593,Ищем: Python Backend Engineer,От 1 года до 3 лет,between1And3,160000,250000,RUR,remote,"[""Asyncio"", ""Django"", ""Go"", ""Linux""]","<p>В финтех направление открыта вакансия Ищем: Python Backend Engineer.</p>
    <p><strong>Задачи:</strong></p><ul><li>Создание масштабируемых сервисов с низким latency.</li>
    <li>Интеграция с платежными шлюзами и внешними API.</li><li>Написание юнит и интеграционных тестов.</li></ul>
    <p><strong>Стек:</strong> Asyncio, Django, Go, Linux.</p>
    <p><strong>Условия:</strong> полностью белая зарплата, техника на выбор, дружная инженерная культура.</p>"
90000594,Middle Go Engineer (Микросервисы),От 3 до 6 лет,between3And6,,,RUR,remote,"[""Git"", ""CI/CD"", ""SQLAlchemy"", ""Docker"", ""Python"", ""PostgreSQL""]","<p>В финтех направление открыта вакансия Middle Go Engineer (Микросервисы).</p>
    <p><strong>Задачи:</strong></p><ul><li>Создание масштабируемых сервисов с низким latency.</li>
    <li>Интеграция с платежными шлюзами и внешними API.</li><li>Написание юнит и интеграционных тестов.</li></ul>
    <p><strong>Стек:</strong> Git, CI/CD, SQLAlchemy, Docker, Python, PostgreSQL.</p>
    <p><strong>Условия:</strong> полностью белая зарплата, техника на выбор, дружная инженерная культура.</p>"
90000595,Data Engineer,От 1 года до 3 лет,between1And3,,,RUR,fullDay,"[""Git"", ""REST API"", ""Linux"", ""FastAPI"", ""SQLAlchemy"", ""Python"", ""PostgreSQL""]","<p>В финтех направление открыта вакансия Data Engineer.</p>
    <p><strong>Задачи:</strong></p><ul><li>Создание масштабируемых сервисов с низким latency.</li>
    <li>Интеграция с платежными шлюзами и внешними API.</li><li>Написание юнит и интеграционных тестов.</li></ul>
    <p><strong>Стек:</strong> Git, REST API, Linux, FastAPI, SQLAlchemy, Python, PostgreSQL.</p>
    <p><strong>Условия:</strong> полностью белая зарплата, техника на выбор, дружная инженерная культура.</p>"
90000596,Go Backend Developer,От 3 до 6 лет,between3And6,225000,340000,RUR,remote,"[""Docker"", ""Python""]","<h3>О проекте:</h3><p>Мы разрабатываем высоконагруженную платформу автоматизации аналитики и бизнес-процессов.</p>
    <h3>Обязанности:</h3><ul><li>Разработка микросервисов на Python и фреймворке Flask.</li>
    <li>Проектирование архитектуры базы данных Redis и оптимизация сложных аналитических запросов.</li>
    <li>Контейнеризация и настройка пайплайнов деплоя с использованием Docker.</li></ul>
    <h3>Требования:</h3><ul><li>Опыт работы с технологиями: Docker, Python.</li>
    <li>Понимание принципов чистого кода, SOLID и микросервисной архитектуры.</li>
    <li>Умение работать в Agile/Scrum команде.</li></ul>
    <h3>Мы предлагаем:</h3><ul><li>Конкурентная зарплата, гибкий график, ДМС и возможность удаленной работы.</li></ul>"
90000597,Удаленно: Junior Backend Engineer (FastAPI),От 1 года до 3 лет,between1And3,,,RUR,remote,"[""Django"", ""Go"", ""PostgreSQL"", ""Python""]","<p>В финтех направление открыта вакансия Удаленно: Junior Backend Engineer (FastAPI).</p>
    <p><strong>Задачи:</strong></p><ul><li>Создание масштабируемых сервисов с низким latency.</li>
    <li>Интеграция с платежными шлюзами и внешними API.</li><li>Написание юнит и интеграционных тестов.</li></ul>
    <p><strong>Стек:</strong> Django, Go, PostgreSQL, Python.</p>
    <p><strong>Условия:</strong> полностью белая зарплата, техника на выбор, дружная инженерная культура.</p>"
90000598,Удаленно: Junior Go / Golang Developer,Нет опыта,noExperience,55000,95000,RUR,remote,"[""Git"", ""REST API"", ""Linux"", ""Microservices"", ""PostgreSQL""]","<h3>О проекте:</h3><p>Мы разрабатываем высоконагруженную платформу автоматизации аналитики и бизнес-процессов.</p>
    <h3>Обязанности:</h3><ul><li>Разработка микросервисов на Python и фреймворке Flask.</li>
    <li>Проектирование архитектуры базы данных PostgreSQL и оптимизация сложных аналитических запросов.</li>
    <li>Контейнеризация и настройка пайплайнов деплоя с использованием Docker.</li></ul>
    <h3>Требования:</h3><ul><li>Опыт работы с технологиями: Git, REST API, Linux, Microservices, PostgreSQL.</li>
    <li>Понимание принципов чистого кода, SOLID и микросервисной архитектуры.</li>
    <li>Умение работать в Agile/Scrum команде.</li></ul>
    <h3>Мы предлагаем:</h3><ul><li>Конкурентная зарплата, гибкий график, ДМС и возможность удаленной работы.</li></ul>"
90000599,IT Компания: Senior Golang Developer,От 3 до 6 лет,between3And6,340000,510000,RUR,remote,"[""REST API"", ""CI/CD"", ""Go"", ""ClickHouse"", ""PostgreSQL""]","<h3>О проекте:</h3><p>Мы разрабатываем высоконагруженную платформу автоматизации аналитики и бизнес-процессов.</p>
    <h3>Обязанности:</h3><ul><li>Разработка микросервисов на Python и фреймворке Flask.</li>
    <li>Проектирование архитектуры базы данных PostgreSQL и оптимизация сложных аналитических запросов.</li>
    <li>Контейнеризация и настройка пайплайнов деплоя с использованием Docker.</li></ul>
    <h3>Требования:</h3><ul><li>Опыт работы с технологиями: REST API, CI/CD, Go, ClickHouse, PostgreSQL.</li>
    <li>Понимание принципов чистого кода, SOLID и микросервисной архитектуры.</li>
    <li>Умение работать в Agile/Scrum команде.</li></ul>
    <h3>Мы предлагаем:</h3><ul><li>Конкурентная зарплата, гибкий график, ДМС и возможность удаленной работы.</li></ul>"
90000600,Senior DevOps / SRE Engineer,От 3 до 6 лет,between3And6,275000,420000,RUR,remote,"[""FastAPI"", ""Microservices"", ""CI/CD"", ""Go"", ""Kubernetes""]","<p>В финтех направление открыта вакансия Senior DevOps / SRE Engineer.</p>
    <p><strong>Задачи:</strong></p><ul><li>Создание масштабируемых сервисов с низким latency.</li>
    <li>Интеграция с платежными шлюзами и внешними API.</li><li>Написание юнит и интеграционных тестов.</li></ul>
    <p><strong>Стек:</strong> FastAPI, Microservices, CI/CD, Go, Kubernetes.</p>
    <p><strong>Условия:</strong> полностью белая зарплата, техника на выбор, дружная инженерная культура.</p>"
90000601,Ищем: Python Backend Engineer,От 1 года до 3 лет,between1And3,,,RUR,remote,"[""FastAPI"", ""Docker"", ""Python"", ""Kubernetes"", ""PostgreSQL""]","<p>В финтех направление открыта вакансия Ищем: Python Backend Engineer.</p>
    <p><strong>Задачи:</strong></p><ul><li>Создание масштабируемых сервисов с низким latency.</li>
    <li>Интеграция с платежными шлюзами и внешними API.</li><li>Написание юнит и интеграционных тестов.</li></ul>
    <p><strong>Стек:</strong> FastAPI, Docker, Python, Kubernetes, PostgreSQL.</p>
    <p><strong>Условия:</strong> полностью белая зарплата, техника на выбор, дружная инженерная культура.</p>"
90000602,DevOps Engineer,Нет опыта,noExperience,45000,75000,RUR,remote,"[""REST API"", ""Git"", ""Go"", ""Python"", ""Django"", ""PostgreSQL""]","<p>В финтех направление открыта вакансия DevOps Engineer.</p>
    <p><strong>Задачи:</strong></p><ul><li>Создание масштабируемых сервисов с низким latency.</li>
    <li>Интеграция с платежными шлюзами и внешними API.</li><li>Написание юнит и интеграционных тестов.</li></ul>
    <p><strong>Стек:</strong> REST API, Git, Go, Python, Django, PostgreSQL.</p>
    <p><strong>Условия:</strong> полностью белая зарплата, техника на выбор, дружная инженерная культура.</p>"
90000603,Удаленно: Junior DevOps Engineer,От 1 года до 3 лет,between1And3,,,RUR,fullDay,"[""Pytest"", ""Python"", ""Django"", ""PostgreSQL"", ""Kubernetes""]","<h3>О проекте:</h3><p>Мы разрабатываем высоконагруженную платформу автоматизации аналитики и бизнес-процессов.</p>
    <h3>Обязанности:</h3><ul><li>Разработка микросервисов на Python и фреймворке Django.</li>
    <li>Проектирование архитектуры базы данных PostgreSQL и оптимизация сложных аналитических запросов.</li>
    <li>Контейнеризация и настройка пайплайнов деплоя с использованием Docker и Kubernetes.</li></ul>
    <h3>Требования:</h3><ul><li>Опыт работы с технологиями: Pytest, Python, Django, PostgreSQL, Kubernetes.</li>
    <li>Понимание принципов чистого кода, SOLID и микросервисной архитектуры.</li>
    <li>Умение работать в Agile/Scrum команде.</li></ul>
    <h3>Мы предлагаем:</h3><ul><li>Конкурентная зарплата, гибкий график, ДМС и возможность удаленной работы.</li></ul>"
90000604,Стажер-разработчик Python,Нет опыта,noExperience,35000,65000,RUR,remote,"[""Git"", ""PostgreSQL"", ""Linux""]","<h3>О проекте:</h3><p>Мы разрабатываем высоконагруженную платформу автоматизации аналитики и бизнес-процессов.</p>
    <h3>Обязанности:</h3><ul><li>Разработка микросервисов на Python и фреймворке Flask.</li>
    <li>Проектирование архитектуры базы данных PostgreSQL и оптимизация сложных аналитических запросов.</li>
    <li>Контейнеризация и настройка пайплайнов деплоя с использованием Docker.</li></ul>
    <h3>Требования:</h3><ul><li>Опыт работы с технологиями: Git, PostgreSQL, Linux.</li>
    <li>Понимание принципов чистого кода, SOLID и микросервисной архитектуры.</li>
    <li>Умение работать в Agile/Scrum команде.</li></ul>
    <h3>Мы предлагаем:</h3><ul><li>Конкурентная зарплата, гибкий график, ДМС и возможность удаленной работы.</li></ul>"
90000605,Удаленно: Middle Data Engineer,От 3 до 6 лет,between3And6,,,RUR,remote,"[""Git"", ""FastAPI"", ""Docker"", ""Python"", ""PostgreSQL""]","<p>В финтех направление открыта вакансия Удаленно: Middle Data Engineer.</p>
    <p><strong>Задачи:</strong></p><ul><li>Создание масштабируемых сервисов с низким latency.</li>
    <li>Интеграция с платежными шлюзами и внешними API.</li><li>Написание юнит и интеграционных тестов.</li></ul>
    <p><strong>Стек:</strong> Git, FastAPI, Docker, Python, PostgreSQL.</p>
    <p><strong>Условия:</strong> полностью белая зарплата, техника на выбор, дружная инженерная культура.</p>"
90000606,Python Backend Engineer,От 1 года до 3 лет,between1And3,135000,210000,RUR,remote,"[""FastAPI"", ""Go"", ""SQLAlchemy"", ""Docker"", ""Python"", ""PostgreSQL""]","<p>В финтех направление открыта вакансия Python Backend Engineer.</p>
    <p><strong>Задачи:</strong></p><ul><li>Создание масштабируемых сервисов с низким latency.</li>
    <li>Интеграция с платежными шлюзами и внешними API.</li><li>Написание юнит и интеграционных тестов.</li></ul>
    <p><strong>Стек:</strong> FastAPI, Go, SQLAlchemy, Docker, Python, PostgreSQL.</p>
    <p><strong>Условия:</strong> полностью белая зарплата, техника на выбор, дружная инженерная культура.</p>"
90000607,Ищем: Junior QA Automation (Python),От 1 года до 3 лет,between1And3,55000,85000,RUR,remote,"[""Git"", ""Linux"", ""Python"", ""Asyncio"", ""Django"", ""PostgreSQL""]","<p>В финтех направление открыта вакансия Ищем: Junior QA Automation (Python).</p>
    <p><strong>Задачи:</strong></p><ul><li>Создание масштабируемых сервисов с низким latency.</li>
    <li>Интеграция с платежными шлюзами и внешними API.</li><li>Написание юнит и интеграционных тестов.</li></ul>
    <p><strong>Стек:</strong> Git, Linux, Python, Asyncio, Django, PostgreSQL.</p>
    <p><strong>Условия:</strong> полностью белая зарплата, техника на выбор, дружная инженерная культура.</p>"
90000608,Удаленно: Ведущий разработчик Python,Более 6 лет,moreThan6,350000,540000,RUR,fullDay,"[""Kafka"", ""FastAPI"", ""Docker""]","<p>В финтех направление открыта вакансия Удаленно: Ведущий разработчик Python.</p>
    <p><strong>Задачи:</strong></p><ul><li>Создание масштабируемых сервисов с низким latency.</li>
    <li>Интеграция с платежными шлюзами и внешними API.</li><li>Написание юнит и интеграционных тестов.</li></ul>
    <p><strong>Стек:</strong> Kafka, FastAPI, Docker.</p>
    <p><strong>Условия:</strong> полностью белая зарплата, техника на выбор, дружная инженерная культура.</p>"
90000609,Middle Go Engineer (Микросервисы),От 3 до 6 лет,between3And6,185000,285000,RUR,flexible,"[""Git"", ""SQLAlchemy"", ""Redis"", ""Asyncio""]","<p>В финтех направление открыта вакансия Middle Go Engineer (Микросервисы).</p>
    <p><strong>Задачи:</strong></p><ul><li>Создание масштабируемых сервисов с низким latency.</li>
    <li>Интеграция с платежными шлюзами и внешними API.</li><li>Написание юнит и интеграционных тестов.</li></ul>
    <p><strong>Стек:</strong> Git, SQLAlchemy, Redis, Asyncio.</p>
    <p><strong>Условия:</strong> полностью белая зарплата, техника на выбор, дружная инженерная культура.</p>"
90000610,Ищем: Fullstack Developer (Python / Vue.js),От 1 года до 3 лет,between1And3,110000,180000,RUR,fullDay,"[""Git"", ""Redis"", ""CI/CD"", ""Pytest"", ""Docker"", ""Python"", ""Asyncio""]","<p>В финтех направление открыта вакансия Ищем: Fullstack Developer (Python / Vue.js).</p>
    <p><strong>Задачи:</strong></p><ul><li>Создание масштабируемых сервисов с низким latency.</li>
    <li>Интеграция с платежными шлюзами и внешними API.</li><li>Написание юнит и интеграционных тестов.</li></ul>
    <p><strong>Стек:</strong> Git, Redis, CI/CD, Pytest, Docker, Python, Asyncio.</p>
    <p><strong>Условия:</strong> полностью белая зарплата, техника на выбор, дружная инженерная культура.</p>"
90000611,Ищем: Tech Lead (Python / FastAPI / Highload),Более 6 лет,moreThan6,405000,,RUR,remote,"[""Microservices"", ""Python"", ""RabbitMQ""]","<p>В финтех направление открыта вакансия Ищем: Tech Lead (Python / FastAPI / Highload).</p>
    <p><strong>Задачи:</strong></p><ul><li>Создание масштабируемых сервисов с низким latency.</li>
    <li>Интеграция с платежными шлюзами и внешними API.</li><li>Написание юнит и интеграционных тестов.</li></ul>
    <p><strong>Стек:</strong> Microservices, Python, RabbitMQ.</p>
    <p><strong>Условия:</strong> полностью белая зарплата, техника на выбор, дружная инженерная культура.</p>"
90000612,Инженер бэкенда,От 3 до 6 лет,between3And6,330000,510000,RUR,remote,"[""FastAPI"", ""Go"", ""Kafka"", ""PostgreSQL"", ""Kubernetes""]","<p>В финтех направление открыта вакансия Инженер бэкенда.</p>
    <p><strong>Задачи:</strong></p><ul><li>Создание масштабируемых сервисов с низким latency.</li>
    <li>Интеграция с платежными шлюзами и внешними API.</li><li>Написание юнит и интеграционных тестов.</li></ul>
    <p><strong>Стек:</strong> FastAPI, Go, Kafka, PostgreSQL, Kubernetes.</p>
    <p><strong>Условия:</strong> полностью белая зарплата, техника на выбор, дружная инженерная культура.</p>"
90000613,IT Компания: Junior QA Automation (Python),От 1 года до 3 лет,between1And3,,,RUR,remote,"[""Git"", ""REST API"", ""Linux"", ""Docker"", ""ClickHouse"", ""PostgreSQL""]","<h3>О проекте:</h3><p>Мы разрабатываем высоконагруженную платформу автоматизации аналитики и бизнес-процессов.</p>
    <h3>Обязанности:</h3><ul><li>Разработка микросервисов на Python и фреймворке Flask.</li>
    <li>Проектирование архитектуры базы данных PostgreSQL и оптимизация сложных аналитических запросов.</li>
    <li>Контейнеризация и настройка пайплайнов деплоя с использованием Docker.</li></ul>
    <h3>Требования:</h3><ul><li>Опыт работы с технологиями: Git, REST API, Linux, Docker, ClickHouse, PostgreSQL.</li>
    <li>Понимание принципов чистого кода, SOLID и микросервисной архитектуры.</li>
    <li>Умение работать в Agile/Scrum команде.</li></ul>
    <h3>Мы предлагаем:</h3><ul><li>Конкурентная зарплата, гибкий график, ДМС и возможность удаленной работы.</li></ul>"
90000614,Middle Python Developer,От 1 года до 3 лет,between1And3,135000,210000,RUR,remote,"[""Microservices"", ""SQLAlchemy"", ""Asyncio"", ""Django"", ""PostgreSQL""]","<p>В финтех направление открыта вакансия Middle Python Developer.</p>
    <p><strong>Задачи:</strong></p><ul><li>Создание масштабируемых сервисов с низким latency.</li>
    <li>Интеграция с платежными шлюзами и внешними API.</li><li>Написание юнит и интеграционных тестов.</li></ul>
    <p><strong>Стек:</strong> Microservices, SQLAlchemy, Asyncio, Django, PostgreSQL.</p>
    <p><strong>Условия:</strong> полностью белая зарплата, техника на выбор, дружная инженерная культура.</p>"
90000615,IT Компания: Middle Data Engineer,От 3 до 6 лет,between3And6,205000,,RUR,fullDay,"[""Git"", ""Go"", ""Docker"", ""Celery"", ""Asyncio""]","<p>В финтех направление открыта вакансия IT Компания: Middle Data Engineer.</p>
    <p><strong>Задачи:</strong></p><ul><li>Создание масштабируемых сервисов с низким latency.</li>
    <li>Интеграция с платежными шлюзами и внешними API.</li><li>Написание юнит и интеграционных тестов.</li></ul>
    <p><strong>Стек:</strong> Git, Go, Docker, Celery, Asyncio.</p>
    <p><strong>Условия:</strong> полностью белая зарплата, техника на выбор, дружная инженерная культура.</p>"
90000616,DevOps Engineer,Более 6 лет,moreThan6,35000,60000,RUR,remote,"[""REST API"", ""Linux"", ""Python"", ""ClickHouse"", ""PostgreSQL""]","<h3>О проекте:</h3><p>Мы разрабатываем высоконагруженную платформу автоматизации аналитики и бизнес-процессов.</p>
    <h3>Обязанности:</h3><ul><li>Разработка микросервисов на Python и фреймворке Flask.</li>
    <li>Проектирование архитектуры базы данных PostgreSQL и оптимизация сложных аналитических запросов.</li>
    <li>Контейнеризация и настройка пайплайнов деплоя с использованием Docker.</li></ul>
    <h3>Требования:</h3><ul><li>Опыт работы с технологиями: REST API, Linux, Python, ClickHouse, PostgreSQL.</li>
    <li>Понимание принципов чистого кода, SOLID и микросервисной архитектуры.</li>
    <li>Умение работать в Agile/Scrum команде.</li></ul>
    <h3>Мы предлагаем:</h3><ul><li>Конкурентная зарплата, гибкий график, ДМС и возможность удаленной работы.</li></ul>"
90000617,Ведущий разработчик Python,Более 6 лет,moreThan6,260000,405000,RUR,remote,"[""Microservices"", ""Go"", ""PostgreSQL"", ""Python""]","<h3>О проекте:</h3><p>Мы разрабатываем высоконагруженную платформу автоматизации аналитики и бизнес-процессов.</p>
    <h3>Обязанности:</h3><ul><li>Разработка микросервисов на Python и фреймворке Flask.</li>
    <li>Проектирование архитектуры базы данных PostgreSQL и оптимизация сложных аналитических запросов.</li>
    <li>Контейнеризация и настройка пайплайнов деплоя с использованием Docker.</li></ul>
    <h3>Требования:</h3><ul><li>Опыт работы с технологиями: Microservices, Go, PostgreSQL, Python.</li>
    <li>Понимание принципов чистого кода, SOLID и микросервисной архитектуры.</li>
    <li>Умение работать в Agile/Scrum команде.</li></ul>
    <h3>Мы предлагаем:</h3><ul><li>Конкурентная зарплата, гибкий график, ДМС и возможность удаленной работы.</li></ul>"
90000618,Senior Python Developer,От 3 до 6 лет,between3And6,,,RUR,remote,"[""REST API"", ""Git"", ""Go"", ""Docker""]","<p>В финтех направление открыта вакансия Senior Python Developer.</p>
    <p><strong>Задачи:</strong></p><ul><li>Создание масштабируемых сервисов с низким latency.</li>
    <li>Интеграция с платежными шлюзами и внешними API.</li><li>Написание юнит и интеграционных тестов.</li></ul>
    <p><strong>Стек:</strong> REST API, Git, Go, Docker.</p>
    <p><strong>Условия:</strong> полностью белая зарплата, техника на выбор, дружная инженерная культура.</p>"
90000619,IT Компания: Tech Lead (Python / FastAPI / Highload),Более 6 лет,moreThan6,385000,605000,RUR,fullDay,"[""Linux"", ""Microservices"", ""Docker"", ""ClickHouse"", ""PostgreSQL""]","<p>В финтех направление открыта вакансия IT Компания: Tech Lead (Python / FastAPI / Highload).</p>
    <p><strong>Задачи:</strong></p><ul><li>Создание масштабируемых сервисов с низким latency.</li>
    <li>Интеграция с платежными шлюзами и внешними API.</li><li>Написание юнит и интеграционных тестов.</li></ul>
    <p><strong>Стек:</strong> Linux, Microservices, Docker, ClickHouse, PostgreSQL.</p>
    <p><strong>Условия:</strong> полностью белая зарплата, техника на выбор, дружная инженерная культура.</p>"
90000620,Удаленно: Middle Data Engineer,От 3 до 6 лет,between3And6,,,RUR,remote,"[""Git"", ""ClickHouse"", ""Docker"", ""Python""]","<p>В финтех направление открыта вакансия Удаленно: Middle Data Engineer.</p>
    <p><strong>Задачи:</strong></p><ul><li>Создание масштабируемых сервисов с низким latency.</li>
    <li>Интеграция с платежными шлюзами и внешними API.</li><li>Написание юнит и интеграционных тестов.</li></ul>
    <p><strong>Стек:</strong> Git, ClickHouse, Docker, Python.</p>
    <p><strong>Условия:</strong> полностью белая зарплата, техника на выбор, дружная инженерная культура.</p>"
90000621,Ищем: Junior Python Developer,Нет опыта,noExperience,50000,,RUR,flexible,"[""REST API"", ""Linux"", ""Microservices"", ""Pytest"", ""Python"", ""Django"", ""PostgreSQL""]","<h3>О проекте:</h3><p>Мы разрабатываем высоконагруженную платформу автоматизации аналитики и бизнес-процессов.</p>
    <h3>Обязанности:</h3><ul><li>Разработка микросервисов на Python и фреймворке Django.</li>
    <li>Проектирование архитектуры базы данных PostgreSQL и оптимизация сложных аналитических запросов.</li>
    <li>Контейнеризация и настройка пайплайнов деплоя с использованием Docker.</li></ul>
    <h3>Требования:</h3><ul><li>Опыт работы с технологиями: REST API, Linux, Microservices, Pytest, Python, Django, PostgreSQL.</li>
    <li>Понимание принципов чистого кода, SOLID и микросервисной архитектуры.</li>
    <li>Умение работать в Agile/Scrum команде.</li></ul>
    <h3>Мы предлагаем:</h3><ul><li>Конкурентная зарплата, гибкий график, ДМС и возможность удаленной работы.</li></ul>"
90000622,Ищем: Middle Data Engineer,От 1 года до 3 лет,between1And3,190000,295000,RUR,fullDay,"[""REST API"", ""FastAPI"", ""Redis"", ""Go"", ""SQLAlchemy"", ""Asyncio""]","<h3>О проекте:</h3><p>Мы разрабатываем высоконагруженную платформу автоматизации аналитики и бизнес-процессов.</p>
    <h3>Обязанности:</h3><ul><li>Разработка микросервисов на Go и фреймворке FastAPI.</li>
    <li>Проектирование архитектуры базы данных Redis и оптимизация сложных аналитических запросов.</li>
    <li>Контейнеризация и настройка пайплайнов деплоя с использованием Docker.</li></ul>
    <h3>Требования:</h3><ul><li>Опыт работы с технологиями: REST API, FastAPI, Redis, Go, SQLAlchemy, Asyncio.</li>
    <li>Понимание принципов чистого кода, SOLID и микросервисной архитектуры.</li>
    <li>Умение работать в Agile/Scrum команде.</li></ul>
    <h3>Мы предлагаем:</h3><ul><li>Конкурентная зарплата, гибкий график, ДМС и возможность удаленной работы.</li></ul>"
90000623,Ищем: Senior Golang Developer,От 3 до 6 лет,between3And6,,,RUR,remote,"[""Linux"", ""Go"", ""Python"", ""Kafka"", ""ClickHouse""]","<h3>О проекте:</h3><p>Мы разрабатываем высоконагруженную платформу автоматизации аналитики и бизнес-процессов.</p>
    <h3>Обязанности:</h3><ul><li>Разработка микросервисов на Go и фреймворке Flask.</li>
    <li>Проектирование архитектуры базы данных Redis и оптимизация сложных аналитических запросов.</li>
    <li>Контейнеризация и настройка пайплайнов деплоя с использованием Docker.</li></ul>
    <h3>Требования:</h3><ul><li>Опыт работы с технологиями: Linux, Go, Python, Kafka, ClickHouse.</li>
    <li>Понимание принципов чистого кода, SOLID и микросервисной архитектуры.</li>
    <li>Умение работать в Agile/Scrum команде.</li></ul>
    <h3>Мы предлагаем:</h3><ul><li>Конкурентная зарплата, гибкий график, ДМС и возможность удаленной работы.</li></ul>"
90000624,Junior QA Automation (Python),От 1 года до 3 лет,between1And3,60000,95000,RUR,flexible,"[""Git"", ""FastAPI"", ""Go"", ""Linux""]","<h3>О проекте:</h3><p>Мы разрабатываем высоконагруженную платформу автоматизации аналитики и бизнес-процессов.</p>
    <h3>Обязанности:</h3><ul><li>Разработка микросервисов на Go и фреймворке FastAPI.</li>
    <li>Проектирование архитектуры базы данных Redis и оптимизация сложных аналитических запросов.</li>
    <li>Контейнеризация и настройка пайплайнов деплоя с использованием Docker.</li></ul>
    <h3>Требования:</h3><ul><li>Опыт работы с технологиями: Git, FastAPI, Go, Linux.</li>
    <li>Понимание принципов чистого кода, SOLID и микросервисной архитектуры.</li>
    <li>Умение работать в Agile/Scrum команде.</li></ul>
    <h3>Мы предлагаем:</h3><ul><li>Конкурентная зарплата, гибкий график, ДМС и возможность удаленной работы.</li></ul>"
90000625,Стажер-разработчик Python,Нет опыта,noExperience,30000,60000,RUR,remote,"[""Git"", ""Linux"", ""Kafka"", ""PostgreSQL"", ""Kubernetes""]","<h3>О проекте:</h3><p>Мы разрабатываем высоконагруженную платформу автоматизации аналитики и бизнес-процессов.</p>
    <h3>Обязанности:</h3><ul><li>Разработка микросервисов на Python и фреймворке Flask.</li>
    <li>Проектирование архитектуры базы данных PostgreSQL и оптимизация сложных аналитических запросов.</li>
    <li>Контейнеризация и настройка пайплайнов деплоя с использованием Docker и Kubernetes.</li></ul>
    <h3>Требования:</h3><ul><li>Опыт работы с технологиями: Git, Linux, Kafka, PostgreSQL, Kubernetes.</li>
    <li>Понимание принципов чистого кода, SOLID и микросервисной архитектуры.</li>
    <li>Умение работать в Agile/Scrum команде.</li></ul>
    <h3>Мы предлагаем:</h3><ul><li>Конкурентная зарплата, гибкий график, ДМС и возможность удаленной работы.</li></ul>"
90000626,"Senior Backend Architect (Go, PostgreSQL, Kafka)",Более 6 лет,moreThan6,305000,,RUR,flexible,"[""Linux"", ""FastAPI"", ""Python"", ""ClickHouse"", ""RabbitMQ""]","<h3>О проекте:</h3><p>Мы разрабатываем высоконагруженную платформу автоматизации аналитики и бизнес-процессов.</p>
    <h3>Обязанности:</h3><ul><li>Разработка микросервисов на Python и фреймворке FastAPI.</li>
    <li>Проектирование архитектуры базы данных Redis и оптимизация сложных аналитических запросов.</li>
    <li>Контейнеризация и настройка пайплайнов деплоя с использованием Docker.</li></ul>
    <h3>Требования:</h3><ul><li>Опыт работы с технологиями: Linux, FastAPI, Python, ClickHouse, RabbitMQ.</li>
    <li>Понимание принципов чистого кода, SOLID и микросервисной архитектуры.</li>
    <li>Умение работать в Agile/Scrum команде.</li></ul>
    <h3>Мы предлагаем:</h3><ul><li>Конкурентная зарплата, гибкий график, ДМС и возможность удаленной работы.</li></ul>"
90000627,Golang Developer (Middle),От 3 до 6 лет,between3And6,190000,285000,RUR,fullDay,"[""Redis"", ""SQLAlchemy"", ""Python"", ""Asyncio"", ""PostgreSQL"", ""RabbitMQ""]","<h3>О проекте:</h3><p>Мы разрабатываем высоконагруженную платформу автоматизации аналитики и бизнес-процессов.</p>
    <h3>Обязанности:</h3><ul><li>Разработка микросервисов на Python и фреймворке Flask.</li>
    <li>Проектирование архитектуры базы данных PostgreSQL и оптимизация сложных аналитических запросов.</li>
    <li>Контейнеризация и настройка пайплайнов деплоя с использованием Docker.</li></ul>
    <h3>Требования:</h3><ul><li>Опыт работы с технологиями: Redis, SQLAlchemy, Python, Asyncio, PostgreSQL, RabbitMQ.</li>
    <li>Понимание принципов чистого кода, SOLID и микросервисной архитектуры.</li>
    <li>Умение работать в Agile/Scrum команде.</li></ul>
    <h3>Мы предлагаем:</h3><ul><li>Конкурентная зарплата, гибкий график, ДМС и возможность удаленной работы.</li></ul>"
90000628,Data Engineer,От 3 до 6 лет,between3And6,,,RUR,remote,"[""FastAPI"", ""CI/CD"", ""Docker"", ""Python"", ""Asyncio"", ""PostgreSQL""]","<h3>О проекте:</h3><p>Мы разрабатываем высоконагруженную платформу автоматизации аналитики и бизнес-процессов.</p>
    <h3>Обязанности:</h3><ul><li>Разработка микросервисов на Python и фреймворке FastAPI.</li>
    <li>Проектирование архитектуры базы данных PostgreSQL и оптимизация сложных аналитических запросов.</li>
    <li>Контейнеризация и настройка пайплайнов деплоя с использованием Docker.</li></ul>
    <h3>Требования:</h3><ul><li>Опыт работы с технологиями: FastAPI, CI/CD, Docker, Python, Asyncio, PostgreSQL.</li>
    <li>Понимание принципов чистого кода, SOLID и микросервисной архитектуры.</li>
    <li>Умение работать в Agile/Scrum команде.</li></ul>
    <h3>Мы предлагаем:</h3><ul><li>Конкурентная зарплата, гибкий график, ДМС и возможность удаленной работы.</li></ul>"
90000629,"Backend Разработчик (Python, FastAPI, PostgreSQL)",От 1 года до 3 лет,between1And3,160000,260000,RUR,remote,"[""Git"", ""Linux"", ""SQLAlchemy"", ""Docker"", ""Python"", ""Django"", ""PostgreSQL""]","<h3>О проекте:</h3><p>Мы разрабатываем высоконагруженную платформу автоматизации аналитики и бизнес-процессов.</p>
    <h3>Обязанности:</h3><ul><li>Разработка микросервисов на Python и фреймворке Django.</li>
    <li>Проектирование архитектуры базы данных PostgreSQL и оптимизация сложных аналитических запросов.</li>
    <li>Контейнеризация и настройка пайплайнов деплоя с использованием Docker.</li></ul>
    <h3>Требования:</h3><ul><li>Опыт работы с технологиями: Git, Linux, SQLAlchemy, Docker, Python, Django, PostgreSQL.</li>
    <li>Понимание принципов чистого кода, SOLID и микросервисной архитектуры.</li>
    <li>Умение работать в Agile/Scrum команде.</li></ul>
    <h3>Мы предлагаем:</h3><ul><li>Конкурентная зарплата, гибкий график, ДМС и возможность удаленной работы.</li></ul>"
90000630,Младший программист Python / Django,От 1 года до 3 лет,between1And3,65000,105000,RUR,remote,"[""Linux"", ""Redis"", ""Docker"", ""Python"", ""Django"", ""PostgreSQL""]","<h3>О проекте:</h3><p>Мы разрабатываем высоконагруженную платформу автоматизации аналитики и бизнес-процессов.</p>
    <h3>Обязанности:</h3><ul><li>Разработка микросервисов на Python и фреймворке Django.</li>
    <li>Проектирование архитектуры базы данных PostgreSQL и оптимизация сложных аналитических запросов.</li>
    <li>Контейнеризация и настройка пайплайнов деплоя с использованием Docker.</li></ul>
    <h3>Требования:</h3><ul><li>Опыт работы с технологиями: Linux, Redis, Docker, Python, Django, PostgreSQL.</li>
    <li>Понимание принципов чистого кода, SOLID и микросервисной архитектуры.</li>
    <li>Умение работать в Agile/Scrum команде.</li></ul>
    <h3>Мы предлагаем:</h3><ul><li>Конкурентная зарплата, гибкий график, ДМС и возможность удаленной работы.</li></ul>"
90000631,Junior Backend Engineer (FastAPI),От 1 года до 3 лет,between1And3,70000,110000,RUR,remote,"[""Git"", ""REST API"", ""SQLAlchemy"", ""Celery"", ""Python""]","<p>В финтех направление открыта вакансия Junior Backend Engineer (FastAPI).</p>
    <p><strong>Задачи:</strong></p><ul><li>Создание масштабируемых сервисов с низким latency.</li>
    <li>Интеграция с платежными шлюзами и внешними API.</li><li>Написание юнит и интеграционных тестов.</li></ul>
    <p><strong>Стек:</strong> Git, REST API, SQLAlchemy, Celery, Python.</p>
    <p><strong>Условия:</strong> полностью белая зарплата, техника на выбор, дружная инженерная культура.</p>"
90000632,IT Компания: Стажер-разработчик Python,Нет опыта,noExperience,40000,,RUR,remote,"[""Git"", ""Linux"", ""Python"", ""Kubernetes"", ""PostgreSQL""]","<h3>О проекте:</h3><p>Мы разрабатываем высоконагруженную платформу автоматизации аналитики и бизнес-процессов.</p>
    <h3>Обязанности:</h3><ul><li>Разработка микросервисов на Python и фреймворке Flask.</li>
    <li>Проектирование архитектуры базы данных PostgreSQL и оптимизация сложных аналитических запросов.</li>
    <li>Контейнеризация и настройка пайплайнов деплоя с использованием Docker и Kubernetes.</li></ul>
    <h3>Требования:</h3><ul><li>Опыт работы с технологиями: Git, Linux, Python, Kubernetes, PostgreSQL.</li>
    <li>Понимание принципов чистого кода, SOLID и микросервисной архитектуры.</li>
    <li>Умение работать в Agile/Scrum команде.</li></ul>
    <h3>Мы предлагаем:</h3><ul><li>Конкурентная зарплата, гибкий график, ДМС и возможность удаленной работы.</li></ul>"
90000633,Senior Golang Developer,От 3 до 6 лет,between3And6,350000,525000,RUR,remote,"[""CI/CD"", ""Go"", ""Linux"", ""Python""]","<h3>О проекте:</h3><p>Мы разрабатываем высоконагруженную платформу автоматизации аналитики и бизнес-процессов.</p>
    <h3>Обязанности:</h3><ul><li>Разработка микросервисов на Python и фреймворке Flask.</li>
    <li>Проектирование архитектуры базы данных Redis и оптимизация сложных аналитических запросов.</li>
    <li>Контейнеризация и настройка пайплайнов деплоя с использованием Docker.</li></ul>
    <h3>Требования:</h3><ul><li>Опыт работы с технологиями: CI/CD, Go, Linux, Python.</li>
    <li>Понимание принципов чистого кода, SOLID и микросервисной архитектуры.</li>
    <li>Умение работать в Agile/Scrum команде.</li></ul>
    <h3>Мы предлагаем:</h3><ul><li>Конкурентная зарплата, гибкий график, ДМС и возможность удаленной работы.</li></ul>"
90000634,Удаленно: Golang Developer (Middle),От 3 до 6 лет,between3And6,160000,240000,RUR,fullDay,"[""Redis"", ""CI/CD"", ""Go"", ""SQLAlchemy"", ""Docker"", ""Asyncio"", ""Kubernetes""]","<p>В финтех направление открыта вакансия Удаленно: Golang Developer (Middle).</p>
    <p><strong>Задачи:</strong></p><ul><li>Создание масштабируемых сервисов с низким latency.</li>
    <li>Интеграция с платежными шлюзами и внешними API.</li><li>Написание юнит и интеграционных тестов.</li></ul>
    <p><strong>Стек:</strong> Redis, CI/CD, Go, SQLAlchemy, Docker, Asyncio, Kubernetes.</p>
    <p><strong>Условия:</strong> полностью белая зарплата, техника на выбор, дружная инженерная культура.</p>"
90000635,Удаленно: Lead / Senior Backend Engineer (Go / Python),Более 6 лет,moreThan6,310000,485000,RUR,remote,"[""FastAPI"", ""Go"", ""Docker"", ""Celery"", ""Kafka"", ""PostgreSQL"", ""Kubernetes""]","<p>В финтех направление открыта вакансия Удаленно: Lead / Senior Backend Engineer (Go / Python).</p>
    <p><strong>Задачи:</strong></p><ul><li>Создание масштабируемых сервисов с низким latency.</li>
    <li>Интеграция с платежными шлюзами и внешними API.</li><li>Написание юнит и интеграционных тестов.</li></ul>
    <p><strong>Стек:</strong> FastAPI, Go, Docker, Celery, Kafka, PostgreSQL, Kubernetes.</p>
    <p><strong>Условия:</strong> полностью белая зарплата, техника на выбор, дружная инженерная культура.</p>"
90000636,Инженер бэкенда,Более 6 лет,moreThan6,360000,,RUR,remote,"[""Linux"", ""Go"", ""Docker"", ""Kafka"", ""ClickHouse""]","<p>В финтех направление открыта вакансия Инженер бэкенда.</p>
    <p><strong>Задачи:</strong></p><ul><li>Создание масштабируемых сервисов с низким latency.</li>
    <li>Интеграция с платежными шлюзами и внешними API.</li><li>Написание юнит и интеграционных тестов.</li></ul>
    <p><strong>Стек:</strong> Linux, Go, Docker, Kafka, ClickHouse.</p>
    <p><strong>Условия:</strong> полностью белая зарплата, техника на выбор, дружная инженерная культура.</p>"
90000637,Middle Go Engineer (Микросервисы),От 3 до 6 лет,between3And6,,,RUR,remote,"[""Redis"", ""Go"", ""SQLAlchemy"", ""Python"", ""Asyncio"", ""Django"", ""PostgreSQL""]","<p>В финтех направление открыта вакансия Middle Go Engineer (Микросервисы).</p>
    <p><strong>Задачи:</strong></p><ul><li>Создание масштабируемых сервисов с низким latency.</li>
    <li>Интеграция с платежными шлюзами и внешними API.</li><li>Написание юнит и интеграционных тестов.</li></ul>
    <p><strong>Стек:</strong> Redis, Go, SQLAlchemy, Python, Asyncio, Django, PostgreSQL.</p>
    <p><strong>Условия:</strong> полностью белая зарплата, техника на выбор, дружная инженерная культура.</p>"
90000638,Senior Golang Developer,От 3 до 6 лет,between3And6,305000,460000,RUR,fullDay,"[""Kafka"", ""CI/CD"", ""Celery""]","<p>В финтех направление открыта вакансия Senior Golang Developer.</p>
    <p><strong>Задачи:</strong></p><ul><li>Создание масштабируемых сервисов с низким latency.</li>
    <li>Интеграция с платежными шлюзами и внешними API.</li><li>Написание юнит и интеграционных тестов.</li></ul>
    <p><strong>Стек:</strong> Kafka, CI/CD, Celery.</p>
    <p><strong>Условия:</strong> полностью белая зарплата, техника на выбор, дружная инженерная культура.</p>"
90000639,Ищем: Senior Golang Developer,От 3 до 6 лет,between3And6,310000,465000,RUR,flexible,"[""CI/CD"", ""Go"", ""Docker"", ""SQLAlchemy"", ""ClickHouse"", ""PostgreSQL""]","<p>В финтех направление открыта вакансия Ищем: Senior Golang Developer.</p>
    <p><strong>Задачи:</strong></p><ul><li>Создание масштабируемых сервисов с низким latency.</li>
    <li>Интеграция с платежными шлюзами и внешними API.</li><li>Написание юнит и интеграционных тестов.</li></ul>
    <p><strong>Стек:</strong> CI/CD, Go, Docker, SQLAlchemy, ClickHouse, PostgreSQL.</p>
    <p><strong>Условия:</strong> полностью белая зарплата, техника на выбор, дружная инженерная культура.</p>"
90000640,Удаленно: Middle Data Engineer,От 3 до 6 лет,between3And6,185000,,RUR,fullDay,"[""CI/CD"", ""SQLAlchemy"", ""Docker"", ""Python"", ""PostgreSQL""]","<h3>О проекте:</h3><p>Мы разрабатываем высоконагруженную платформу автоматизации аналитики и бизнес-процессов.</p>
    <h3>Обязанности:</h3><ul><li>Разработка микросервисов на Python и фреймворке Flask.</li>
    <li>Проектирование архитектуры базы данных PostgreSQL и оптимизация сложных аналитических запросов.</li>
    <li>Контейнеризация и настройка пайплайнов деплоя с использованием Docker.</li></ul>
    <h3>Требования:</h3><ul><li>Опыт работы с технологиями: CI/CD, SQLAlchemy, Docker, Python, PostgreSQL.</li>
    <li>Понимание принципов чистого кода, SOLID и микросервисной архитектуры.</li>
    <li>Умение работать в Agile/Scrum команде.</li></ul>
    <h3>Мы предлагаем:</h3><ul><li>Конкурентная зарплата, гибкий график, ДМС и возможность удаленной работы.</li></ul>"
90000641,IT Компания: Middle Data Engineer,От 3 до 6 лет,between3And6,180000,,RUR,fullDay,"[""REST API"", ""FastAPI"", ""Redis"", ""Go"", ""SQLAlchemy"", ""PostgreSQL""]","<h3>О проекте:</h3><p>Мы разрабатываем высоконагруженную платформу автоматизации аналитики и бизнес-процессов.</p>
    <h3>Обязанности:</h3><ul><li>Разработка микросервисов на Python и фреймворке FastAPI.</li>
    <li>Проектирование архитектуры базы данных PostgreSQL и оптимизация сложных аналитических запросов.</li>
    <li>Контейнеризация и настройка пайплайнов деплоя с использованием Docker.</li></ul>
    <h3>Требования:</h3><ul><li>Опыт работы с технологиями: REST API, FastAPI, Redis, Go, SQLAlchemy, PostgreSQL.</li>
    <li>Понимание принципов чистого кода, SOLID и микросервисной архитектуры.</li>
    <li>Умение работать в Agile/Scrum команде.</li></ul>
    <h3>Мы предлагаем:</h3><ul><li>Конкурентная зарплата, гибкий график, ДМС и возможность удаленной работы.</li></ul>"
90000642,Ищем: Младший программист Python / Django,От 1 года до 3 лет,between1And3,55000,85000,RUR,remote,"[""Asyncio"", ""Django"", ""PostgreSQL"", ""Python""]","<h3>О проекте:</h3><p>Мы разрабатываем высоконагруженную платформу автоматизации аналитики и бизнес-процессов.</p>
    <h3>Обязанности:</h3><ul><li>Разработка микросервисов на Python и фреймворке Django.</li>
    <li>Проектирование архитектуры базы данных PostgreSQL и оптимизация сложных аналитических запросов.</li>
    <li>Контейнеризация и настройка пайплайнов деплоя с использованием Docker.</li></ul>
    <h3>Требования:</h3><ul><li>Опыт работы с технологиями: Asyncio, Django, PostgreSQL, Python.</li>
    <li>Понимание принципов чистого кода, SOLID и микросервисной архитектуры.</li>
    <li>Умение работать в Agile/Scrum команде.</li></ul>
    <h3>Мы предлагаем:</h3><ul><li>Конкурентная зарплата, гибкий график, ДМС и возможность удаленной работы.</li></ul>"
90000643,Tech Lead (Python / FastAPI / Highload),Более 6 лет,moreThan6,,,RUR,remote,"[""Go"", ""Docker"", ""Kafka"", ""ClickHouse"", ""RabbitMQ"", ""Kubernetes""]","<p>В финтех направление открыта вакансия Tech Lead (Python / FastAPI / Highload).</p>
    <p><strong>Задачи:</strong></p><ul><li>Создание масштабируемых сервисов с низким latency.</li>
    <li>Интеграция с платежными шлюзами и внешними API.</li><li>Написание юнит и интеграционных тестов.</li></ul>
    <p><strong>Стек:</strong> Go, Docker, Kafka, ClickHouse, RabbitMQ, Kubernetes.</p>
    <p><strong>Условия:</strong> полностью белая зарплата, техника на выбор, дружная инженерная культура.</p>"
90000644,IT Компания: Golang Developer (Middle),От 3 до 6 лет,between3And6,170000,,RUR,remote,"[""Git"", ""Django"", ""FastAPI"", ""Python""]","<p>В финтех направление открыта вакансия IT Компания: Golang Developer (Middle).</p>
    <p><strong>Задачи:</strong></p><ul><li>Создание масштабируемых сервисов с низким latency.</li>
    <li>Интеграция с платежными шлюзами и внешними API.</li><li>Написание юнит и интеграционных тестов.</li></ul>
    <p><strong>Стек:</strong> Git, Django, FastAPI, Python.</p>
    <p><strong>Условия:</strong> полностью белая зарплата, техника на выбор, дружная инженерная культура.</p>"
90000645,IT Компания: Junior DevOps Engineer,От 1 года до 3 лет,between1And3,85000,,RUR,remote,"[""REST API"", ""Git"", ""Microservices"", ""Pytest"", ""CI/CD"", ""Python"", ""Django"", ""PostgreSQL""]","<p>В финтех направление открыта вакансия IT Компания: Junior DevOps Engineer.</p>
    <p><strong>Задачи:</strong></p><ul><li>Создание масштабируемых сервисов с низким latency.</li>
    <li>Интеграция с платежными шлюзами и внешними API.</li><li>Написание юнит и интеграционных тестов.</li></ul>
    <p><strong>Стек:</strong> REST API, Git, Microservices, Pytest, CI/CD, Python, Django, PostgreSQL.</p>
    <p><strong>Условия:</strong> полностью белая зарплата, техника на выбор, дружная инженерная культура.</p>"
90000646,Middle Python Developer,От 1 года до 3 лет,between1And3,,,RUR,remote,"[""Kubernetes"", ""Go"", ""SQLAlchemy"", ""Redis""]","<p>В финтех направление открыта вакансия Middle Python Developer.</p>
    <p><strong>Задачи:</strong></p><ul><li>Создание масштабируемых сервисов с низким latency.</li>
    <li>Интеграция с платежными шлюзами и внешними API.</li><li>Написание юнит и интеграционных тестов.</li></ul>
    <p><strong>Стек:</strong> Kubernetes, Go, SQLAlchemy, Redis.</p>
    <p><strong>Условия:</strong> полностью белая зарплата, техника на выбор, дружная инженерная культура.</p>"
90000647,Middle Data Engineer,От 3 до 6 лет,between3And6,185000,285000,RUR,remote,"[""Asyncio"", ""Go"", ""Docker"", ""ClickHouse""]","<p>В финтех направление открыта вакансия Middle Data Engineer.</p>
    <p><strong>Задачи:</strong></p><ul><li>Создание масштабируемых сервисов с низким latency.</li>
    <li>Интеграция с платежными шлюзами и внешними API.</li><li>Написание юнит и интеграционных тестов.</li></ul>
    <p><strong>Стек:</strong> Asyncio, Go, Docker, ClickHouse.</p>
    <p><strong>Условия:</strong> полностью белая зарплата, техника на выбор, дружная инженерная культура.</p>"
90000648,Backend Engineer,От 3 до 6 лет,between3And6,190000,290000,RUR,fullDay,"[""Celery"", ""FastAPI"", ""PostgreSQL"", ""Redis""]","<p>В финтех направление открыта вакансия Backend Engineer.</p>
    <p><strong>Задачи:</strong></p><ul><li>Создание масштабируемых сервисов с низким latency.</li>
    <li>Интеграция с платежными шлюзами и внешними API.</li><li>Написание юнит и интеграционных тестов.</li></ul>
    <p><strong>Стек:</strong> Celery, FastAPI, PostgreSQL, Redis.</p>
    <p><strong>Условия:</strong> полностью белая зарплата, техника на выбор, дружная инженерная культура.</p>"
90000649,Разработчик Python,Более 6 лет,moreThan6,,,RUR,remote,"[""Linux"", ""CI/CD"", ""Docker"", ""Asyncio"", ""Kafka""]","<p>В финтех направление открыта вакансия Разработчик Python.</p>
    <p><strong>Задачи:</strong></p><ul><li>Создание масштабируемых сервисов с низким latency.</li>
    <li>Интеграция с платежными шлюзами и внешними API.</li><li>Написание юнит и интеграционных тестов.</li></ul>
    <p><strong>Стек:</strong> Linux, CI/CD, Docker, Asyncio, Kafka.</p>
    <p><strong>Условия:</strong> полностью белая зарплата, техника на выбор, дружная инженерная культура.</p>"
90000650,Ищем: Ведущий разработчик Python,Более 6 лет,moreThan6,340000,530000,RUR,remote,"[""Kubernetes"", ""CI/CD"", ""Go"", ""RabbitMQ""]","<p>В финтех направление открыта вакансия Ищем: Ведущий разработчик Python.</p>
    <p><strong>Задачи:</strong></p><ul><li>Создание масштабируемых сервисов с низким latency.</li>
    <li>Интеграция с платежными шлюзами и внешними API.</li><li>Написание юнит и интеграционных тестов.</li></ul>
    <p><strong>Стек:</strong> Kubernetes, CI/CD, Go, RabbitMQ.</p>
    <p><strong>Условия:</strong> полностью белая зарплата, техника на выбор, дружная инженерная культура.</p>"
90000651,"IT Компания: Backend Разработчик (Python, FastAPI, PostgreSQL)",От 1 года до 3 лет,between1And3,160000,260000,RUR,remote,"[""Microservices"", ""SQLAlchemy"", ""Docker"", ""Asyncio"", ""PostgreSQL""]","<p>В финтех направление открыта вакансия IT Компания: Backend Разработчик (Python, FastAPI, PostgreSQL).</p>
    <p><strong>Задачи:</strong></p><ul><li>Создание масштабируемых сервисов с низким latency.</li>
    <li>Интеграция с платежными шлюзами и внешними API.</li><li>Написание юнит и интеграционных тестов.</li></ul>
    <p><strong>Стек:</strong> Microservices, SQLAlchemy, Docker, Asyncio, PostgreSQL.</p>
    <p><strong>Условия:</strong> полностью белая зарплата, техника на выбор, дружная инженерная культура.</p>"
90000652,Junior Backend Engineer (FastAPI),От 1 года до 3 лет,between1And3,80000,130000,RUR,remote,"[""Git"", ""REST API"", ""Redis"", ""Microservices"", ""Python"", ""Django"", ""PostgreSQL""]","<p>В финтех направление открыта вакансия Junior Backend Engineer (FastAPI).</p>
    <p><strong>Задачи:</strong></p><ul><li>Создание масштабируемых сервисов с низким latency.</li>
    <li>Интеграция с платежными шлюзами и внешними API.</li><li>Написание юнит и интеграционных тестов.</li></ul>
    <p><strong>Стек:</strong> Git, REST API, Redis, Microservices, Python, Django, PostgreSQL.</p>
    <p><strong>Условия:</strong> полностью белая зарплата, техника на выбор, дружная инженерная культура.</p>"
90000653,Удаленно: Junior Backend Engineer (FastAPI),От 1 года до 3 лет,between1And3,,,RUR,remote,"[""REST API"", ""Linux"", ""Redis"", ""Docker"", ""Python"", ""PostgreSQL""]","<h3>О проекте:</h3><p>Мы разрабатываем высоконагруженную платформу автоматизации аналитики и бизнес-процессов.</p>
    <h3>Обязанности:</h3><ul><li>Разработка микросервисов на Python и фреймворке Flask.</li>
    <li>Проектирование архитектуры базы данных PostgreSQL и оптимизация сложных аналитических запросов.</li>
    <li>Контейнеризация и настройка пайплайнов деплоя с использованием Docker.</li></ul>
    <h3>Требования:</h3><ul><li>Опыт работы с технологиями: REST API, Linux, Redis, Docker, Python, PostgreSQL.</li>
    <li>Понимание принципов чистого кода, SOLID и микросервисной архитектуры.</li>
    <li>Умение работать в Agile/Scrum команде.</li></ul>
    <h3>Мы предлагаем:</h3><ul><li>Конкурентная зарплата, гибкий график, ДМС и возможность удаленной работы.</li></ul>"
90000654,Ищем: Lead / Senior Backend Engineer (Go / Python),Нет опыта,noExperience,,530000,RUR,fullDay,"[""Microservices"", ""CI/CD"", ""Docker"", ""Kafka"", ""PostgreSQL""]","<h3>О проекте:</h3><p>Мы разрабатываем высоконагруженную платформу автоматизации аналитики и бизнес-процессов.</p>
    <h3>Обязанности:</h3><ul><li>Разработка микросервисов на Python и фреймворке Flask.</li>
    <li>Проектирование архитектуры базы данных PostgreSQL и оптимизация сложных аналитических запросов.</li>
    <li>Контейнеризация и настройка пайплайнов деплоя с использованием Docker.</li></ul>
    <h3>Требования:</h3><ul><li>Опыт работы с технологиями: Microservices, CI/CD, Docker, Kafka, PostgreSQL.</li>
    <li>Понимание принципов чистого кода, SOLID и микросервисной архитектуры.</li>
    <li>Умение работать в Agile/Scrum команде.</li></ul>
    <h3>Мы предлагаем:</h3><ul><li>Конкурентная зарплата, гибкий график, ДМС и возможность удаленной работы.</li></ul>"
90000655,Ведущий разработчик Python,Более 6 лет,moreThan6,,,RUR,fullDay,"[""Kubernetes"", ""Go"", ""FastAPI"", ""Django""]","<p>В финтех направление открыта вакансия Ведущий разработчик Python.</p>
    <p><strong>Задачи:</strong></p><ul><li>Создание масштабируемых сервисов с низким latency.</li>
    <li>Интеграция с платежными шлюзами и внешними API.</li><li>Написание юнит и интеграционных тестов.</li></ul>
    <p><strong>Стек:</strong> Kubernetes, Go, FastAPI, Django.</p>
    <p><strong>Условия:</strong> полностью белая зарплата, техника на выбор, дружная инженерная культура.</p>"
90000656,IT Компания: Middle Python Developer,От 1 года до 3 лет,between1And3,155000,245000,RUR,remote,"[""Redis"", ""Docker"", ""Python"", ""Asyncio"", ""Kubernetes""]","<h3>О проекте:</h3><p>Мы разрабатываем высоконагруженную платформу автоматизации аналитики и бизнес-процессов.</p>
    <h3>Обязанности:</h3><ul><li>Разработка микросервисов на Python и фреймворке Flask.</li>
    <li>Проектирование архитектуры базы данных Redis и оптимизация сложных аналитических запросов.</li>
    <li>Контейнеризация и настройка пайплайнов деплоя с использованием Docker и Kubernetes.</li></ul>
    <h3>Требования:</h3><ul><li>Опыт работы с технологиями: Redis, Docker, Python, Asyncio, Kubernetes.</li>
    <li>Понимание принципов чистого кода, SOLID и микросервисной архитектуры.</li>
    <li>Умение работать в Agile/Scrum команде.</li></ul>
    <h3>Мы предлагаем:</h3><ul><li>Конкурентная зарплата, гибкий график, ДМС и возможность удаленной работы.</li></ul>"
90000657,IT Компания: Senior Golang Developer,От 3 до 6 лет,between3And6,,,RUR,remote,"[""Microservices"", ""FastAPI"", ""Docker""]","<h3>О проекте:</h3><p>Мы разрабатываем высоконагруженную платформу автоматизации аналитики и бизнес-процессов.</p>
    <h3>Обязанности:</h3><ul><li>Разработка микросервисов на Python и фреймворке FastAPI.</li>
    <li>Проектирование архитектуры базы данных Redis и оптимизация сложных аналитических запросов.</li>
    <li>Контейнеризация и настройка пайплайнов деплоя с использованием Docker.</li></ul>
    <h3>Требования:</h3><ul><li>Опыт работы с технологиями: Microservices, FastAPI, Docker.</li>
    <li>Понимание принципов чистого кода, SOLID и микросервисной архитектуры.</li>
    <li>Умение работать в Agile/Scrum команде.</li></ul>
    <h3>Мы предлагаем:</h3><ul><li>Конкурентная зарплата, гибкий график, ДМС и возможность удаленной работы.</li></ul>"
90000658,Data Engineer,Нет опыта,noExperience,40000,75000,RUR,fullDay,"[""REST API"", ""Git"", ""Linux"", ""Django"", ""Kafka""]","<p>В финтех направление открыта вакансия Data Engineer.</p>
    <p><strong>Задачи:</strong></p><ul><li>Создание масштабируемых сервисов с низким latency.</li>
    <li>Интеграция с платежными шлюзами и внешними API.</li><li>Написание юнит и интеграционных тестов.</li></ul>
    <p><strong>Стек:</strong> REST API, Git, Linux, Django, Kafka.</p>
    <p><strong>Условия:</strong> полностью белая зарплата, техника на выбор, дружная инженерная культура.</p>"
90000659,IT Компания: Middle Go Engineer (Микросервисы),От 3 до 6 лет,between3And6,175000,270000,RUR,fullDay,"[""Redis"", ""CI/CD"", ""Go"", ""SQLAlchemy"", ""Docker"", ""Python""]","<h3>О проекте:</h3><p>Мы разрабатываем высоконагруженную платформу автоматизации аналитики и бизнес-процессов.</p>
    <h3>Обязанности:</h3><ul><li>Разработка микросервисов на Go и фреймворке Flask.</li>
    <li>Проектирование архитектуры базы данных Redis и оптимизация сложных аналитических запросов.</li>
    <li>Контейнеризация и настройка пайплайнов деплоя с использованием Docker.</li></ul>
    <h3>Требования:</h3><ul><li>Опыт работы с технологиями: Redis, CI/CD, Go, SQLAlchemy, Docker, Python.</li>
    <li>Понимание принципов чистого кода, SOLID и микросервисной архитектуры.</li>
    <li>Умение работать в Agile/Scrum команде.</li></ul>
    <h3>Мы предлагаем:</h3><ul><li>Конкурентная зарплата, гибкий график, ДМС и возможность удаленной работы.</li></ul>"
90000660,IT Компания: Middle Data Engineer,От 3 до 6 лет,between3And6,195000,300000,RUR,remote,"[""Go"", ""SQLAlchemy"", ""Docker"", ""Celery"", ""Asyncio""]","<p>В финтех направление открыта вакансия IT Компания: Middle Data Engineer.</p>
    <p><strong>Задачи:</strong></p><ul><li>Создание масштабируемых сервисов с низким latency.</li>
    <li>Интеграция с платежными шлюзами и внешними API.</li><li>Написание юнит и интеграционных тестов.</li></ul>
    <p><strong>Стек:</strong> Go, SQLAlchemy, Docker, Celery, Asyncio.</p>
    <p><strong>Условия:</strong> полностью белая зарплата, техника на выбор, дружная инженерная культура.</p>"
90000661,Удаленно: Senior DevOps / SRE Engineer,От 3 до 6 лет,between3And6,265000,,RUR,remote,"[""Linux"", ""Microservices"", ""Docker"", ""Python"", ""Kubernetes"", ""ClickHouse""]","<h3>О проекте:</h3><p>Мы разрабатываем высоконагруженную платформу автоматизации аналитики и бизнес-процессов.</p>
    <h3>Обязанности:</h3><ul><li>Разработка микросервисов на Python и фреймворке Flask.</li>
    <li>Проектирование архитектуры базы данных Redis и оптимизация сложных аналитических запросов.</li>
    <li>Контейнеризация и настройка пайплайнов деплоя с использованием Docker и Kubernetes.</li></ul>
    <h3>Требования:</h3><ul><li>Опыт работы с технологиями: Linux, Microservices, Docker, Python, Kubernetes, ClickHouse.</li>
    <li>Понимание принципов чистого кода, SOLID и микросервисной архитектуры.</li>
    <li>Умение работать в Agile/Scrum команде.</li></ul>
    <h3>Мы предлагаем:</h3><ul><li>Конкурентная зарплата, гибкий график, ДМС и возможность удаленной работы.</li></ul>"
90000662,Lead / Senior Backend Engineer (Go / Python),Более 6 лет,moreThan6,350000,,RUR,remote,"[""Django"", ""Go"", ""Celery"", ""Asyncio"", ""Kafka""]","<h3>О проекте:</h3><p>Мы разрабатываем высоконагруженную платформу автоматизации аналитики и бизнес-процессов.</p>
    <h3>Обязанности:</h3><ul><li>Разработка микросервисов на Python и фреймворке Django.</li>
    <li>Проектирование архитектуры базы данных Redis и оптимизация сложных аналитических запросов.</li>
    <li>Контейнеризация и настройка пайплайнов деплоя с использованием Docker.</li></ul>
    <h3>Требования:</h3><ul><li>Опыт работы с технологиями: Django, Go, Celery, Asyncio, Kafka.</li>
    <li>Понимание принципов чистого кода, SOLID и микросервисной архитектуры.</li>
    <li>Умение работать в Agile/Scrum команде.</li></ul>
    <h3>Мы предлагаем:</h3><ul><li>Конкурентная зарплата, гибкий график, ДМС и возможность удаленной работы.</li></ul>"
90000663,Senior Python Developer,От 3 до 6 лет,between3And6,,,RUR,remote,"[""FastAPI"", ""Linux"", ""Docker"", ""Kubernetes"", ""RabbitMQ""]","<h3>О проекте:</h3><p>Мы разрабатываем высоконагруженную платформу автоматизации аналитики и бизнес-процессов.</p>
    <h3>Обязанности:</h3><ul><li>Разработка микросервисов на Python и фреймворке FastAPI.</li>
    <li>Проектирование архитектуры базы данных Redis и оптимизация сложных аналитических запросов.</li>
    <li>Контейнеризация и настройка пайплайнов деплоя с использованием Docker и Kubernetes.</li></ul>
    <h3>Требования:</h3><ul><li>Опыт работы с технологиями: FastAPI, Linux, Docker, Kubernetes, RabbitMQ.</li>
    <li>Понимание принципов чистого кода, SOLID и микросервисной архитектуры.</li>
    <li>Умение работать в Agile/Scrum команде.</li></ul>
    <h3>Мы предлагаем:</h3><ul><li>Конкурентная зарплата, гибкий график, ДМС и возможность удаленной работы.</li></ul>"
90000664,Junior Python Developer,Нет опыта,noExperience,,90000,RUR,remote,"[""Git"", ""SQLAlchemy"", ""Python"", ""Django"", ""PostgreSQL""]","<p>В финтех направление открыта вакансия Junior Python Developer.</p>
    <p><strong>Задачи:</strong></p><ul><li>Создание масштабируемых сервисов с низким latency.</li>
    <li>Интеграция с платежными шлюзами и внешними API.</li><li>Написание юнит и интеграционных тестов.</li></ul>
    <p><strong>Стек:</strong> Git, SQLAlchemy, Python, Django, PostgreSQL.</p>
    <p><strong>Условия:</strong> полностью белая зарплата, техника на выбор, дружная инженерная культура.</p>"
90000665,Удаленно: Младший программист Python / Django,Более 6 лет,moreThan6,,,RUR,fullDay,"[""REST API"", ""Kafka"", ""Django"", ""Linux""]","<p>В финтех направление открыта вакансия Удаленно: Младший программист Python / Django.</p>
    <p><strong>Задачи:</strong></p><ul><li>Создание масштабируемых сервисов с низким latency.</li>
    <li>Интеграция с платежными шлюзами и внешними API.</li><li>Написание юнит и интеграционных тестов.</li></ul>
    <p><strong>Стек:</strong> REST API, Kafka, Django, Linux.</p>
    <p><strong>Условия:</strong> полностью белая зарплата, техника на выбор, дружная инженерная культура.</p>"
90000666,"Ищем: Middle DevOps Engineer (Docker, K8s)",От 3 до 6 лет,between3And6,160000,245000,RUR,remote,"[""REST API"", ""Redis"", ""Docker"", ""Asyncio"", ""Kafka""]","<h3>О проекте:</h3><p>Мы разрабатываем высоконагруженную платформу автоматизации аналитики и бизнес-процессов.</p>
    <h3>Обязанности:</h3><ul><li>Разработка микросервисов на Python и фреймворке Flask.</li>
    <li>Проектирование архитектуры базы данных Redis и оптимизация сложных аналитических запросов.</li>
    <li>Контейнеризация и настройка пайплайнов деплоя с использованием Docker.</li></ul>
    <h3>Требования:</h3><ul><li>Опыт работы с технологиями: REST API, Redis, Docker, Asyncio, Kafka.</li>
    <li>Понимание принципов чистого кода, SOLID и микросервисной архитектуры.</li>
    <li>Умение работать в Agile/Scrum команде.</li></ul>
    <h3>Мы предлагаем:</h3><ul><li>Конкурентная зарплата, гибкий график, ДМС и возможность удаленной работы.</li></ul>"
90000667,Fullstack Developer (Python / Vue.js),От 1 года до 3 лет,between1And3,150000,240000,RUR,fullDay,"[""Git"", ""Go"", ""SQLAlchemy"", ""Docker"", ""Kafka"", ""PostgreSQL""]","<h3>О проекте:</h3><p>Мы разрабатываем высоконагруженную платформу автоматизации аналитики и бизнес-процессов.</p>
    <h3>Обязанности:</h3><ul><li>Разработка микросервисов на Python и фреймворке Flask.</li>
    <li>Проектирование архитектуры базы данных PostgreSQL и оптимизация сложных аналитических запросов.</li>
    <li>Контейнеризация и настройка пайплайнов деплоя с использованием Docker.</li></ul>
    <h3>Требования:</h3><ul><li>Опыт работы с технологиями: Git, Go, SQLAlchemy, Docker, Kafka, PostgreSQL.</li>
    <li>Понимание принципов чистого кода, SOLID и микросервисной архитектуры.</li>
    <li>Умение работать в Agile/Scrum команде.</li></ul>
    <h3>Мы предлагаем:</h3><ul><li>Конкурентная зарплата, гибкий график, ДМС и возможность удаленной работы.</li></ul>"
90000668,Ищем: Junior Backend Engineer (FastAPI),От 1 года до 3 лет,between1And3,65000,,RUR,fullDay,"[""Linux"", ""Django"", ""Python"", ""Kafka"", ""PostgreSQL""]","<h3>О проекте:</h3><p>Мы разрабатываем высоконагруженную платформу автоматизации аналитики и бизнес-процессов.</p>
    <h3>Обязанности:</h3><ul><li>Разработка микросервисов на Python и фреймворке Django.</li>
    <li>Проектирование архитектуры базы данных PostgreSQL и оптимизация сложных аналитических запросов.</li>
    <li>Контейнеризация и настройка пайплайнов деплоя с использованием Docker.</li></ul>
    <h3>Требования:</h3><ul><li>Опыт работы с технологиями: Linux, Django, Python, Kafka, PostgreSQL.</li>
    <li>Понимание принципов чистого кода, SOLID и микросервисной архитектуры.</li>
    <li>Умение работать в Agile/Scrum команде.</li></ul>
    <h3>Мы предлагаем:</h3><ul><li>Конкурентная зарплата, гибкий график, ДМС и возможность удаленной работы.</li></ul>"
90000669,Удаленно: Стажер-разработчик Python,Нет опыта,noExperience,35000,65000,RUR,remote,"[""Git"", ""REST API"", ""Microservices"", ""Celery"", ""Django"", ""PostgreSQL""]","<h3>О проекте:</h3><p>Мы разрабатываем высоконагруженную платформу автоматизации аналитики и бизнес-процессов.</p>
    <h3>Обязанности:</h3><ul><li>Разработка микросервисов на Python и фреймворке Django.</li>
    <li>Проектирование архитектуры базы данных PostgreSQL и оптимизация сложных аналитических запросов.</li>
    <li>Контейнеризация и настройка пайплайнов деплоя с использованием Docker.</li></ul>
    <h3>Требования:</h3><ul><li>Опыт работы с технологиями: Git, REST API, Microservices, Celery, Django, PostgreSQL.</li>
    <li>Понимание принципов чистого кода, SOLID и микросервисной архитектуры.</li>
    <li>Умение работать в Agile/Scrum команде.</li></ul>
    <h3>Мы предлагаем:</h3><ul><li>Конкурентная зарплата, гибкий график, ДМС и возможность удаленной работы.</li></ul>"
90000670,IT Компания: Junior Backend Engineer (FastAPI),От 1 года до 3 лет,between1And3,60000,100000,RUR,remote,"[""Microservices"", ""Django"", ""Linux""]","<p>В финтех направление открыта вакансия IT Компания: Junior Backend Engineer (FastAPI).</p>
    <p><strong>Задачи:</strong></p><ul><li>Создание масштабируемых сервисов с низким latency.</li>
    <li>Интеграция с платежными шлюзами и внешними API.</li><li>Написание юнит и интеграционных тестов.</li></ul>
    <p><strong>Стек:</strong> Microservices, Django, Linux.</p>
    <p><strong>Условия:</strong> полностью белая зарплата, техника на выбор, дружная инженерная культура.</p>"
90000671,Ищем: Младший программист Python / Django,Нет опыта,noExperience,55000,90000,RUR,remote,"[""Git"", ""Redis"", ""Microservices"", ""Asyncio"", ""Django"", ""PostgreSQL""]","<p>В финтех направление открыта вакансия Ищем: Младший программист Python / Django.</p>
    <p><strong>Задачи:</strong></p><ul><li>Создание масштабируемых сервисов с низким latency.</li>
    <li>Интеграция с платежными шлюзами и внешними API.</li><li>Написание юнит и интеграционных тестов.</li></ul>
    <p><strong>Стек:</strong> Git, Redis, Microservices, Asyncio, Django, PostgreSQL.</p>
    <p><strong>Условия:</strong> полностью белая зарплата, техника на выбор, дружная инженерная культура.</p>"
90000672,Python Backend Engineer,От 1 года до 3 лет,between1And3,190000,,RUR,remote,"[""Asyncio"", ""Docker"", ""Redis""]","<p>В финтех направление открыта вакансия Python Backend Engineer.</p>
    <p><strong>Задачи:</strong></p><ul><li>Создание масштабируемых сервисов с низким latency.</li>
    <li>Интеграция с платежными шлюзами и внешними API.</li><li>Написание юнит и интеграционных тестов.</li></ul>
    <p><strong>Стек:</strong> Asyncio, Docker, Redis.</p>
    <p><strong>Условия:</strong> полностью белая зарплата, техника на выбор, дружная инженерная культура.</p>"
90000673,Junior Go / Golang Developer,Нет опыта,noExperience,,105000,RUR,remote,"[""REST API"", ""PostgreSQL"", ""Asyncio""]","<h3>О проекте:</h3><p>Мы разрабатываем высоконагруженную платформу автоматизации аналитики и бизнес-процессов.</p>
    <h3>Обязанности:</h3><ul><li>Разработка микросервисов на Python и фреймворке Flask.</li>
    <li>Проектирование архитектуры базы данных PostgreSQL и оптимизация сложных аналитических запросов.</li>
    <li>Контейнеризация и настройка пайплайнов деплоя с использованием Docker.</li></ul>
    <h3>Требования:</h3><ul><li>Опыт работы с технологиями: REST API, PostgreSQL, Asyncio.</li>
    <li>Понимание принципов чистого кода, SOLID и микросервисной архитектуры.</li>
    <li>Умение работать в Agile/Scrum команде.</li></ul>
    <h3>Мы предлагаем:</h3><ul><li>Конкурентная зарплата, гибкий график, ДМС и возможность удаленной работы.</li></ul>"
90000674,Удаленно: Junior DevOps Engineer,От 1 года до 3 лет,between1And3,75000,130000,RUR,flexible,"[""REST API"", ""Git"", ""Linux""]","<p>В финтех направление открыта вакансия Удаленно: Junior DevOps Engineer.</p>
    <p><strong>Задачи:</strong></p><ul><li>Создание масштабируемых сервисов с низким latency.</li>
    <li>Интеграция с платежными шлюзами и внешними API.</li><li>Написание юнит и интеграционных тестов.</li></ul>
    <p><strong>Стек:</strong> REST API, Git, Linux.</p>
    <p><strong>Условия:</strong> полностью белая зарплата, техника на выбор, дружная инженерная культура.</p>"
90000675,Удаленно: Trainee / Junior Data Engineer,Нет опыта,noExperience,60000,90000,RUR,fullDay,"[""Git"", ""Linux"", ""Pytest"", ""Python"", ""Django"", ""PostgreSQL""]","<h3>О проекте:</h3><p>Мы разрабатываем высоконагруженную платформу автоматизации аналитики и бизнес-процессов.</p>
    <h3>Обязанности:</h3><ul><li>Разработка микросервисов на Python и фреймворке Django.</li>
    <li>Проектирование архитектуры базы данных PostgreSQL и оптимизация сложных аналитических запросов.</li>
    <li>Контейнеризация и настройка пайплайнов деплоя с использованием Docker.</li></ul>
    <h3>Требования:</h3><ul><li>Опыт работы с технологиями: Git, Linux, Pytest, Python, Django, PostgreSQL.</li>
    <li>Понимание принципов чистого кода, SOLID и микросервисной архитектуры.</li>
    <li>Умение работать в Agile/Scrum команде.</li></ul>
    <h3>Мы предлагаем:</h3><ul><li>Конкурентная зарплата, гибкий график, ДМС и возможность удаленной работы.</li></ul>"
90000676,Младший программист Python / Django,Нет опыта,noExperience,50000,80000,RUR,fullDay,"[""REST API"", ""Git"", ""Pytest"", ""SQLAlchemy"", ""Python"", ""PostgreSQL""]","<p>В финтех направление открыта вакансия Младший программист Python / Django.</p>
    <p><strong>Задачи:</strong></p><ul><li>Создание масштабируемых сервисов с низким latency.</li>
    <li>Интеграция с платежными шлюзами и внешними API.</li><li>Написание юнит и интеграционных тестов.</li></ul>
    <p><strong>Стек:</strong> REST API, Git, Pytest, SQLAlchemy, Python, PostgreSQL.</p>
    <p><strong>Условия:</strong> полностью белая зарплата, техника на выбор, дружная инженерная культура.</p>"
90000677,Удаленно: Middle Data Engineer,От 3 до 6 лет,between3And6,,,RUR,fullDay,"[""Git"", ""CI/CD"", ""Celery"", ""Asyncio"", ""PostgreSQL""]","<p>В финтех направление открыта вакансия Удаленно: Middle Data Engineer.</p>
    <p><strong>Задачи:</strong></p><ul><li>Создание масштабируемых сервисов с низким latency.</li>
    <li>Интеграция с платежными шлюзами и внешними API.</li><li>Написание юнит и интеграционных тестов.</li></ul>
    <p><strong>Стек:</strong> Git, CI/CD, Celery, Asyncio, PostgreSQL.</p>
    <p><strong>Условия:</strong> полностью белая зарплата, техника на выбор, дружная инженерная культура.</p>"
90000678,Удаленно: Ведущий разработчик Python,Более 6 лет,moreThan6,285000,,RUR,remote,"[""Git"", ""CI/CD"", ""Asyncio"", ""Kafka"", ""ClickHouse"", ""PostgreSQL""]","<h3>О проекте:</h3><p>Мы разрабатываем высоконагруженную платформу автоматизации аналитики и бизнес-процессов.</p>
    <h3>Обязанности:</h3><ul><li>Разработка микросервисов на Python и фреймворке Flask.</li>
    <li>Проектирование архитектуры базы данных PostgreSQL и оптимизация сложных аналитических запросов.</li>
    <li>Контейнеризация и настройка пайплайнов деплоя с использованием Docker.</li></ul>
    <h3>Требования:</h3><ul><li>Опыт работы с технологиями: Git, CI/CD, Asyncio, Kafka, ClickHouse, PostgreSQL.</li>
    <li>Понимание принципов чистого кода, SOLID и микросервисной архитектуры.</li>
    <li>Умение работать в Agile/Scrum команде.</li></ul>
    <h3>Мы предлагаем:</h3><ul><li>Конкурентная зарплата, гибкий график, ДМС и возможность удаленной работы.</li></ul>"
90000679,IT Компания: Junior DevOps Engineer,От 1 года до 3 лет,between1And3,65000,110000,RUR,remote,"[""Git"", ""Linux"", ""Redis"", ""Python"", ""PostgreSQL""]","<p>В финтех направление открыта вакансия IT Компания: Junior DevOps Engineer.</p>
    <p><strong>Задачи:</strong></p><ul><li>Создание масштабируемых сервисов с низким latency.</li>
    <li>Интеграция с платежными шлюзами и внешними API.</li><li>Написание юнит и интеграционных тестов.</li></ul>
    <p><strong>Стек:</strong> Git, Linux, Redis, Python, PostgreSQL.</p>
    <p><strong>Условия:</strong> полностью белая зарплата, техника на выбор, дружная инженерная культура.</p>"
90000680,Senior Data Engineer / Architect,Более 6 лет,moreThan6,365000,585000,RUR,remote,"[""Kubernetes"", ""Pytest"", ""Python""]","<h3>О проекте:</h3><p>Мы разрабатываем высоконагруженную платформу автоматизации аналитики и бизнес-процессов.</p>
    <h3>Обязанности:</h3><ul><li>Разработка микросервисов на Python и фреймворке Flask.</li>
    <li>Проектирование архитектуры базы данных Redis и оптимизация сложных аналитических запросов.</li>
    <li>Контейнеризация и настройка пайплайнов деплоя с использованием Docker и Kubernetes.</li></ul>
    <h3>Требования:</h3><ul><li>Опыт работы с технологиями: Kubernetes, Pytest, Python.</li>
    <li>Понимание принципов чистого кода, SOLID и микросервисной архитектуры.</li>
    <li>Умение работать в Agile/Scrum команде.</li></ul>
    <h3>Мы предлагаем:</h3><ul><li>Конкурентная зарплата, гибкий график, ДМС и возможность удаленной работы.</li></ul>"
90000681,Ведущий разработчик Python,Более 6 лет,moreThan6,340000,,RUR,fullDay,"[""Pytest"", ""CI/CD"", ""Go"", ""Docker"", ""Python"", ""Django"", ""PostgreSQL""]","<p>В финтех направление открыта вакансия Ведущий разработчик Python.</p>
    <p><strong>Задачи:</strong></p><ul><li>Создание масштабируемых сервисов с низким latency.</li>
    <li>Интеграция с платежными шлюзами и внешними API.</li><li>Написание юнит и интеграционных тестов.</li></ul>
    <p><strong>Стек:</strong> Pytest, CI/CD, Go, Docker, Python, Django, PostgreSQL.</p>
    <p><strong>Условия:</strong> полностью белая зарплата, техника на выбор, дружная инженерная культура.</p>"
90000682,Ведущий разработчик Python,Более 6 лет,moreThan6,305000,475000,RUR,fullDay,"[""FastAPI"", ""Redis"", ""Go"", ""Docker"", ""PostgreSQL""]","<h3>О проекте:</h3><p>Мы разрабатываем высоконагруженную платформу автоматизации аналитики и бизнес-процессов.</p>
    <h3>Обязанности:</h3><ul><li>Разработка микросервисов на Python и фреймворке FastAPI.</li>
    <li>Проектирование архитектуры базы данных PostgreSQL и оптимизация сложных аналитических запросов.</li>
    <li>Контейнеризация и настройка пайплайнов деплоя с использованием Docker.</li></ul>
    <h3>Требования:</h3><ul><li>Опыт работы с технологиями: FastAPI, Redis, Go, Docker, PostgreSQL.</li>
    <li>Понимание принципов чистого кода, SOLID и микросервисной архитектуры.</li>
    <li>Умение работать в Agile/Scrum команде.</li></ul>
    <h3>Мы предлагаем:</h3><ul><li>Конкурентная зарплата, гибкий график, ДМС и возможность удаленной работы.</li></ul>"
90000683,Ищем: Middle Python Developer,От 1 года до 3 лет,between1And3,,,RUR,fullDay,"[""Git"", ""FastAPI"", ""Redis"", ""Python"", ""ClickHouse"", ""PostgreSQL""]","<p>В финтех направление открыта вакансия Ищем: Middle Python Developer.</p>
    <p><strong>Задачи:</strong></p><ul><li>Создание масштабируемых сервисов с низким latency.</li>
    <li>Интеграция с платежными шлюзами и внешними API.</li><li>Написание юнит и интеграционных тестов.</li></ul>
    <p><strong>Стек:</strong> Git, FastAPI, Redis, Python, ClickHouse, PostgreSQL.</p>
    <p><strong>Условия:</strong> полностью белая зарплата, техника на выбор, дружная инженерная культура.</p>"
90000684,Junior Go / Golang Developer,Нет опыта,noExperience,,,RUR,remote,"[""Git"", ""FastAPI"", ""Python"", ""Kubernetes"", ""PostgreSQL""]","<p>В финтех направление открыта вакансия Junior Go / Golang Developer.</p>
    <p><strong>Задачи:</strong></p><ul><li>Создание масштабируемых сервисов с низким latency.</li>
    <li>Интеграция с платежными шлюзами и внешними API.</li><li>Написание юнит и интеграционных тестов.</li></ul>
    <p><strong>Стек:</strong> Git, FastAPI, Python, Kubernetes, PostgreSQL.</p>
    <p><strong>Условия:</strong> полностью белая зарплата, техника на выбор, дружная инженерная культура.</p>"
90000685,Senior DevOps / SRE Engineer,От 3 до 6 лет,between3And6,280000,430000,RUR,fullDay,"[""Kafka"", ""PostgreSQL"", ""Linux"", ""Docker""]","<p>В финтех направление открыта вакансия Senior DevOps / SRE Engineer.</p>
    <p><strong>Задачи:</strong></p><ul><li>Создание масштабируемых сервисов с низким latency.</li>
    <li>Интеграция с платежными шлюзами и внешними API.</li><li>Написание юнит и интеграционных тестов.</li></ul>
    <p><strong>Стек:</strong> Kafka, PostgreSQL, Linux, Docker.</p>
    <p><strong>Условия:</strong> полностью белая зарплата, техника на выбор, дружная инженерная культура.</p>"
90000686,IT Компания: Ведущий разработчик Python,Более 6 лет,moreThan6,285000,445000,RUR,fullDay,"[""Kafka"", ""ClickHouse"", ""Celery""]","<h3>О проекте:</h3><p>Мы разрабатываем высоконагруженную платформу автоматизации аналитики и бизнес-процессов.</p>
    <h3>Обязанности:</h3><ul><li>Разработка микросервисов на Python и фреймворке Flask.</li>
    <li>Проектирование архитектуры базы данных Redis и оптимизация сложных аналитических запросов.</li>
    <li>Контейнеризация и настройка пайплайнов деплоя с использованием Docker.</li></ul>
    <h3>Требования:</h3><ul><li>Опыт работы с технологиями: Kafka, ClickHouse, Celery.</li>
    <li>Понимание принципов чистого кода, SOLID и микросервисной архитектуры.</li>
    <li>Умение работать в Agile/Scrum команде.</li></ul>
    <h3>Мы предлагаем:</h3><ul><li>Конкурентная зарплата, гибкий график, ДМС и возможность удаленной работы.</li></ul>"
90000687,IT Компания: Ведущий разработчик Python,Более 6 лет,moreThan6,270000,415000,RUR,fullDay,"[""CI/CD"", ""PostgreSQL"", ""Linux""]","<p>В финтех направление открыта вакансия IT Компания: Ведущий разработчик Python.</p>
    <p><strong>Задачи:</strong></p><ul><li>Создание масштабируемых сервисов с низким latency.</li>
    <li>Интеграция с платежными шлюзами и внешними API.</li><li>Написание юнит и интеграционных тестов.</li></ul>
    <p><strong>Стек:</strong> CI/CD, PostgreSQL, Linux.</p>
    <p><strong>Условия:</strong> полностью белая зарплата, техника на выбор, дружная инженерная культура.</p>"
90000688,Стажер-разработчик Python,Нет опыта,noExperience,40000,70000,RUR,fullDay,"[""REST API"", ""Python"", ""Django"", ""PostgreSQL"", ""RabbitMQ""]","<p>В финтех направление открыта вакансия Стажер-разработчик Python.</p>
    <p><strong>Задачи:</strong></p><ul><li>Создание масштабируемых сервисов с низким latency.</li>
    <li>Интеграция с платежными шлюзами и внешними API.</li><li>Написание юнит и интеграционных тестов.</li></ul>
    <p><strong>Стек:</strong> REST API, Python, Django, PostgreSQL, RabbitMQ.</p>
    <p><strong>Условия:</strong> полностью белая зарплата, техника на выбор, дружная инженерная культура.</p>"
90000689,Удаленно: Golang Developer (Middle),От 3 до 6 лет,between3And6,175000,260000,RUR,remote,"[""REST API"", ""FastAPI"", ""Go"", ""Docker"", ""Asyncio"", ""Django"", ""PostgreSQL""]","<p>В финтех направление открыта вакансия Удаленно: Golang Developer (Middle).</p>
    <p><strong>Задачи:</strong></p><ul><li>Создание масштабируемых сервисов с низким latency.</li>
    <li>Интеграция с платежными шлюзами и внешними API.</li><li>Написание юнит и интеграционных тестов.</li></ul>
    <p><strong>Стек:</strong> REST API, FastAPI, Go, Docker, Asyncio, Django, PostgreSQL.</p>
    <p><strong>Условия:</strong> полностью белая зарплата, техника на выбор, дружная инженерная культура.</p>"
90000690,Стажер-разработчик Python,Нет опыта,noExperience,40000,70000,RUR,remote,"[""REST API"", ""Git"", ""Linux"", ""Microservices"", ""Docker"", ""PostgreSQL""]","<h3>О проекте:</h3><p>Мы разрабатываем высоконагруженную платформу автоматизации аналитики и бизнес-процессов.</p>
    <h3>Обязанности:</h3><ul><li>Разработка микросервисов на Python и фреймворке Flask.</li>
    <li>Проектирование архитектуры базы данных PostgreSQL и оптимизация сложных аналитических запросов.</li>
    <li>Контейнеризация и настройка пайплайнов деплоя с использованием Docker.</li></ul>
    <h3>Требования:</h3><ul><li>Опыт работы с технологиями: REST API, Git, Linux, Microservices, Docker, PostgreSQL.</li>
    <li>Понимание принципов чистого кода, SOLID и микросервисной архитектуры.</li>
    <li>Умение работать в Agile/Scrum команде.</li></ul>
    <h3>Мы предлагаем:</h3><ul><li>Конкурентная зарплата, гибкий график, ДМС и возможность удаленной работы.</li></ul>"
90000691,Удаленно: Senior DevOps / SRE Engineer,Нет опыта,noExperience,320000,495000,RUR,remote,"[""Git"", ""FastAPI"", ""PostgreSQL"", ""Docker""]","<h3>О проекте:</h3><p>Мы разрабатываем высоконагруженную платформу автоматизации аналитики и бизнес-процессов.</p>
    <h3>Обязанности:</h3><ul><li>Разработка микросервисов на Python и фреймворке FastAPI.</li>
    <li>Проектирование архитектуры базы данных PostgreSQL и оптимизация сложных аналитических запросов.</li>
    <li>Контейнеризация и настройка пайплайнов деплоя с использованием Docker.</li></ul>
    <h3>Требования:</h3><ul><li>Опыт работы с технологиями: Git, FastAPI, PostgreSQL, Docker.</li>
    <li>Понимание принципов чистого кода, SOLID и микросервисной архитектуры.</li>
    <li>Умение работать в Agile/Scrum команде.</li></ul>
    <h3>Мы предлагаем:</h3><ul><li>Конкурентная зарплата, гибкий график, ДМС и возможность удаленной работы.</li></ul>"
90000692,Инженер бэкенда,От 1 года до 3 лет,between1And3,80000,,RUR,remote,"[""REST API"", ""Git"", ""Linux"", ""Django"", ""PostgreSQL"", ""Kubernetes""]","<p>В финтех направление открыта вакансия Инженер бэкенда.</p>
    <p><strong>Задачи:</strong></p><ul><li>Создание масштабируемых сервисов с низким latency.</li>
    <li>Интеграция с платежными шлюзами и внешними API.</li><li>Написание юнит и интеграционных тестов.</li></ul>
    <p><strong>Стек:</strong> REST API, Git, Linux, Django, PostgreSQL, Kubernetes.</p>
    <p><strong>Условия:</strong> полностью белая зарплата, техника на выбор, дружная инженерная культура.</p>"
90000693,Удаленно: Младший программист Python / Django,От 1 года до 3 лет,between1And3,70000,110000,RUR,remote,"[""Linux"", ""Python"", ""Kubernetes"", ""ClickHouse"", ""PostgreSQL""]","<h3>О проекте:</h3><p>Мы разрабатываем высоконагруженную платформу автоматизации аналитики и бизнес-процессов.</p>
    <h3>Обязанности:</h3><ul><li>Разработка микросервисов на Python и фреймворке Flask.</li>
    <li>Проектирование архитектуры базы данных PostgreSQL и оптимизация сложных аналитических запросов.</li>
    <li>Контейнеризация и настройка пайплайнов деплоя с использованием Docker и Kubernetes.</li></ul>
    <h3>Требования:</h3><ul><li>Опыт работы с технологиями: Linux, Python, Kubernetes, ClickHouse, PostgreSQL.</li>
    <li>Понимание принципов чистого кода, SOLID и микросервисной архитектуры.</li>
    <li>Умение работать в Agile/Scrum команде.</li></ul>
    <h3>Мы предлагаем:</h3><ul><li>Конкурентная зарплата, гибкий график, ДМС и возможность удаленной работы.</li></ul>"
90000694,Удаленно: Junior QA Automation (Python),От 1 года до 3 лет,between1And3,,,RUR,fullDay,"[""Git"", ""Django"", ""REST API""]","<h3>О проекте:</h3><p>Мы разрабатываем высоконагруженную платформу автоматизации аналитики и бизнес-процессов.</p>
    <h3>Обязанности:</h3><ul><li>Разработка микросервисов на Python и фреймворке Django.</li>
    <li>Проектирование архитектуры базы данных Redis и оптимизация сложных аналитических запросов.</li>
    <li>Контейнеризация и настройка пайплайнов деплоя с использованием Docker.</li></ul>
    <h3>Требования:</h3><ul><li>Опыт работы с технологиями: Git, Django, REST API.</li>
    <li>Понимание принципов чистого кода, SOLID и микросервисной архитектуры.</li>
    <li>Умение работать в Agile/Scrum команде.</li></ul>
    <h3>Мы предлагаем:</h3><ul><li>Конкурентная зарплата, гибкий график, ДМС и возможность удаленной работы.</li></ul>"
90000695,Стажер-разработчик Python,Более 6 лет,moreThan6,40000,70000,RUR,fullDay,"[""Git"", ""REST API"", ""Linux"", ""Microservices"", ""CI/CD"", ""Django"", ""PostgreSQL""]","<h3>О проекте:</h3><p>Мы разрабатываем высоконагруженную платформу автоматизации аналитики и бизнес-процессов.</p>
    <h3>Обязанности:</h3><ul><li>Разработка микросервисов на Python и фреймворке Django.</li>
    <li>Проектирование архитектуры базы данных PostgreSQL и оптимизация сложных аналитических запросов.</li>
    <li>Контейнеризация и настройка пайплайнов деплоя с использованием Docker.</li></ul>
    <h3>Требования:</h3><ul><li>Опыт работы с технологиями: Git, REST API, Linux, Microservices, CI/CD, Django, PostgreSQL.</li>
    <li>Понимание принципов чистого кода, SOLID и микросервисной архитектуры.</li>
    <li>Умение работать в Agile/Scrum команде.</li></ul>
    <h3>Мы предлагаем:</h3><ul><li>Конкурентная зарплата, гибкий график, ДМС и возможность удаленной работы.</li></ul>"
90000696,Middle Data Engineer,От 3 до 6 лет,between3And6,155000,,RUR,remote,"[""Redis"", ""Go"", ""SQLAlchemy"", ""Docker"", ""Python"", ""Asyncio"", ""Kafka""]","<h3>О проекте:</h3><p>Мы разрабатываем высоконагруженную платформу автоматизации аналитики и бизнес-процессов.</p>
    <h3>Обязанности:</h3><ul><li>Разработка микросервисов на Go и фреймворке Flask.</li>
    <li>Проектирование архитектуры базы данных Redis и оптимизация сложных аналитических запросов.</li>
    <li>Контейнеризация и настройка пайплайнов деплоя с использованием Docker.</li></ul>
    <h3>Требования:</h3><ul><li>Опыт работы с технологиями: Redis, Go, SQLAlchemy, Docker, Python, Asyncio, Kafka.</li>
    <li>Понимание принципов чистого кода, SOLID и микросервисной архитектуры.</li>
    <li>Умение работать в Agile/Scrum команде.</li></ul>
    <h3>Мы предлагаем:</h3><ul><li>Конкурентная зарплата, гибкий график, ДМС и возможность удаленной работы.</li></ul>"
90000697,IT Компания: Tech Lead (Python / FastAPI / Highload),Более 6 лет,moreThan6,415000,650000,RUR,remote,"[""FastAPI"", ""Linux"", ""Redis"", ""CI/CD"", ""Go"", ""Python"", ""ClickHouse""]","<p>В финтех направление открыта вакансия IT Компания: Tech Lead (Python / FastAPI / Highload).</p>
    <p><strong>Задачи:</strong></p><ul><li>Создание масштабируемых сервисов с низким latency.</li>
    <li>Интеграция с платежными шлюзами и внешними API.</li><li>Написание юнит и интеграционных тестов.</li></ul>
    <p><strong>Стек:</strong> FastAPI, Linux, Redis, CI/CD, Go, Python, ClickHouse.</p>
    <p><strong>Условия:</strong> полностью белая зарплата, техника на выбор, дружная инженерная культура.</p>"
90000698,"Middle DevOps Engineer (Docker, K8s)",Более 6 лет,moreThan6,155000,240000,RUR,remote,"[""Git"", ""FastAPI"", ""Python"", ""PostgreSQL"", ""RabbitMQ""]","<p>В финтех направление открыта вакансия Middle DevOps Engineer (Docker, K8s).</p>
    <p><strong>Задачи:</strong></p><ul><li>Создание масштабируемых сервисов с низким latency.</li>
    <li>Интеграция с платежными шлюзами и внешними API.</li><li>Написание юнит и интеграционных тестов.</li></ul>
    <p><strong>Стек:</strong> Git, FastAPI, Python, PostgreSQL, RabbitMQ.</p>
    <p><strong>Условия:</strong> полностью белая зарплата, техника на выбор, дружная инженерная культура.</p>"
90000699,Удаленно: Golang Developer (Middle),От 3 до 6 лет,between3And6,155000,230000,RUR,remote,"[""CI/CD"", ""SQLAlchemy"", ""Docker"", ""Asyncio"", ""PostgreSQL""]","<h3>О проекте:</h3><p>Мы разрабатываем высоконагруженную платформу автоматизации аналитики и бизнес-процессов.</p>
    <h3>Обязанности:</h3><ul><li>Разработка микросервисов на Python и фреймворке Flask.</li>
    <li>Проектирование архитектуры базы данных PostgreSQL и оптимизация сложных аналитических запросов.</li>
    <li>Контейнеризация и настройка пайплайнов деплоя с использованием Docker.</li></ul>
    <h3>Требования:</h3><ul><li>Опыт работы с технологиями: CI/CD, SQLAlchemy, Docker, Asyncio, PostgreSQL.</li>
    <li>Понимание принципов чистого кода, SOLID и микросервисной архитектуры.</li>
    <li>Умение работать в Agile/Scrum команде.</li></ul>
    <h3>Мы предлагаем:</h3><ul><li>Конкурентная зарплата, гибкий график, ДМС и возможность удаленной работы.</li></ul>"
90000700,"Ищем: Senior Backend Architect (Go, PostgreSQL, Kafka)",От 3 до 6 лет,between3And6,315000,470000,RUR,fullDay,"[""Kubernetes"", ""SQLAlchemy"", ""Docker"", ""Python""]","<h3>О проекте:</h3><p>Мы разрабатываем высоконагруженную платформу автоматизации аналитики и бизнес-процессов.</p>
    <h3>Обязанности:</h3><ul><li>Разработка микросервисов на Python и фреймворке Flask.</li>
    <li>Проектирование архитектуры базы данных Redis и оптимизация сложных аналитических запросов.</li>
    <li>Контейнеризация и настройка пайплайнов деплоя с использованием Docker и Kubernetes.</li></ul>
    <h3>Требования:</h3><ul><li>Опыт работы с технологиями: Kubernetes, SQLAlchemy, Docker, Python.</li>
    <li>Понимание принципов чистого кода, SOLID и микросервисной архитектуры.</li>
    <li>Умение работать в Agile/Scrum команде.</li></ul>
    <h3>Мы предлагаем:</h3><ul><li>Конкурентная зарплата, гибкий график, ДМС и возможность удаленной работы.</li></ul>"
90000701,"Удаленно: Senior Backend Architect (Go, PostgreSQL, Kafka)",Более 6 лет,moreThan6,,,RUR,flexible,"[""Linux"", ""Microservices"", ""Docker"", ""Celery"", ""Kubernetes"", ""ClickHouse""]","<h3>О проекте:</h3><p>Мы разрабатываем высоконагруженную платформу автоматизации аналитики и бизнес-процессов.</p>
    <h3>Обязанности:</h3><ul><li>Разработка микросервисов на Python и фреймворке Flask.</li>
    <li>Проектирование архитектуры базы данных Redis и оптимизация сложных аналитических запросов.</li>
    <li>Контейнеризация и настройка пайплайнов деплоя с использованием Docker и Kubernetes.</li></ul>
    <h3>Требования:</h3><ul><li>Опыт работы с технологиями: Linux, Microservices, Docker, Celery, Kubernetes, ClickHouse.</li>
    <li>Понимание принципов чистого кода, SOLID и микросервисной архитектуры.</li>
    <li>Умение работать в Agile/Scrum команде.</li></ul>
    <h3>Мы предлагаем:</h3><ul><li>Конкурентная зарплата, гибкий график, ДМС и возможность удаленной работы.</li></ul>"
90000702,Ищем: Middle Data Engineer,От 3 до 6 лет,between3And6,195000,295000,RUR,fullDay,"[""Git"", ""Go"", ""Docker"", ""Python"", ""PostgreSQL""]","<h3>О проекте:</h3><p>Мы разрабатываем высоконагруженную платформу автоматизации аналитики и бизнес-процессов.</p>
    <h3>Обязанности:</h3><ul><li>Разработка микросервисов на Go и фреймворке Flask.</li>
    <li>Проектирование архитектуры базы данных PostgreSQL и оптимизация сложных аналитических запросов.</li>
    <li>Контейнеризация и настройка пайплайнов деплоя с использованием Docker.</li></ul>
    <h3>Требования:</h3><ul><li>Опыт работы с технологиями: Git, Go, Docker, Python, PostgreSQL.</li>
    <li>Понимание принципов чистого кода, SOLID и микросервисной архитектуры.</li>
    <li>Умение работать в Agile/Scrum команде.</li></ul>
    <h3>Мы предлагаем:</h3><ul><li>Конкурентная зарплата, гибкий график, ДМС и возможность удаленной работы.</li></ul>"
90000703,Удаленно: Middle Python Developer,От 1 года до 3 лет,between1And3,120000,195000,RUR,remote,"[""Git"", ""Redis"", ""SQLAlchemy"", ""Celery"", ""Asyncio""]","<p>В финтех направление открыта вакансия Удаленно: Middle Python Developer.</p>
    <p><strong>Задачи:</strong></p><ul><li>Создание масштабируемых сервисов с низким latency.</li>
    <li>Интеграция с платежными шлюзами и внешними API.</li><li>Написание юнит и интеграционных тестов.</li></ul>
    <p><strong>Стек:</strong> Git, Redis, SQLAlchemy, Celery, Asyncio.</p>
    <p><strong>Условия:</strong> полностью белая зарплата, техника на выбор, дружная инженерная культура.</p>"
90000704,Lead / Senior Backend Engineer (Go / Python),Более 6 лет,moreThan6,290000,455000,RUR,remote,"[""Go"", ""Docker"", ""Celery"", ""Python"", ""Asyncio"", ""Kafka"", ""Kubernetes""]","<p>В финтех направление открыта вакансия Lead / Senior Backend Engineer (Go / Python).</p>
    <p><strong>Задачи:</strong></p><ul><li>Создание масштабируемых сервисов с низким latency.</li>
    <li>Интеграция с платежными шлюзами и внешними API.</li><li>Написание юнит и интеграционных тестов.</li></ul>
    <p><strong>Стек:</strong> Go, Docker, Celery, Python, Asyncio, Kafka, Kubernetes.</p>
    <p><strong>Условия:</strong> полностью белая зарплата, техника на выбор, дружная инженерная культура.</p>"
90000705,"Удаленно: Backend Разработчик (Python, FastAPI, PostgreSQL)",От 1 года до 3 лет,between1And3,135000,215000,RUR,fullDay,"[""Git"", ""SQLAlchemy""]","<h3>О проекте:</h3><p>Мы разрабатываем высоконагруженную платформу автоматизации аналитики и бизнес-процессов.</p>
    <h3>Обязанности:</h3><ul><li>Разработка микросервисов на Python и фреймворке Flask.</li>
    <li>Проектирование архитектуры базы данных Redis и оптимизация сложных аналитических запросов.</li>
    <li>Контейнеризация и настройка пайплайнов деплоя с использованием Docker.</li></ul>
    <h3>Требования:</h3><ul><li>Опыт работы с технологиями: Git, SQLAlchemy.</li>
    <li>Понимание принципов чистого кода, SOLID и микросервисной архитектуры.</li>
    <li>Умение работать в Agile/Scrum команде.</li></ul>
    <h3>Мы предлагаем:</h3><ul><li>Конкурентная зарплата, гибкий график, ДМС и возможность удаленной работы.</li></ul>"
90000706,Ищем: Fullstack Developer (Python / Vue.js),От 1 года до 3 лет,between1And3,120000,,RUR,remote,"[""FastAPI"", ""Redis"", ""Go"", ""Docker"", ""Asyncio"", ""Django"", ""PostgreSQL""]","<p>В финтех направление открыта вакансия Ищем: Fullstack Developer (Python / Vue.js).</p>
    <p><strong>Задачи:</strong></p><ul><li>Создание масштабируемых сервисов с низким latency.</li>
    <li>Интеграция с платежными шлюзами и внешними API.</li><li>Написание юнит и интеграционных тестов.</li></ul>
    <p><strong>Стек:</strong> FastAPI, Redis, Go, Docker, Asyncio, Django, PostgreSQL.</p>
    <p><strong>Условия:</strong> полностью белая зарплата, техника на выбор, дружная инженерная культура.</p>"
90000707,Ищем: Senior Python Developer,От 3 до 6 лет,between3And6,310000,480000,RUR,remote,"[""Git"", ""CI/CD"", ""Docker"", ""Python"", ""Kafka"", ""PostgreSQL"", ""Kubernetes""]","<p>В финтех направление открыта вакансия Ищем: Senior Python Developer.</p>
    <p><strong>Задачи:</strong></p><ul><li>Создание масштабируемых сервисов с низким latency.</li>
    <li>Интеграция с платежными шлюзами и внешними API.</li><li>Написание юнит и интеграционных тестов.</li></ul>
    <p><strong>Стек:</strong> Git, CI/CD, Docker, Python, Kafka, PostgreSQL, Kubernetes.</p>
    <p><strong>Условия:</strong> полностью белая зарплата, техника на выбор, дружная инженерная культура.</p>"
90000708,IT Компания: Senior Golang Developer,От 3 до 6 лет,between3And6,325000,,RUR,fullDay,"[""REST API"", ""FastAPI"", ""Docker"", ""Python"", ""Asyncio"", ""Kubernetes"", ""PostgreSQL""]","<h3>О проекте:</h3><p>Мы разрабатываем высоконагруженную платформу автоматизации аналитики и бизнес-процессов.</p>
    <h3>Обязанности:</h3><ul><li>Разработка микросервисов на Python и фреймворке FastAPI.</li>
    <li>Проектирование архитектуры базы данных PostgreSQL и оптимизация сложных аналитических запросов.</li>
    <li>Контейнеризация и настройка пайплайнов деплоя с использованием Docker и Kubernetes.</li></ul>
    <h3>Требования:</h3><ul><li>Опыт работы с технологиями: REST API, FastAPI, Docker, Python, Asyncio, Kubernetes, PostgreSQL.</li>
    <li>Понимание принципов чистого кода, SOLID и микросервисной архитектуры.</li>
    <li>Умение работать в Agile/Scrum команде.</li></ul>
    <h3>Мы предлагаем:</h3><ul><li>Конкурентная зарплата, гибкий график, ДМС и возможность удаленной работы.</li></ul>"
90000709,"Ищем: Senior Backend Architect (Go, PostgreSQL, Kafka)",Более 6 лет,moreThan6,415000,620000,RUR,remote,"[""Microservices"", ""Kafka"", ""Kubernetes"", ""PostgreSQL""]","<h3>О проекте:</h3><p>Мы разрабатываем высоконагруженную платформу автоматизации аналитики и бизнес-процессов.</p>
    <h3>Обязанности:</h3><ul><li>Разработка микросервисов на Python и фреймворке Flask.</li>
    <li>Проектирование архитектуры базы данных PostgreSQL и оптимизация сложных аналитических запросов.</li>
    <li>Контейнеризация и настройка пайплайнов деплоя с использованием Docker и Kubernetes.</li></ul>
    <h3>Требования:</h3><ul><li>Опыт работы с технологиями: Microservices, Kafka, Kubernetes, PostgreSQL.</li>
    <li>Понимание принципов чистого кода, SOLID и микросервисной архитектуры.</li>
    <li>Умение работать в Agile/Scrum команде.</li></ul>
    <h3>Мы предлагаем:</h3><ul><li>Конкурентная зарплата, гибкий график, ДМС и возможность удаленной работы.</li></ul>"
90000710,Junior Python Developer,Нет опыта,noExperience,50000,90000,RUR,remote,"[""Git"", ""Linux"", ""Python"", ""Django"", ""PostgreSQL""]","<h3>О проекте:</h3><p>Мы разрабатываем высоконагруженную платформу автоматизации аналитики и бизнес-процессов.</p>
    <h3>Обязанности:</h3><ul><li>Разработка микросервисов на Python и фреймворке Django.</li>
    <li>Проектирование архитектуры базы данных PostgreSQL и оптимизация сложных аналитических запросов.</li>
    <li>Контейнеризация и настройка пайплайнов деплоя с использованием Docker.</li></ul>
    <h3>Требования:</h3><ul><li>Опыт работы с технологиями: Git, Linux, Python, Django, PostgreSQL.</li>
    <li>Понимание принципов чистого кода, SOLID и микросервисной архитектуры.</li>
    <li>Умение работать в Agile/Scrum команде.</li></ul>
    <h3>Мы предлагаем:</h3><ul><li>Конкурентная зарплата, гибкий график, ДМС и возможность удаленной работы.</li></ul>"
90000711,IT Компания: Senior DevOps / SRE Engineer,От 3 до 6 лет,between3And6,245000,375000,RUR,fullDay,"[""Linux"", ""Microservices"", ""Go"", ""SQLAlchemy"", ""Kafka""]","<h3>О проекте:</h3><p>Мы разрабатываем высоконагруженную платформу автоматизации аналитики и бизнес-процессов.</p>
    <h3>Обязанности:</h3><ul><li>Разработка микросервисов на Go и фреймворке Flask.</li>
    <li>Проектирование архитектуры базы данных Redis и оптимизация сложных аналитических запросов.</li>
    <li>Контейнеризация и настройка пайплайнов деплоя с использованием Docker.</li></ul>
    <h3>Требования:</h3><ul><li>Опыт работы с технологиями: Linux, Microservices, Go, SQLAlchemy, Kafka.</li>
    <li>Понимание принципов чистого кода, SOLID и микросервисной архитектуры.</li>
    <li>Умение работать в Agile/Scrum команде.</li></ul>
    <h3>Мы предлагаем:</h3><ul><li>Конкурентная зарплата, гибкий график, ДМС и возможность удаленной работы.</li></ul>"
90000712,IT Компания: Middle Data Engineer,От 3 до 6 лет,between3And6,170000,,RUR,remote,"[""Django"", ""PostgreSQL"", ""Redis"", ""Docker""]","<h3>О проекте:</h3><p>Мы разрабатываем высоконагруженную платформу автоматизации аналитики и бизнес-процессов.</p>
    <h3>Обязанности:</h3><ul><li>Разработка микросервисов на Python и фреймворке Django.</li>
    <li>Проектирование архитектуры базы данных PostgreSQL и оптимизация сложных аналитических запросов.</li>
    <li>Контейнеризация и настройка пайплайнов деплоя с использованием Docker.</li></ul>
    <h3>Требования:</h3><ul><li>Опыт работы с технологиями: Django, PostgreSQL, Redis, Docker.</li>
    <li>Понимание принципов чистого кода, SOLID и микросервисной архитектуры.</li>
    <li>Умение работать в Agile/Scrum команде.</li></ul>
    <h3>Мы предлагаем:</h3><ul><li>Конкурентная зарплата, гибкий график, ДМС и возможность удаленной работы.</li></ul>"
90000713,Middle Go Engineer (Микросервисы),От 3 до 6 лет,between3And6,195000,295000,RUR,fullDay,"[""Redis"", ""Pytest"", ""SQLAlchemy"", ""Docker"", ""Asyncio"", ""ClickHouse""]","<h3>О проекте:</h3><p>Мы разрабатываем высоконагруженную платформу автоматизации аналитики и бизнес-процессов.</p>
    <h3>Обязанности:</h3><ul><li>Разработка микросервисов на Python и фреймворке Flask.</li>
    <li>Проектирование архитектуры базы данных Redis и оптимизация сложных аналитических запросов.</li>
    <li>Контейнеризация и настройка пайплайнов деплоя с использованием Docker.</li></ul>
    <h3>Требования:</h3><ul><li>Опыт работы с технологиями: Redis, Pytest, SQLAlchemy, Docker, Asyncio, ClickHouse.</li>
    <li>Понимание принципов чистого кода, SOLID и микросервисной архитектуры.</li>
    <li>Умение работать в Agile/Scrum команде.</li></ul>
    <h3>Мы предлагаем:</h3><ul><li>Конкурентная зарплата, гибкий график, ДМС и возможность удаленной работы.</li></ul>"
90000714,Младший программист Python / Django,От 3 до 6 лет,between3And6,65000,105000,RUR,fullDay,"[""REST API"", ""Linux"", ""Pytest"", ""Python"", ""Django"", ""PostgreSQL""]","<p>В финтех направление открыта вакансия Младший программист Python / Django.</p>
    <p><strong>Задачи:</strong></p><ul><li>Создание масштабируемых сервисов с низким latency.</li>
    <li>Интеграция с платежными шлюзами и внешними API.</li><li>Написание юнит и интеграционных тестов.</li></ul>
    <p><strong>Стек:</strong> REST API, Linux, Pytest, Python, Django, PostgreSQL.</p>
    <p><strong>Условия:</strong> полностью белая зарплата, техника на выбор, дружная инженерная культура.</p>"
90000715,Удаленно: Fullstack Developer (Python / Vue.js),От 1 года до 3 лет,between1And3,115000,,RUR,remote,"[""FastAPI"", ""Redis"", ""Microservices"", ""Pytest"", ""Go"", ""SQLAlchemy"", ""Django"", ""PostgreSQL""]","<p>В финтех направление открыта вакансия Удаленно: Fullstack Developer (Python / Vue.js).</p>
    <p><strong>Задачи:</strong></p><ul><li>Создание масштабируемых сервисов с низким latency.</li>
    <li>Интеграция с платежными шлюзами и внешними API.</li><li>Написание юнит и интеграционных тестов.</li></ul>
    <p><strong>Стек:</strong> FastAPI, Redis, Microservices, Pytest, Go, SQLAlchemy, Django, PostgreSQL.</p>
    <p><strong>Условия:</strong> полностью белая зарплата, техника на выбор, дружная инженерная культура.</p>"
90000716,Senior Data Engineer / Architect,Более 6 лет,moreThan6,,480000,RUR,remote,"[""REST API"", ""FastAPI"", ""Linux"", ""Go"", ""Docker"", ""Asyncio""]","<h3>О проекте:</h3><p>Мы разрабатываем высоконагруженную платформу автоматизации аналитики и бизнес-процессов.</p>
    <h3>Обязанности:</h3><ul><li>Разработка микросервисов на Go и фреймворке FastAPI.</li>
    <li>Проектирование архитектуры базы данных Redis и оптимизация сложных аналитических запросов.</li>
    <li>Контейнеризация и настройка пайплайнов деплоя с использованием Docker.</li></ul>
    <h3>Требования:</h3><ul><li>Опыт работы с технологиями: REST API, FastAPI, Linux, Go, Docker, Asyncio.</li>
    <li>Понимание принципов чистого кода, SOLID и микросервисной архитектуры.</li>
    <li>Умение работать в Agile/Scrum команде.</li></ul>
    <h3>Мы предлагаем:</h3><ul><li>Конкурентная зарплата, гибкий график, ДМС и возможность удаленной работы.</li></ul>"
90000717,"Ищем: Senior Backend Architect (Go, PostgreSQL, Kafka)",Более 6 лет,moreThan6,300000,445000,RUR,remote,"[""Microservices"", ""Kubernetes"", ""ClickHouse"", ""Python""]","<p>В финтех направление открыта вакансия Ищем: Senior Backend Architect (Go, PostgreSQL, Kafka).</p>
    <p><strong>Задачи:</strong></p><ul><li>Создание масштабируемых сервисов с низким latency.</li>
    <li>Интеграция с платежными шлюзами и внешними API.</li><li>Написание юнит и интеграционных тестов.</li></ul>
    <p><strong>Стек:</strong> Microservices, Kubernetes, ClickHouse, Python.</p>
    <p><strong>Условия:</strong> полностью белая зарплата, техника на выбор, дружная инженерная культура.</p>"
90000718,"Senior Backend Architect (Go, PostgreSQL, Kafka)",Более 6 лет,moreThan6,,,RUR,fullDay,"[""FastAPI"", ""Redis"", ""Linux"", ""Docker"", ""Python"", ""ClickHouse""]","<h3>О проекте:</h3><p>Мы разрабатываем высоконагруженную платформу автоматизации аналитики и бизнес-процессов.</p>
    <h3>Обязанности:</h3><ul><li>Разработка микросервисов на Python и фреймворке FastAPI.</li>
    <li>Проектирование архитектуры базы данных Redis и оптимизация сложных аналитических запросов.</li>
    <li>Контейнеризация и настройка пайплайнов деплоя с использованием Docker.</li></ul>
    <h3>Требования:</h3><ul><li>Опыт работы с технологиями: FastAPI, Redis, Linux, Docker, Python, ClickHouse.</li>
    <li>Понимание принципов чистого кода, SOLID и микросервисной архитектуры.</li>
    <li>Умение работать в Agile/Scrum команде.</li></ul>
    <h3>Мы предлагаем:</h3><ul><li>Конкурентная зарплата, гибкий график, ДМС и возможность удаленной работы.</li></ul>"
90000719,Ищем: Младший программист Python / Django,От 1 года до 3 лет,between1And3,,,RUR,fullDay,"[""REST API"", ""Git"", ""Linux"", ""Python"", ""Django""]","<h3>О проекте:</h3><p>Мы разрабатываем высоконагруженную платформу автоматизации аналитики и бизнес-процессов.</p>
    <h3>Обязанности:</h3><ul><li>Разработка микросервисов на Python и фреймворке Django.</li>
    <li>Проектирование архитектуры базы данных Redis и оптимизация сложных аналитических запросов.</li>
    <li>Контейнеризация и настройка пайплайнов деплоя с использованием Docker.</li></ul>
    <h3>Требования:</h3><ul><li>Опыт работы с технологиями: REST API, Git, Linux, Python, Django.</li>
    <li>Понимание принципов чистого кода, SOLID и микросервисной архитектуры.</li>
    <li>Умение работать в Agile/Scrum команде.</li></ul>
    <h3>Мы предлагаем:</h3><ul><li>Конкурентная зарплата, гибкий график, ДМС и возможность удаленной работы.</li></ul>"
90000720,Python Backend Engineer,От 1 года до 3 лет,between1And3,155000,,RUR,remote,"[""REST API"", ""Git"", ""Redis"", ""Go"", ""SQLAlchemy"", ""Docker"", ""Python"", ""PostgreSQL""]","<p>В финтех направление открыта вакансия Python Backend Engineer.</p>
    <p><strong>Задачи:</strong></p><ul><li>Создание масштабируемых сервисов с низким latency.</li>
    <li>Интеграция с платежными шлюзами и внешними API.</li><li>Написание юнит и интеграционных тестов.</li></ul>
    <p><strong>Стек:</strong> REST API, Git, Redis, Go, SQLAlchemy, Docker, Python, PostgreSQL.</p>
    <p><strong>Условия:</strong> полностью белая зарплата, техника на выбор, дружная инженерная культура.</p>"
90000721,Удаленно: Senior Python Developer,От 3 до 6 лет,between3And6,255000,395000,RUR,remote,"[""Microservices"", ""Django"", ""FastAPI""]","<p>В финтех направление открыта вакансия Удаленно: Senior Python Developer.</p>
    <p><strong>Задачи:</strong></p><ul><li>Создание масштабируемых сервисов с низким latency.</li>
    <li>Интеграция с платежными шлюзами и внешними API.</li><li>Написание юнит и интеграционных тестов.</li></ul>
    <p><strong>Стек:</strong> Microservices, Django, FastAPI.</p>
    <p><strong>Условия:</strong> полностью белая зарплата, техника на выбор, дружная инженерная культура.</p>"
90000722,Middle Go Engineer (Микросервисы),От 3 до 6 лет,between3And6,165000,255000,RUR,fullDay,"[""FastAPI"", ""Microservices"", ""Go"", ""Docker"", ""Kafka""]","<p>В финтех направление открыта вакансия Middle Go Engineer (Микросервисы).</p>
    <p><strong>Задачи:</strong></p><ul><li>Создание масштабируемых сервисов с низким latency.</li>
    <li>Интеграция с платежными шлюзами и внешними API.</li><li>Написание юнит и интеграционных тестов.</li></ul>
    <p><strong>Стек:</strong> FastAPI, Microservices, Go, Docker, Kafka.</p>
    <p><strong>Условия:</strong> полностью белая зарплата, техника на выбор, дружная инженерная культура.</p>"
90000723,Удаленно: Junior Backend Engineer (FastAPI),От 1 года до 3 лет,between1And3,65000,105000,RUR,remote,"[""REST API"", ""Linux"", ""Redis"", ""Pytest"", ""PostgreSQL"", ""RabbitMQ""]","<h3>О проекте:</h3><p>Мы разрабатываем высоконагруженную платформу автоматизации аналитики и бизнес-процессов.</p>
    <h3>Обязанности:</h3><ul><li>Разработка микросервисов на Python и фреймворке Flask.</li>
    <li>Проектирование архитектуры базы данных PostgreSQL и оптимизация сложных аналитических запросов.</li>
    <li>Контейнеризация и настройка пайплайнов деплоя с использованием Docker.</li></ul>
    <h3>Требования:</h3><ul><li>Опыт работы с технологиями: REST API, Linux, Redis, Pytest, PostgreSQL, RabbitMQ.</li>
    <li>Понимание принципов чистого кода, SOLID и микросервисной архитектуры.</li>
    <li>Умение работать в Agile/Scrum команде.</li></ul>
    <h3>Мы предлагаем:</h3><ul><li>Конкурентная зарплата, гибкий график, ДМС и возможность удаленной работы.</li></ul>"
90000724,IT Компания: Middle Python Developer,От 1 года до 3 лет,between1And3,135000,210000,RUR,remote,"[""Go"", ""SQLAlchemy"", ""Docker"", ""Python"", ""Asyncio""]","<p>В финтех направление открыта вакансия IT Компания: Middle Python Developer.</p>
    <p><strong>Задачи:</strong></p><ul><li>Создание масштабируемых сервисов с низким latency.</li>
    <li>Интеграция с платежными шлюзами и внешними API.</li><li>Написание юнит и интеграционных тестов.</li></ul>
    <p><strong>Стек:</strong> Go, SQLAlchemy, Docker, Python, Asyncio.</p>
    <p><strong>Условия:</strong> полностью белая зарплата, техника на выбор, дружная инженерная культура.</p>"
90000725,Junior Python Developer,Нет опыта,noExperience,45000,85000,RUR,remote,"[""REST API"", ""Linux"", ""FastAPI"", ""Django"", ""PostgreSQL""]","<h3>О проекте:</h3><p>Мы разрабатываем высоконагруженную платформу автоматизации аналитики и бизнес-процессов.</p>
    <h3>Обязанности:</h3><ul><li>Разработка микросервисов на Python и фреймворке FastAPI.</li>
    <li>Проектирование архитектуры базы данных PostgreSQL и оптимизация сложных аналитических запросов.</li>
    <li>Контейнеризация и настройка пайплайнов деплоя с использованием Docker.</li></ul>
    <h3>Требования:</h3><ul><li>Опыт работы с технологиями: REST API, Linux, FastAPI, Django, PostgreSQL.</li>
    <li>Понимание принципов чистого кода, SOLID и микросервисной архитектуры.</li>
    <li>Умение работать в Agile/Scrum команде.</li></ul>
    <h3>Мы предлагаем:</h3><ul><li>Конкурентная зарплата, гибкий график, ДМС и возможность удаленной работы.</li></ul>"
90000726,Удаленно: Trainee / Junior Data Engineer,Нет опыта,noExperience,65000,100000,RUR,remote,"[""REST API"", ""PostgreSQL"", ""Linux""]","<h3>О проекте:</h3><p>Мы разрабатываем высоконагруженную платформу автоматизации аналитики и бизнес-процессов.</p>
    <h3>Обязанности:</h3><ul><li>Разработка микросервисов на Python и фреймворке Flask.</li>
    <li>Проектирование архитектуры базы данных PostgreSQL и оптимизация сложных аналитических запросов.</li>
    <li>Контейнеризация и настройка пайплайнов деплоя с использованием Docker.</li></ul>
    <h3>Требования:</h3><ul><li>Опыт работы с технологиями: REST API, PostgreSQL, Linux.</li>
    <li>Понимание принципов чистого кода, SOLID и микросервисной архитектуры.</li>
    <li>Умение работать в Agile/Scrum команде.</li></ul>
    <h3>Мы предлагаем:</h3><ul><li>Конкурентная зарплата, гибкий график, ДМС и возможность удаленной работы.</li></ul>"
90000727,Удаленно: Senior Data Engineer / Architect,Более 6 лет,moreThan6,265000,,RUR,fullDay,"[""FastAPI"", ""Linux"", ""CI/CD"", ""Docker"", ""PostgreSQL""]","<h3>О проекте:</h3><p>Мы разрабатываем высоконагруженную платформу автоматизации аналитики и бизнес-процессов.</p>
    <h3>Обязанности:</h3><ul><li>Разработка микросервисов на Python и фреймворке FastAPI.</li>
    <li>Проектирование архитектуры базы данных PostgreSQL и оптимизация сложных аналитических запросов.</li>
    <li>Контейнеризация и настройка пайплайнов деплоя с использованием Docker.</li></ul>
    <h3>Требования:</h3><ul><li>Опыт работы с технологиями: FastAPI, Linux, CI/CD, Docker, PostgreSQL.</li>
    <li>Понимание принципов чистого кода, SOLID и микросервисной архитектуры.</li>
    <li>Умение работать в Agile/Scrum команде.</li></ul>
    <h3>Мы предлагаем:</h3><ul><li>Конкурентная зарплата, гибкий график, ДМС и возможность удаленной работы.</li></ul>"
90000728,Ищем: Golang Developer (Middle),От 3 до 6 лет,between3And6,210000,315000,RUR,fullDay,"[""FastAPI"", ""Redis"", ""Go"", ""SQLAlchemy"", ""Django""]","<p>В финтех направление открыта вакансия Ищем: Golang Developer (Middle).</p>
    <p><strong>Задачи:</strong></p><ul><li>Создание масштабируемых сервисов с низким latency.</li>
    <li>Интеграция с платежными шлюзами и внешними API.</li><li>Написание юнит и интеграционных тестов.</li></ul>
    <p><strong>Стек:</strong> FastAPI, Redis, Go, SQLAlchemy, Django.</p>
    <p><strong>Условия:</strong> полностью белая зарплата, техника на выбор, дружная инженерная культура.</p>"
90000729,Удаленно: Middle Data Engineer,От 3 до 6 лет,between3And6,,,RUR,fullDay,"[""REST API"", ""FastAPI"", ""Go"", ""Docker"", ""Asyncio""]","<h3>О проекте:</h3><p>Мы разрабатываем высоконагруженную платформу автоматизации аналитики и бизнес-процессов.</p>
    <h3>Обязанности:</h3><ul><li>Разработка микросервисов на Go и фреймворке FastAPI.</li>
    <li>Проектирование архитектуры базы данных Redis и оптимизация сложных аналитических запросов.</li>
    <li>Контейнеризация и настройка пайплайнов деплоя с использованием Docker.</li></ul>
    <h3>Требования:</h3><ul><li>Опыт работы с технологиями: REST API, FastAPI, Go, Docker, Asyncio.</li>
    <li>Понимание принципов чистого кода, SOLID и микросервисной архитектуры.</li>
    <li>Умение работать в Agile/Scrum команде.</li></ul>
    <h3>Мы предлагаем:</h3><ul><li>Конкурентная зарплата, гибкий график, ДМС и возможность удаленной работы.</li></ul>"
90000730,Backend Engineer,От 3 до 6 лет,between3And6,320000,500000,RUR,remote,"[""Celery"", ""Go"", ""ClickHouse""]","<h3>О проекте:</h3><p>Мы разрабатываем высоконагруженную платформу автоматизации аналитики и бизнес-процессов.</p>
    <h3>Обязанности:</h3><ul><li>Разработка микросервисов на Go и фреймворке Flask.</li>
    <li>Проектирование архитектуры базы данных Redis и оптимизация сложных аналитических запросов.</li>
    <li>Контейнеризация и настройка пайплайнов деплоя с использованием Docker.</li></ul>
    <h3>Требования:</h3><ul><li>Опыт работы с технологиями: Celery, Go, ClickHouse.</li>
    <li>Понимание принципов чистого кода, SOLID и микросервисной архитектуры.</li>
    <li>Умение работать в Agile/Scrum команде.</li></ul>
    <h3>Мы предлагаем:</h3><ul><li>Конкурентная зарплата, гибкий график, ДМС и возможность удаленной работы.</li></ul>"
90000731,Senior Python Developer,От 3 до 6 лет,between3And6,250000,,RUR,fullDay,"[""FastAPI"", ""Linux"", ""Microservices"", ""Django"", ""CI/CD"", ""Go"", ""Kubernetes"", ""ClickHouse""]","<p>В финтех направление открыта вакансия Senior Python Developer.</p>
    <p><strong>Задачи:</strong></p><ul><li>Создание масштабируемых сервисов с низким latency.</li>
    <li>Интеграция с платежными шлюзами и внешними API.</li><li>Написание юнит и интеграционных тестов.</li></ul>
    <p><strong>Стек:</strong> FastAPI, Linux, Microservices, Django, CI/CD, Go, Kubernetes, ClickHouse.</p>
    <p><strong>Условия:</strong> полностью белая зарплата, техника на выбор, дружная инженерная культура.</p>"
90000732,IT Компания: Junior Python Developer,Более 6 лет,moreThan6,,,RUR,remote,"[""Git"", ""Linux"", ""CI/CD"", ""Asyncio"", ""Django"", ""PostgreSQL""]","<h3>О проекте:</h3><p>Мы разрабатываем высоконагруженную платформу автоматизации аналитики и бизнес-процессов.</p>
    <h3>Обязанности:</h3><ul><li>Разработка микросервисов на Python и фреймворке Django.</li>
    <li>Проектирование архитектуры базы данных PostgreSQL и оптимизация сложных аналитических запросов.</li>
    <li>Контейнеризация и настройка пайплайнов деплоя с использованием Docker.</li></ul>
    <h3>Требования:</h3><ul><li>Опыт работы с технологиями: Git, Linux, CI/CD, Asyncio, Django, PostgreSQL.</li>
    <li>Понимание принципов чистого кода, SOLID и микросервисной архитектуры.</li>
    <li>Умение работать в Agile/Scrum команде.</li></ul>
    <h3>Мы предлагаем:</h3><ul><li>Конкурентная зарплата, гибкий график, ДМС и возможность удаленной работы.</li></ul>"
90000733,Junior DevOps Engineer,От 1 года до 3 лет,between1And3,,,RUR,fullDay,"[""REST API"", ""Python"", ""Django"", ""PostgreSQL"", ""Kubernetes""]","<h3>О проекте:</h3><p>Мы разрабатываем высоконагруженную платформу автоматизации аналитики и бизнес-процессов.</p>
    <h3>Обязанности:</h3><ul><li>Разработка микросервисов на Python и фреймворке Django.</li>
    <li>Проектирование архитектуры базы данных PostgreSQL и оптимизация сложных аналитических запросов.</li>
    <li>Контейнеризация и настройка пайплайнов деплоя с использованием Docker и Kubernetes.</li></ul>
    <h3>Требования:</h3><ul><li>Опыт работы с технологиями: REST API, Python, Django, PostgreSQL, Kubernetes.</li>
    <li>Понимание принципов чистого кода, SOLID и микросервисной архитектуры.</li>
    <li>Умение работать в Agile/Scrum команде.</li></ul>
    <h3>Мы предлагаем:</h3><ul><li>Конкурентная зарплата, гибкий график, ДМС и возможность удаленной работы.</li></ul>"
90000734,Удаленно: Junior DevOps Engineer,От 1 года до 3 лет,between1And3,,,RUR,flexible,"[""Git"", ""SQLAlchemy"", ""Linux""]","<h3>О проекте:</h3><p>Мы разрабатываем высоконагруженную платформу автоматизации аналитики и бизнес-процессов.</p>
    <h3>Обязанности:</h3><ul><li>Разработка микросервисов на Python и фреймворке Flask.</li>
    <li>Проектирование архитектуры базы данных Redis и оптимизация сложных аналитических запросов.</li>
    <li>Контейнеризация и настройка пайплайнов деплоя с использованием Docker.</li></ul>
    <h3>Требования:</h3><ul><li>Опыт работы с технологиями: Git, SQLAlchemy, Linux.</li>
    <li>Понимание принципов чистого кода, SOLID и микросервисной архитектуры.</li>
    <li>Умение работать в Agile/Scrum команде.</li></ul>
    <h3>Мы предлагаем:</h3><ul><li>Конкурентная зарплата, гибкий график, ДМС и возможность удаленной работы.</li></ul>"
90000735,Python Backend Engineer,От 1 года до 3 лет,between1And3,145000,230000,RUR,remote,"[""REST API"", ""PostgreSQL"", ""Docker""]","<p>В финтех направление открыта вакансия Python Backend Engineer.</p>
    <p><strong>Задачи:</strong></p><ul><li>Создание масштабируемых сервисов с низким latency.</li>
    <li>Интеграция с платежными шлюзами и внешними API.</li><li>Написание юнит и интеграционных тестов.</li></ul>
    <p><strong>Стек:</strong> REST API, PostgreSQL, Docker.</p>
    <p><strong>Условия:</strong> полностью белая зарплата, техника на выбор, дружная инженерная культура.</p>"
90000736,"Удаленно: Senior Backend Architect (Go, PostgreSQL, Kafka)",Более 6 лет,moreThan6,,,RUR,remote,"[""Microservices"", ""CI/CD"", ""Go"", ""SQLAlchemy"", ""Python""]","<p>В финтех направление открыта вакансия Удаленно: Senior Backend Architect (Go, PostgreSQL, Kafka).</p>
    <p><strong>Задачи:</strong></p><ul><li>Создание масштабируемых сервисов с низким latency.</li>
    <li>Интеграция с платежными шлюзами и внешними API.</li><li>Написание юнит и интеграционных тестов.</li></ul>
    <p><strong>Стек:</strong> Microservices, CI/CD, Go, SQLAlchemy, Python.</p>
    <p><strong>Условия:</strong> полностью белая зарплата, техника на выбор, дружная инженерная культура.</p>"
90000737,Удаленно: Junior Backend Engineer (FastAPI),От 1 года до 3 лет,between1And3,,,RUR,flexible,"[""Redis"", ""Django"", ""Linux"", ""Python""]","<p>В финтех направление открыта вакансия Удаленно: Junior Backend Engineer (FastAPI).</p>
    <p><strong>Задачи:</strong></p><ul><li>Создание масштабируемых сервисов с низким latency.</li>
    <li>Интеграция с платежными шлюзами и внешними API.</li><li>Написание юнит и интеграционных тестов.</li></ul>
    <p><strong>Стек:</strong> Redis, Django, Linux, Python.</p>
    <p><strong>Условия:</strong> полностью белая зарплата, техника на выбор, дружная инженерная культура.</p>"
90000738,Стажер-разработчик Python,Нет опыта,noExperience,,,RUR,remote,"[""Git"", ""Linux"", ""Pytest"", ""Python"", ""Django"", ""PostgreSQL"", ""RabbitMQ""]","<h3>О проекте:</h3><p>Мы разрабатываем высоконагруженную платформу автоматизации аналитики и бизнес-процессов.</p>
    <h3>Обязанности:</h3><ul><li>Разработка микросервисов на Python и фреймворке Django.</li>
    <li>Проектирование архитектуры базы данных PostgreSQL и оптимизация сложных аналитических запросов.</li>
    <li>Контейнеризация и настройка пайплайнов деплоя с использованием Docker.</li></ul>
    <h3>Требования:</h3><ul><li>Опыт работы с технологиями: Git, Linux, Pytest, Python, Django, PostgreSQL, RabbitMQ.</li>
    <li>Понимание принципов чистого кода, SOLID и микросервисной архитектуры.</li>
    <li>Умение работать в Agile/Scrum команде.</li></ul>
    <h3>Мы предлагаем:</h3><ul><li>Конкурентная зарплата, гибкий график, ДМС и возможность удаленной работы.</li></ul>"
90000739,"Middle DevOps Engineer (Docker, K8s)",От 3 до 6 лет,between3And6,,,RUR,fullDay,"[""Asyncio"", ""Python"", ""FastAPI"", ""Redis""]","<p>В финтех направление открыта вакансия Middle DevOps Engineer (Docker, K8s).</p>
    <p><strong>Задачи:</strong></p><ul><li>Создание масштабируемых сервисов с низким latency.</li>
    <li>Интеграция с платежными шлюзами и внешними API.</li><li>Написание юнит и интеграционных тестов.</li></ul>
    <p><strong>Стек:</strong> Asyncio, Python, FastAPI, Redis.</p>
    <p><strong>Условия:</strong> полностью белая зарплата, техника на выбор, дружная инженерная культура.</p>"
90000740,Удаленно: Junior DevOps Engineer,От 1 года до 3 лет,between1And3,75000,,RUR,remote,"[""Git"", ""REST API"", ""Linux"", ""Microservices"", ""Python"", ""Django"", ""ClickHouse""]","<h3>О проекте:</h3><p>Мы разрабатываем высоконагруженную платформу автоматизации аналитики и бизнес-процессов.</p>
    <h3>Обязанности:</h3><ul><li>Разработка микросервисов на Python и фреймворке Django.</li>
    <li>Проектирование архитектуры базы данных Redis и оптимизация сложных аналитических запросов.</li>
    <li>Контейнеризация и настройка пайплайнов деплоя с использованием Docker.</li></ul>
    <h3>Требования:</h3><ul><li>Опыт работы с технологиями: Git, REST API, Linux, Microservices, Python, Django, ClickHouse.</li>
    <li>Понимание принципов чистого кода, SOLID и микросервисной архитектуры.</li>
    <li>Умение работать в Agile/Scrum команде.</li></ul>
    <h3>Мы предлагаем:</h3><ul><li>Конкурентная зарплата, гибкий график, ДМС и возможность удаленной работы.</li></ul>"
90000741,Удаленно: Junior Python Developer,Нет опыта,noExperience,,,RUR,remote,"[""Git"", ""REST API"", ""Redis"", ""Docker"", ""Python"", ""Django"", ""PostgreSQL""]","<p>В финтех направление открыта вакансия Удаленно: Junior Python Developer.</p>
    <p><strong>Задачи:</strong></p><ul><li>Создание масштабируемых сервисов с низким latency.</li>
    <li>Интеграция с платежными шлюзами и внешними API.</li><li>Написание юнит и интеграционных тестов.</li></ul>
    <p><strong>Стек:</strong> Git, REST API, Redis, Docker, Python, Django, PostgreSQL.</p>
    <p><strong>Условия:</strong> полностью белая зарплата, техника на выбор, дружная инженерная культура.</p>"
90000742,Ищем: Senior DevOps / SRE Engineer,От 3 до 6 лет,between3And6,290000,445000,RUR,remote,"[""FastAPI"", ""Go"", ""SQLAlchemy"", ""Kafka"", ""PostgreSQL""]","<h3>О проекте:</h3><p>Мы разрабатываем высоконагруженную платформу автоматизации аналитики и бизнес-процессов.</p>
    <h3>Обязанности:</h3><ul><li>Разработка микросервисов на Go и фреймворке FastAPI.</li>
    <li>Проектирование архитектуры базы данных PostgreSQL и оптимизация сложных аналитических запросов.</li>
    <li>Контейнеризация и настройка пайплайнов деплоя с использованием Docker.</li></ul>
    <h3>Требования:</h3><ul><li>Опыт работы с технологиями: FastAPI, Go, SQLAlchemy, Kafka, PostgreSQL.</li>
    <li>Понимание принципов чистого кода, SOLID и микросервисной архитектуры.</li>
    <li>Умение работать в Agile/Scrum команде.</li></ul>
    <h3>Мы предлагаем:</h3><ul><li>Конкурентная зарплата, гибкий график, ДМС и возможность удаленной работы.</li></ul>"
90000743,Junior QA Automation (Python),От 1 года до 3 лет,between1And3,70000,110000,RUR,remote,"[""Linux"", ""Go"", ""Docker"", ""Django"", ""ClickHouse"", ""PostgreSQL""]","<p>В финтех направление открыта вакансия Junior QA Automation (Python).</p>
    <p><strong>Задачи:</strong></p><ul><li>Создание масштабируемых сервисов с низким latency.</li>
    <li>Интеграция с платежными шлюзами и внешними API.</li><li>Написание юнит и интеграционных тестов.</li></ul>
    <p><strong>Стек:</strong> Linux, Go, Docker, Django, ClickHouse, PostgreSQL.</p>
    <p><strong>Условия:</strong> полностью белая зарплата, техника на выбор, дружная инженерная культура.</p>"
90000744,Senior Data Engineer / Architect,Более 6 лет,moreThan6,,,RUR,fullDay,"[""REST API"", ""Pytest"", ""Python"", ""Asyncio"", ""Kafka"", ""Kubernetes""]","<h3>О проекте:</h3><p>Мы разрабатываем высоконагруженную платформу автоматизации аналитики и бизнес-процессов.</p>
    <h3>Обязанности:</h3><ul><li>Разработка микросервисов на Python и фреймворке Flask.</li>
    <li>Проектирование архитектуры базы данных Redis и оптимизация сложных аналитических запросов.</li>
    <li>Контейнеризация и настройка пайплайнов деплоя с использованием Docker и Kubernetes.</li></ul>
    <h3>Требования:</h3><ul><li>Опыт работы с технологиями: REST API, Pytest, Python, Asyncio, Kafka, Kubernetes.</li>
    <li>Понимание принципов чистого кода, SOLID и микросервисной архитектуры.</li>
    <li>Умение работать в Agile/Scrum команде.</li></ul>
    <h3>Мы предлагаем:</h3><ul><li>Конкурентная зарплата, гибкий график, ДМС и возможность удаленной работы.</li></ul>"
90000745,Ищем: Senior Data Engineer / Architect,Более 6 лет,moreThan6,285000,455000,RUR,fullDay,"[""FastAPI"", ""Linux"", ""CI/CD"", ""Docker"", ""Celery"", ""Kubernetes""]","<h3>О проекте:</h3><p>Мы разрабатываем высоконагруженную платформу автоматизации аналитики и бизнес-процессов.</p>
    <h3>Обязанности:</h3><ul><li>Разработка микросервисов на Python и фреймворке FastAPI.</li>
    <li>Проектирование архитектуры базы данных Redis и оптимизация сложных аналитических запросов.</li>
    <li>Контейнеризация и настройка пайплайнов деплоя с использованием Docker и Kubernetes.</li></ul>
    <h3>Требования:</h3><ul><li>Опыт работы с технологиями: FastAPI, Linux, CI/CD, Docker, Celery, Kubernetes.</li>
    <li>Понимание принципов чистого кода, SOLID и микросервисной архитектуры.</li>
    <li>Умение работать в Agile/Scrum команде.</li></ul>
    <h3>Мы предлагаем:</h3><ul><li>Конкурентная зарплата, гибкий график, ДМС и возможность удаленной работы.</li></ul>"
90000746,Удаленно: Senior DevOps / SRE Engineer,От 3 до 6 лет,between3And6,285000,,RUR,remote,"[""Microservices"", ""Go"", ""Docker"", ""Asyncio"", ""Kafka"", ""ClickHouse""]","<p>В финтех направление открыта вакансия Удаленно: Senior DevOps / SRE Engineer.</p>
    <p><strong>Задачи:</strong></p><ul><li>Создание масштабируемых сервисов с низким latency.</li>
    <li>Интеграция с платежными шлюзами и внешними API.</li><li>Написание юнит и интеграционных тестов.</li></ul>
    <p><strong>Стек:</strong> Microservices, Go, Docker, Asyncio, Kafka, ClickHouse.</p>
    <p><strong>Условия:</strong> полностью белая зарплата, техника на выбор, дружная инженерная культура.</p>"
90000747,Lead / Senior Backend Engineer (Go / Python),Более 6 лет,moreThan6,,,RUR,fullDay,"[""Asyncio"", ""PostgreSQL"", ""FastAPI"", ""Python""]","<h3>О проекте:</h3><p>Мы разрабатываем высоконагруженную платформу автоматизации аналитики и бизнес-процессов.</p>
    <h3>Обязанности:</h3><ul><li>Разработка микросервисов на Python и фреймворке FastAPI.</li>
    <li>Проектирование архитектуры базы данных PostgreSQL и оптимизация сложных аналитических запросов.</li>
    <li>Контейнеризация и настройка пайплайнов деплоя с использованием Docker.</li></ul>
    <h3>Требования:</h3><ul><li>Опыт работы с технологиями: Asyncio, PostgreSQL, FastAPI, Python.</li>
    <li>Понимание принципов чистого кода, SOLID и микросервисной архитектуры.</li>
    <li>Умение работать в Agile/Scrum команде.</li></ul>
    <h3>Мы предлагаем:</h3><ul><li>Конкурентная зарплата, гибкий график, ДМС и возможность удаленной работы.</li></ul>"
90000748,Ищем: Senior Golang Developer,От 3 до 6 лет,between3And6,280000,420000,RUR,remote,"[""Linux"", ""Docker"", ""Celery"", ""ClickHouse"", ""PostgreSQL"", ""RabbitMQ""]","<h3>О проекте:</h3><p>Мы разрабатываем высоконагруженную платформу автоматизации аналитики и бизнес-процессов.</p>
    <h3>Обязанности:</h3><ul><li>Разработка микросервисов на Python и фреймворке Flask.</li>
    <li>Проектирование архитектуры базы данных PostgreSQL и оптимизация сложных аналитических запросов.</li>
    <li>Контейнеризация и настройка пайплайнов деплоя с использованием Docker.</li></ul>
    <h3>Требования:</h3><ul><li>Опыт работы с технологиями: Linux, Docker, Celery, ClickHouse, PostgreSQL, RabbitMQ.</li>
    <li>Понимание принципов чистого кода, SOLID и микросервисной архитектуры.</li>
    <li>Умение работать в Agile/Scrum команде.</li></ul>
    <h3>Мы предлагаем:</h3><ul><li>Конкурентная зарплата, гибкий график, ДМС и возможность удаленной работы.</li></ul>"
90000749,Middle Python Developer,От 1 года до 3 лет,between1And3,165000,265000,RUR,remote,"[""FastAPI"", ""Redis"", ""Linux"", ""Python"", ""Kafka"", ""PostgreSQL""]","<h3>О проекте:</h3><p>Мы разрабатываем высоконагруженную платформу автоматизации аналитики и бизнес-процессов.</p>
    <h3>Обязанности:</h3><ul><li>Разработка микросервисов на Python и фреймворке FastAPI.</li>
    <li>Проектирование архитектуры базы данных PostgreSQL и оптимизация сложных аналитических запросов.</li>
    <li>Контейнеризация и настройка пайплайнов деплоя с использованием Docker.</li></ul>
    <h3>Требования:</h3><ul><li>Опыт работы с технологиями: FastAPI, Redis, Linux, Python, Kafka, PostgreSQL.</li>
    <li>Понимание принципов чистого кода, SOLID и микросервисной архитектуры.</li>
    <li>Умение работать в Agile/Scrum команде.</li></ul>
    <h3>Мы предлагаем:</h3><ul><li>Конкурентная зарплата, гибкий график, ДМС и возможность удаленной работы.</li></ul>"
90000750,Software Engineer,От 3 до 6 лет,between3And6,220000,345000,RUR,remote,"[""Redis"", ""Go"", ""Docker"", ""Python"", ""Asyncio"", ""PostgreSQL""]","<p>В финтех направление открыта вакансия Software Engineer.</p>
    <p><strong>Задачи:</strong></p><ul><li>Создание масштабируемых сервисов с низким latency.</li>
    <li>Интеграция с платежными шлюзами и внешними API.</li><li>Написание юнит и интеграционных тестов.</li></ul>
    <p><strong>Стек:</strong> Redis, Go, Docker, Python, Asyncio, PostgreSQL.</p>
    <p><strong>Условия:</strong> полностью белая зарплата, техника на выбор, дружная инженерная культура.</p>"
90000751,Ищем: Junior Backend Engineer (FastAPI),От 1 года до 3 лет,between1And3,,120000,RUR,remote,"[""REST API"", ""Django"", ""CI/CD"", ""Kubernetes""]","<p>В финтех направление открыта вакансия Ищем: Junior Backend Engineer (FastAPI).</p>
    <p><strong>Задачи:</strong></p><ul><li>Создание масштабируемых сервисов с низким latency.</li>
    <li>Интеграция с платежными шлюзами и внешними API.</li><li>Написание юнит и интеграционных тестов.</li></ul>
    <p><strong>Стек:</strong> REST API, Django, CI/CD, Kubernetes.</p>
    <p><strong>Условия:</strong> полностью белая зарплата, техника на выбор, дружная инженерная культура.</p>"
90000752,Ищем: Junior Backend Engineer (FastAPI),От 1 года до 3 лет,between1And3,,,RUR,flexible,"[""Git"", ""Linux"", ""CI/CD"", ""Python"", ""Django"", ""PostgreSQL"", ""RabbitMQ""]","<p>В финтех направление открыта вакансия Ищем: Junior Backend Engineer (FastAPI).</p>
    <p><strong>Задачи:</strong></p><ul><li>Создание масштабируемых сервисов с низким latency.</li>
    <li>Интеграция с платежными шлюзами и внешними API.</li><li>Написание юнит и интеграционных тестов.</li></ul>
    <p><strong>Стек:</strong> Git, Linux, CI/CD, Python, Django, PostgreSQL, RabbitMQ.</p>
    <p><strong>Условия:</strong> полностью белая зарплата, техника на выбор, дружная инженерная культура.</p>"
90000753,"Backend Разработчик (Python, FastAPI, PostgreSQL)",От 3 до 6 лет,between3And6,,,RUR,fullDay,"[""Redis"", ""Microservices"", ""Pytest"", ""SQLAlchemy"", ""Python"", ""Asyncio"", ""PostgreSQL""]","<p>В финтех направление открыта вакансия Backend Разработчик (Python, FastAPI, PostgreSQL).</p>
    <p><strong>Задачи:</strong></p><ul><li>Создание масштабируемых сервисов с низким latency.</li>
    <li>Интеграция с платежными шлюзами и внешними API.</li><li>Написание юнит и интеграционных тестов.</li></ul>
    <p><strong>Стек:</strong> Redis, Microservices, Pytest, SQLAlchemy, Python, Asyncio, PostgreSQL.</p>
    <p><strong>Условия:</strong> полностью белая зарплата, техника на выбор, дружная инженерная культура.</p>"
90000754,"Удаленно: Middle DevOps Engineer (Docker, K8s)",Нет опыта,noExperience,185000,290000,RUR,remote,"[""Asyncio"", ""Microservices"", ""SQLAlchemy"", ""Go""]","<h3>О проекте:</h3><p>Мы разрабатываем высоконагруженную платформу автоматизации аналитики и бизнес-процессов.</p>
    <h3>Обязанности:</h3><ul><li>Разработка микросервисов на Go и фреймворке Flask.</li>
    <li>Проектирование архитектуры базы данных Redis и оптимизация сложных аналитических запросов.</li>
    <li>Контейнеризация и настройка пайплайнов деплоя с использованием Docker.</li></ul>
    <h3>Требования:</h3><ul><li>Опыт работы с технологиями: Asyncio, Microservices, SQLAlchemy, Go.</li>
    <li>Понимание принципов чистого кода, SOLID и микросервисной архитектуры.</li>
    <li>Умение работать в Agile/Scrum команде.</li></ul>
    <h3>Мы предлагаем:</h3><ul><li>Конкурентная зарплата, гибкий график, ДМС и возможность удаленной работы.</li></ul>"
90000755,Software Engineer,От 3 до 6 лет,between3And6,340000,510000,RUR,fullDay,"[""Linux"", ""Microservices"", ""Python"", ""ClickHouse"", ""RabbitMQ""]","<h3>О проекте:</h3><p>Мы разрабатываем высоконагруженную платформу автоматизации аналитики и бизнес-процессов.</p>
    <h3>Обязанности:</h3><ul><li>Разработка микросервисов на Python и фреймворке Flask.</li>
    <li>Проектирование архитектуры базы данных Redis и оптимизация сложных аналитических запросов.</li>
    <li>Контейнеризация и настройка пайплайнов деплоя с использованием Docker.</li></ul>
    <h3>Требования:</h3><ul><li>Опыт работы с технологиями: Linux, Microservices, Python, ClickHouse, RabbitMQ.</li>
    <li>Понимание принципов чистого кода, SOLID и микросервисной архитектуры.</li>
    <li>Умение работать в Agile/Scrum команде.</li></ul>
    <h3>Мы предлагаем:</h3><ul><li>Конкурентная зарплата, гибкий график, ДМС и возможность удаленной работы.</li></ul>"
90000756,Go Backend Developer,Более 6 лет,moreThan6,340000,510000,RUR,fullDay,"[""Redis"", ""Microservices"", ""CI/CD"", ""Docker"", ""Python"", ""PostgreSQL""]","<h3>О проекте:</h3><p>Мы разрабатываем высоконагруженную платформу автоматизации аналитики и бизнес-процессов.</p>
    <h3>Обязанности:</h3><ul><li>Разработка микросервисов на Python и фреймворке Flask.</li>
    <li>Проектирование архитектуры базы данных PostgreSQL и оптимизация сложных аналитических запросов.</li>
    <li>Контейнеризация и настройка пайплайнов деплоя с использованием Docker.</li></ul>
    <h3>Требования:</h3><ul><li>Опыт работы с технологиями: Redis, Microservices, CI/CD, Docker, Python, PostgreSQL.</li>
    <li>Понимание принципов чистого кода, SOLID и микросервисной архитектуры.</li>
    <li>Умение работать в Agile/Scrum команде.</li></ul>
    <h3>Мы предлагаем:</h3><ul><li>Конкурентная зарплата, гибкий график, ДМС и возможность удаленной работы.</li></ul>"
90000757,Ищем: Junior DevOps Engineer,От 1 года до 3 лет,between1And3,70000,115000,RUR,fullDay,"[""REST API"", ""Git"", ""FastAPI"", ""Linux"", ""PostgreSQL""]","<p>В финтех направление открыта вакансия Ищем: Junior DevOps Engineer.</p>
    <p><strong>Задачи:</strong></p><ul><li>Создание масштабируемых сервисов с низким latency.</li>
    <li>Интеграция с платежными шлюзами и внешними API.</li><li>Написание юнит и интеграционных тестов.</li></ul>
    <p><strong>Стек:</strong> REST API, Git, FastAPI, Linux, PostgreSQL.</p>
    <p><strong>Условия:</strong> полностью белая зарплата, техника на выбор, дружная инженерная культура.</p>"
90000758,Ищем: Golang Developer (Middle),От 3 до 6 лет,between3And6,170000,255000,RUR,fullDay,"[""Python"", ""Linux"", ""PostgreSQL"", ""Redis""]","<p>В финтех направление открыта вакансия Ищем: Golang Developer (Middle).</p>
    <p><strong>Задачи:</strong></p><ul><li>Создание масштабируемых сервисов с низким latency.</li>
    <li>Интеграция с платежными шлюзами и внешними API.</li><li>Написание юнит и интеграционных тестов.</li></ul>
    <p><strong>Стек:</strong> Python, Linux, PostgreSQL, Redis.</p>
    <p><strong>Условия:</strong> полностью белая зарплата, техника на выбор, дружная инженерная культура.</p>"
90000759,Ищем: Senior Python Developer,От 3 до 6 лет,between3And6,,,RUR,fullDay,"[""Linux"", ""Kafka"", ""Go"", ""Docker"", ""Django""]","<p>В финтех направление открыта вакансия Ищем: Senior Python Developer.</p>
    <p><strong>Задачи:</strong></p><ul><li>Создание масштабируемых сервисов с низким latency.</li>
    <li>Интеграция с платежными шлюзами и внешними API.</li><li>Написание юнит и интеграционных тестов.</li></ul>
    <p><strong>Стек:</strong> Linux, Kafka, Go, Docker, Django.</p>
    <p><strong>Условия:</strong> полностью белая зарплата, техника на выбор, дружная инженерная культура.</p>"
90000760,DevOps Engineer,От 1 года до 3 лет,between1And3,,90000,RUR,flexible,"[""Git"", ""REST API"", ""Redis""]","<h3>О проекте:</h3><p>Мы разрабатываем высоконагруженную платформу автоматизации аналитики и бизнес-процессов.</p>
    <h3>Обязанности:</h3><ul><li>Разработка микросервисов на Python и фреймворке Flask.</li>
    <li>Проектирование архитектуры базы данных Redis и оптимизация сложных аналитических запросов.</li>
    <li>Контейнеризация и настройка пайплайнов деплоя с использованием Docker.</li></ul>
    <h3>Требования:</h3><ul><li>Опыт работы с технологиями: Git, REST API, Redis.</li>
    <li>Понимание принципов чистого кода, SOLID и микросервисной архитектуры.</li>
    <li>Умение работать в Agile/Scrum команде.</li></ul>
    <h3>Мы предлагаем:</h3><ul><li>Конкурентная зарплата, гибкий график, ДМС и возможность удаленной работы.</li></ul>"
90000761,Middle Go Engineer (Микросервисы),От 3 до 6 лет,between3And6,,,RUR,remote,"[""Go"", ""PostgreSQL"", ""Python""]","<p>В финтех направление открыта вакансия Middle Go Engineer (Микросервисы).</p>
    <p><strong>Задачи:</strong></p><ul><li>Создание масштабируемых сервисов с низким latency.</li>
    <li>Интеграция с платежными шлюзами и внешними API.</li><li>Написание юнит и интеграционных тестов.</li></ul>
    <p><strong>Стек:</strong> Go, PostgreSQL, Python.</p>
    <p><strong>Условия:</strong> полностью белая зарплата, техника на выбор, дружная инженерная культура.</p>"
90000762,IT Компания: Python Backend Engineer,От 1 года до 3 лет,between1And3,,,RUR,remote,"[""Git"", ""Redis"", ""Pytest"", ""Go"", ""Asyncio"", ""PostgreSQL""]","<h3>О проекте:</h3><p>Мы разрабатываем высоконагруженную платформу автоматизации аналитики и бизнес-процессов.</p>
    <h3>Обязанности:</h3><ul><li>Разработка микросервисов на Go и фреймворке Flask.</li>
    <li>Проектирование архитектуры базы данных PostgreSQL и оптимизация сложных аналитических запросов.</li>
    <li>Контейнеризация и настройка пайплайнов деплоя с использованием Docker.</li></ul>
    <h3>Требования:</h3><ul><li>Опыт работы с технологиями: Git, Redis, Pytest, Go, Asyncio, PostgreSQL.</li>
    <li>Понимание принципов чистого кода, SOLID и микросервисной архитектуры.</li>
    <li>Умение работать в Agile/Scrum команде.</li></ul>
    <h3>Мы предлагаем:</h3><ul><li>Конкурентная зарплата, гибкий график, ДМС и возможность удаленной работы.</li></ul>"
90000763,Ищем: Golang Developer (Middle),От 3 до 6 лет,between3And6,,,RUR,fullDay,"[""REST API"", ""Go"", ""Celery"", ""Python"", ""Django"", ""PostgreSQL""]","<h3>О проекте:</h3><p>Мы разрабатываем высоконагруженную платформу автоматизации аналитики и бизнес-процессов.</p>
    <h3>Обязанности:</h3><ul><li>Разработка микросервисов на Python и фреймворке Django.</li>
    <li>Проектирование архитектуры базы данных PostgreSQL и оптимизация сложных аналитических запросов.</li>
    <li>Контейнеризация и настройка пайплайнов деплоя с использованием Docker.</li></ul>
    <h3>Требования:</h3><ul><li>Опыт работы с технологиями: REST API, Go, Celery, Python, Django, PostgreSQL.</li>
    <li>Понимание принципов чистого кода, SOLID и микросервисной архитектуры.</li>
    <li>Умение работать в Agile/Scrum команде.</li></ul>
    <h3>Мы предлагаем:</h3><ul><li>Конкурентная зарплата, гибкий график, ДМС и возможность удаленной работы.</li></ul>"
90000764,"Удаленно: Senior Backend Architect (Go, PostgreSQL, Kafka)",Более 6 лет,moreThan6,435000,645000,RUR,remote,"[""Linux"", ""Microservices"", ""Go"", ""Celery"", ""Kafka"", ""ClickHouse""]","<h3>О проекте:</h3><p>Мы разрабатываем высоконагруженную платформу автоматизации аналитики и бизнес-процессов.</p>
    <h3>Обязанности:</h3><ul><li>Разработка микросервисов на Go и фреймворке Flask.</li>
    <li>Проектирование архитектуры базы данных Redis и оптимизация сложных аналитических запросов.</li>
    <li>Контейнеризация и настройка пайплайнов деплоя с использованием Docker.</li></ul>
    <h3>Требования:</h3><ul><li>Опыт работы с технологиями: Linux, Microservices, Go, Celery, Kafka, ClickHouse.</li>
    <li>Понимание принципов чистого кода, SOLID и микросервисной архитектуры.</li>
    <li>Умение работать в Agile/Scrum команде.</li></ul>
    <h3>Мы предлагаем:</h3><ul><li>Конкурентная зарплата, гибкий график, ДМС и возможность удаленной работы.</li></ul>"
90000765,IT Компания: Middle Data Engineer,От 3 до 6 лет,between3And6,145000,225000,RUR,flexible,"[""Asyncio"", ""SQLAlchemy"", ""Linux"", ""Docker""]","<p>В финтех направление открыта вакансия IT Компания: Middle Data Engineer.</p>
    <p><strong>Задачи:</strong></p><ul><li>Создание масштабируемых сервисов с низким latency.</li>
    <li>Интеграция с платежными шлюзами и внешними API.</li><li>Написание юнит и интеграционных тестов.</li></ul>
    <p><strong>Стек:</strong> Asyncio, SQLAlchemy, Linux, Docker.</p>
    <p><strong>Условия:</strong> полностью белая зарплата, техника на выбор, дружная инженерная культура.</p>"
90000766,"Ищем: Backend Разработчик (Python, FastAPI, PostgreSQL)",От 1 года до 3 лет,between1And3,,,RUR,fullDay,"[""Git"", ""Redis"", ""Python"", ""Asyncio"", ""PostgreSQL""]","<h3>О проекте:</h3><p>Мы разрабатываем высоконагруженную платформу автоматизации аналитики и бизнес-процессов.</p>
    <h3>Обязанности:</h3><ul><li>Разработка микросервисов на Python и фреймворке Flask.</li>
    <li>Проектирование архитектуры базы данных PostgreSQL и оптимизация сложных аналитических запросов.</li>
    <li>Контейнеризация и настройка пайплайнов деплоя с использованием Docker.</li></ul>
    <h3>Требования:</h3><ul><li>Опыт работы с технологиями: Git, Redis, Python, Asyncio, PostgreSQL.</li>
    <li>Понимание принципов чистого кода, SOLID и микросервисной архитектуры.</li>
    <li>Умение работать в Agile/Scrum команде.</li></ul>
    <h3>Мы предлагаем:</h3><ul><li>Конкурентная зарплата, гибкий график, ДМС и возможность удаленной работы.</li></ul>"
90000767,Backend Engineer,Нет опыта,noExperience,55000,90000,RUR,remote,"[""FastAPI"", ""Django"", ""PostgreSQL"", ""Linux""]","<h3>О проекте:</h3><p>Мы разрабатываем высоконагруженную платформу автоматизации аналитики и бизнес-процессов.</p>
    <h3>Обязанности:</h3><ul><li>Разработка микросервисов на Python и фреймворке FastAPI.</li>
    <li>Проектирование архитектуры базы данных PostgreSQL и оптимизация сложных аналитических запросов.</li>
    <li>Контейнеризация и настройка пайплайнов деплоя с использованием Docker.</li></ul>
    <h3>Требования:</h3><ul><li>Опыт работы с технологиями: FastAPI, Django, PostgreSQL, Linux.</li>
    <li>Понимание принципов чистого кода, SOLID и микросервисной архитектуры.</li>
    <li>Умение работать в Agile/Scrum команде.</li></ul>
    <h3>Мы предлагаем:</h3><ul><li>Конкурентная зарплата, гибкий график, ДМС и возможность удаленной работы.</li></ul>"
90000768,Ищем: Fullstack Developer (Python / Vue.js),От 1 года до 3 лет,between1And3,130000,210000,RUR,remote,"[""Git"", ""Go"", ""Docker"", ""Asyncio"", ""PostgreSQL""]","<h3>О проекте:</h3><p>Мы разрабатываем высоконагруженную платформу автоматизации аналитики и бизнес-процессов.</p>
    <h3>Обязанности:</h3><ul><li>Разработка микросервисов на Python и фреймворке Flask.</li>
    <li>Проектирование архитектуры базы данных PostgreSQL и оптимизация сложных аналитических запросов.</li>
    <li>Контейнеризация и настройка пайплайнов деплоя с использованием Docker.</li></ul>
    <h3>Требования:</h3><ul><li>Опыт работы с технологиями: Git, Go, Docker, Asyncio, PostgreSQL.</li>
    <li>Понимание принципов чистого кода, SOLID и микросервисной архитектуры.</li>
    <li>Умение работать в Agile/Scrum команде.</li></ul>
    <h3>Мы предлагаем:</h3><ul><li>Конкурентная зарплата, гибкий график, ДМС и возможность удаленной работы.</li></ul>"
90000769,Удаленно: Junior QA Automation (Python),От 1 года до 3 лет,between1And3,,115000,RUR,fullDay,"[""Git"", ""Django"", ""PostgreSQL"", ""Python""]","<p>В финтех направление открыта вакансия Удаленно: Junior QA Automation (Python).</p>
    <p><strong>Задачи:</strong></p><ul><li>Создание масштабируемых сервисов с низким latency.</li>
    <li>Интеграция с платежными шлюзами и внешними API.</li><li>Написание юнит и интеграционных тестов.</li></ul>
    <p><strong>Стек:</strong> Git, Django, PostgreSQL, Python.</p>
    <p><strong>Условия:</strong> полностью белая зарплата, техника на выбор, дружная инженерная культура.</p>"
90000770,Data Engineer,От 1 года до 3 лет,between1And3,160000,255000,RUR,remote,"[""Git"", ""FastAPI"", ""CI/CD"", ""Pytest"", ""SQLAlchemy"", ""PostgreSQL""]","<h3>О проекте:</h3><p>Мы разрабатываем высоконагруженную платформу автоматизации аналитики и бизнес-процессов.</p>
    <h3>Обязанности:</h3><ul><li>Разработка микросервисов на Python и фреймворке FastAPI.</li>
    <li>Проектирование архитектуры базы данных PostgreSQL и оптимизация сложных аналитических запросов.</li>
    <li>Контейнеризация и настройка пайплайнов деплоя с использованием Docker.</li></ul>
    <h3>Требования:</h3><ul><li>Опыт работы с технологиями: Git, FastAPI, CI/CD, Pytest, SQLAlchemy, PostgreSQL.</li>
    <li>Понимание принципов чистого кода, SOLID и микросервисной архитектуры.</li>
    <li>Умение работать в Agile/Scrum команде.</li></ul>
    <h3>Мы предлагаем:</h3><ul><li>Конкурентная зарплата, гибкий график, ДМС и возможность удаленной работы.</li></ul>"
90000771,Python Backend Engineer,От 1 года до 3 лет,between1And3,185000,,RUR,flexible,"[""Microservices"", ""Git"", ""PostgreSQL"", ""Redis""]","<p>В финтех направление открыта вакансия Python Backend Engineer.</p>
    <p><strong>Задачи:</strong></p><ul><li>Создание масштабируемых сервисов с низким latency.</li>
    <li>Интеграция с платежными шлюзами и внешними API.</li><li>Написание юнит и интеграционных тестов.</li></ul>
    <p><strong>Стек:</strong> Microservices, Git, PostgreSQL, Redis.</p>
    <p><strong>Условия:</strong> полностью белая зарплата, техника на выбор, дружная инженерная культура.</p>"
90000772,Ищем: Junior DevOps Engineer,От 1 года до 3 лет,between1And3,70000,115000,RUR,fullDay,"[""Git"", ""Kubernetes"", ""PostgreSQL"", ""Docker""]","<p>В финтех направление открыта вакансия Ищем: Junior DevOps Engineer.</p>
    <p><strong>Задачи:</strong></p><ul><li>Создание масштабируемых сервисов с низким latency.</li>
    <li>Интеграция с платежными шлюзами и внешними API.</li><li>Написание юнит и интеграционных тестов.</li></ul>
    <p><strong>Стек:</strong> Git, Kubernetes, PostgreSQL, Docker.</p>
    <p><strong>Условия:</strong> полностью белая зарплата, техника на выбор, дружная инженерная культура.</p>"
90000773,Разработчик Python,От 1 года до 3 лет,between1And3,80000,135000,RUR,fullDay,"[""Pytest"", ""Celery"", ""Django"", ""ClickHouse"", ""PostgreSQL""]","<p>В финтех направление открыта вакансия Разработчик Python.</p>
    <p><strong>Задачи:</strong></p><ul><li>Создание масштабируемых сервисов с низким latency.</li>
    <li>Интеграция с платежными шлюзами и внешними API.</li><li>Написание юнит и интеграционных тестов.</li></ul>
    <p><strong>Стек:</strong> Pytest, Celery, Django, ClickHouse, PostgreSQL.</p>
    <p><strong>Условия:</strong> полностью белая зарплата, техника на выбор, дружная инженерная культура.</p>"
90000774,Lead / Senior Backend Engineer (Go / Python),Более 6 лет,moreThan6,305000,480000,RUR,remote,"[""Microservices"", ""REST API"", ""Go"", ""Celery""]","<p>В финтех направление открыта вакансия Lead / Senior Backend Engineer (Go / Python).</p>
    <p><strong>Задачи:</strong></p><ul><li>Создание масштабируемых сервисов с низким latency.</li>
    <li>Интеграция с платежными шлюзами и внешними API.</li><li>Написание юнит и интеграционных тестов.</li></ul>
    <p><strong>Стек:</strong> Microservices, REST API, Go, Celery.</p>
    <p><strong>Условия:</strong> полностью белая зарплата, техника на выбор, дружная инженерная культура.</p>"
90000775,Удаленно: Middle Go Engineer (Микросервисы),От 3 до 6 лет,between3And6,160000,250000,RUR,fullDay,"[""Python"", ""Git"", ""Go"", ""Redis""]","<p>В финтех направление открыта вакансия Удаленно: Middle Go Engineer (Микросервисы).</p>
    <p><strong>Задачи:</strong></p><ul><li>Создание масштабируемых сервисов с низким latency.</li>
    <li>Интеграция с платежными шлюзами и внешними API.</li><li>Написание юнит и интеграционных тестов.</li></ul>
    <p><strong>Стек:</strong> Python, Git, Go, Redis.</p>
    <p><strong>Условия:</strong> полностью белая зарплата, техника на выбор, дружная инженерная культура.</p>"
90000776,Удаленно: Junior DevOps Engineer,Более 6 лет,moreThan6,70000,120000,RUR,fullDay,"[""Git"", ""Django"", ""Linux""]","<h3>О проекте:</h3><p>Мы разрабатываем высоконагруженную платформу автоматизации аналитики и бизнес-процессов.</p>
    <h3>Обязанности:</h3><ul><li>Разработка микросервисов на Python и фреймворке Django.</li>
    <li>Проектирование архитектуры базы данных Redis и оптимизация сложных аналитических запросов.</li>
    <li>Контейнеризация и настройка пайплайнов деплоя с использованием Docker.</li></ul>
    <h3>Требования:</h3><ul><li>Опыт работы с технологиями: Git, Django, Linux.</li>
    <li>Понимание принципов чистого кода, SOLID и микросервисной архитектуры.</li>
    <li>Умение работать в Agile/Scrum команде.</li></ul>
    <h3>Мы предлагаем:</h3><ul><li>Конкурентная зарплата, гибкий график, ДМС и возможность удаленной работы.</li></ul>"
90000777,Ведущий разработчик Python,Более 6 лет,moreThan6,250000,390000,RUR,remote,"[""Kubernetes"", ""SQLAlchemy"", ""PostgreSQL""]","<h3>О проекте:</h3><p>Мы разрабатываем высоконагруженную платформу автоматизации аналитики и бизнес-процессов.</p>
    <h3>Обязанности:</h3><ul><li>Разработка микросервисов на Python и фреймворке Flask.</li>
    <li>Проектирование архитектуры базы данных PostgreSQL и оптимизация сложных аналитических запросов.</li>
    <li>Контейнеризация и настройка пайплайнов деплоя с использованием Docker и Kubernetes.</li></ul>
    <h3>Требования:</h3><ul><li>Опыт работы с технологиями: Kubernetes, SQLAlchemy, PostgreSQL.</li>
    <li>Понимание принципов чистого кода, SOLID и микросервисной архитектуры.</li>
    <li>Умение работать в Agile/Scrum команде.</li></ul>
    <h3>Мы предлагаем:</h3><ul><li>Конкурентная зарплата, гибкий график, ДМС и возможность удаленной работы.</li></ul>"
90000778,Инженер бэкенда,От 3 до 6 лет,between3And6,160000,245000,RUR,fullDay,"[""Git"", ""Redis"", ""Go"", ""Docker"", ""RabbitMQ""]","<p>В финтех направление открыта вакансия Инженер бэкенда.</p>
    <p><strong>Задачи:</strong></p><ul><li>Создание масштабируемых сервисов с низким latency.</li>
    <li>Интеграция с платежными шлюзами и внешними API.</li><li>Написание юнит и интеграционных тестов.</li></ul>
    <p><strong>Стек:</strong> Git, Redis, Go, Docker, RabbitMQ.</p>
    <p><strong>Условия:</strong> полностью белая зарплата, техника на выбор, дружная инженерная культура.</p>"
90000779,Middle Python Developer,От 1 года до 3 лет,between1And3,150000,240000,RUR,remote,"[""REST API"", ""Go"", ""FastAPI"", ""Python""]","<p>В финтех направление открыта вакансия Middle Python Developer.</p>
    <p><strong>Задачи:</strong></p><ul><li>Создание масштабируемых сервисов с низким latency.</li>
    <li>Интеграция с платежными шлюзами и внешними API.</li><li>Написание юнит и интеграционных тестов.</li></ul>
    <p><strong>Стек:</strong> REST API, Go, FastAPI, Python.</p>
    <p><strong>Условия:</strong> полностью белая зарплата, техника на выбор, дружная инженерная культура.</p>"
90000780,Удаленно: Trainee / Junior Data Engineer,Нет опыта,noExperience,50000,80000,RUR,remote,"[""Git"", ""REST API"", ""Linux"", ""Go"", ""Python"", ""ClickHouse"", ""PostgreSQL""]","<h3>О проекте:</h3><p>Мы разрабатываем высоконагруженную платформу автоматизации аналитики и бизнес-процессов.</p>
    <h3>Обязанности:</h3><ul><li>Разработка микросервисов на Python и фреймворке Flask.</li>
    <li>Проектирование архитектуры базы данных PostgreSQL и оптимизация сложных аналитических запросов.</li>
    <li>Контейнеризация и настройка пайплайнов деплоя с использованием Docker.</li></ul>
    <h3>Требования:</h3><ul><li>Опыт работы с технологиями: Git, REST API, Linux, Go, Python, ClickHouse, PostgreSQL.</li>
    <li>Понимание принципов чистого кода, SOLID и микросервисной архитектуры.</li>
    <li>Умение работать в Agile/Scrum команде.</li></ul>
    <h3>Мы предлагаем:</h3><ul><li>Конкурентная зарплата, гибкий график, ДМС и возможность удаленной работы.</li></ul>"
90000781,IT Компания: Стажер-разработчик Python,Нет опыта,noExperience,35000,65000,RUR,remote,"[""Git"", ""Docker"", ""Python"", ""Django"", ""PostgreSQL""]","<p>В финтех направление открыта вакансия IT Компания: Стажер-разработчик Python.</p>
    <p><strong>Задачи:</strong></p><ul><li>Создание масштабируемых сервисов с низким latency.</li>
    <li>Интеграция с платежными шлюзами и внешними API.</li><li>Написание юнит и интеграционных тестов.</li></ul>
    <p><strong>Стек:</strong> Git, Docker, Python, Django, PostgreSQL.</p>
    <p><strong>Условия:</strong> полностью белая зарплата, техника на выбор, дружная инженерная культура.</p>"
90000782,Удаленно: Trainee / Junior Data Engineer,Нет опыта,noExperience,,,RUR,remote,"[""Git"", ""Django"", ""CI/CD"", ""Linux""]","<h3>О проекте:</h3><p>Мы разрабатываем высоконагруженную платформу автоматизации аналитики и бизнес-процессов.</p>
    <h3>Обязанности:</h3><ul><li>Разработка микросервисов на Python и фреймворке Django.</li>
    <li>Проектирование архитектуры базы данных Redis и оптимизация сложных аналитических запросов.</li>
    <li>Контейнеризация и настройка пайплайнов деплоя с использованием Docker.</li></ul>
    <h3>Требования:</h3><ul><li>Опыт работы с технологиями: Git, Django, CI/CD, Linux.</li>
    <li>Понимание принципов чистого кода, SOLID и микросервисной архитектуры.</li>
    <li>Умение работать в Agile/Scrum команде.</li></ul>
    <h3>Мы предлагаем:</h3><ul><li>Конкурентная зарплата, гибкий график, ДМС и возможность удаленной работы.</li></ul>"
90000783,Python Backend Engineer,От 1 года до 3 лет,between1And3,145000,225000,RUR,remote,"[""Git"", ""FastAPI"", ""Redis"", ""Go"", ""Python"", ""Asyncio"", ""Django""]","<h3>О проекте:</h3><p>Мы разрабатываем высоконагруженную платформу автоматизации аналитики и бизнес-процессов.</p>
    <h3>Обязанности:</h3><ul><li>Разработка микросервисов на Python и фреймворке FastAPI.</li>
    <li>Проектирование архитектуры базы данных Redis и оптимизация сложных аналитических запросов.</li>
    <li>Контейнеризация и настройка пайплайнов деплоя с использованием Docker.</li></ul>
    <h3>Требования:</h3><ul><li>Опыт работы с технологиями: Git, FastAPI, Redis, Go, Python, Asyncio, Django.</li>
    <li>Понимание принципов чистого кода, SOLID и микросервисной архитектуры.</li>
    <li>Умение работать в Agile/Scrum команде.</li></ul>
    <h3>Мы предлагаем:</h3><ul><li>Конкурентная зарплата, гибкий график, ДМС и возможность удаленной работы.</li></ul>"
90000784,Разработчик Python,От 3 до 6 лет,between3And6,320000,,RUR,remote,"[""CI/CD"", ""ClickHouse"", ""Python""]","<p>В финтех направление открыта вакансия Разработчик Python.</p>
    <p><strong>Задачи:</strong></p><ul><li>Создание масштабируемых сервисов с низким latency.</li>
    <li>Интеграция с платежными шлюзами и внешними API.</li><li>Написание юнит и интеграционных тестов.</li></ul>
    <p><strong>Стек:</strong> CI/CD, ClickHouse, Python.</p>
    <p><strong>Условия:</strong> полностью белая зарплата, техника на выбор, дружная инженерная культура.</p>"
90000785,IT Компания: Senior Golang Developer,От 3 до 6 лет,between3And6,340000,515000,RUR,remote,"[""FastAPI"", ""Linux"", ""Microservices"", ""Kafka"", ""Go"", ""Kubernetes""]","<h3>О проекте:</h3><p>Мы разрабатываем высоконагруженную платформу автоматизации аналитики и бизнес-процессов.</p>
    <h3>Обязанности:</h3><ul><li>Разработка микросервисов на Go и фреймворке FastAPI.</li>
    <li>Проектирование архитектуры базы данных Redis и оптимизация сложных аналитических запросов.</li>
    <li>Контейнеризация и настройка пайплайнов деплоя с использованием Docker и Kubernetes.</li></ul>
    <h3>Требования:</h3><ul><li>Опыт работы с технологиями: FastAPI, Linux, Microservices, Kafka, Go, Kubernetes.</li>
    <li>Понимание принципов чистого кода, SOLID и микросервисной архитектуры.</li>
    <li>Умение работать в Agile/Scrum команде.</li></ul>
    <h3>Мы предлагаем:</h3><ul><li>Конкурентная зарплата, гибкий график, ДМС и возможность удаленной работы.</li></ul>"
90000786,Удаленно: Fullstack Developer (Python / Vue.js),От 1 года до 3 лет,between1And3,,,RUR,fullDay,"[""Asyncio"", ""Kubernetes"", ""Celery"", ""SQLAlchemy""]","<h3>О проекте:</h3><p>Мы разрабатываем высоконагруженную платформу автоматизации аналитики и бизнес-процессов.</p>
    <h3>Обязанности:</h3><ul><li>Разработка микросервисов на Python и фреймворке Flask.</li>
    <li>Проектирование архитектуры базы данных Redis и оптимизация сложных аналитических запросов.</li>
    <li>Контейнеризация и настройка пайплайнов деплоя с использованием Docker и Kubernetes.</li></ul>
    <h3>Требования:</h3><ul><li>Опыт работы с технологиями: Asyncio, Kubernetes, Celery, SQLAlchemy.</li>
    <li>Понимание принципов чистого кода, SOLID и микросервисной архитектуры.</li>
    <li>Умение работать в Agile/Scrum команде.</li></ul>
    <h3>Мы предлагаем:</h3><ul><li>Конкурентная зарплата, гибкий график, ДМС и возможность удаленной работы.</li></ul>"
90000787,Удаленно: Senior Data Engineer / Architect,Более 6 лет,moreThan6,310000,495000,RUR,remote,"[""PostgreSQL"", ""Kafka"", ""FastAPI"", ""Linux""]","<h3>О проекте:</h3><p>Мы разрабатываем высоконагруженную платформу автоматизации аналитики и бизнес-процессов.</p>
    <h3>Обязанности:</h3><ul><li>Разработка микросервисов на Python и фреймворке FastAPI.</li>
    <li>Проектирование архитектуры базы данных PostgreSQL и оптимизация сложных аналитических запросов.</li>
    <li>Контейнеризация и настройка пайплайнов деплоя с использованием Docker.</li></ul>
    <h3>Требования:</h3><ul><li>Опыт работы с технологиями: PostgreSQL, Kafka, FastAPI, Linux.</li>
    <li>Понимание принципов чистого кода, SOLID и микросервисной архитектуры.</li>
    <li>Умение работать в Agile/Scrum команде.</li></ul>
    <h3>Мы предлагаем:</h3><ul><li>Конкурентная зарплата, гибкий график, ДМС и возможность удаленной работы.</li></ul>"
90000788,Senior Golang Developer,От 3 до 6 лет,between3And6,295000,445000,RUR,fullDay,"[""FastAPI"", ""Microservices"", ""Celery"", ""Kafka"", ""PostgreSQL""]","<p>В финтех направление открыта вакансия Senior Golang Developer.</p>
    <p><strong>Задачи:</strong></p><ul><li>Создание масштабируемых сервисов с низким latency.</li>
    <li>Интеграция с платежными шлюзами и внешними API.</li><li>Написание юнит и интеграционных тестов.</li></ul>
    <p><strong>Стек:</strong> FastAPI, Microservices, Celery, Kafka, PostgreSQL.</p>
    <p><strong>Условия:</strong> полностью белая зарплата, техника на выбор, дружная инженерная культура.</p>"
90000789,"Ищем: Backend Разработчик (Python, FastAPI, PostgreSQL)",От 1 года до 3 лет,between1And3,180000,285000,RUR,remote,"[""Asyncio"", ""Git"", ""Docker"", ""Redis""]","<p>В финтех направление открыта вакансия Ищем: Backend Разработчик (Python, FastAPI, PostgreSQL).</p>
    <p><strong>Задачи:</strong></p><ul><li>Создание масштабируемых сервисов с низким latency.</li>
    <li>Интеграция с платежными шлюзами и внешними API.</li><li>Написание юнит и интеграционных тестов.</li></ul>
    <p><strong>Стек:</strong> Asyncio, Git, Docker, Redis.</p>
    <p><strong>Условия:</strong> полностью белая зарплата, техника на выбор, дружная инженерная культура.</p>"
90000790,Senior Golang Developer,От 3 до 6 лет,between3And6,,,RUR,fullDay,"[""Linux"", ""FastAPI"", ""CI/CD"", ""Python"", ""ClickHouse"", ""PostgreSQL""]","<h3>О проекте:</h3><p>Мы разрабатываем высоконагруженную платформу автоматизации аналитики и бизнес-процессов.</p>
    <h3>Обязанности:</h3><ul><li>Разработка микросервисов на Python и фреймворке FastAPI.</li>
    <li>Проектирование архитектуры базы данных PostgreSQL и оптимизация сложных аналитических запросов.</li>
    <li>Контейнеризация и настройка пайплайнов деплоя с использованием Docker.</li></ul>
    <h3>Требования:</h3><ul><li>Опыт работы с технологиями: Linux, FastAPI, CI/CD, Python, ClickHouse, PostgreSQL.</li>
    <li>Понимание принципов чистого кода, SOLID и микросервисной архитектуры.</li>
    <li>Умение работать в Agile/Scrum команде.</li></ul>
    <h3>Мы предлагаем:</h3><ul><li>Конкурентная зарплата, гибкий график, ДМС и возможность удаленной работы.</li></ul>"
90000791,Junior Python Developer,От 3 до 6 лет,between3And6,,,RUR,remote,"[""REST API"", ""Linux"", ""Python"", ""Django"", ""PostgreSQL""]","<h3>О проекте:</h3><p>Мы разрабатываем высоконагруженную платформу автоматизации аналитики и бизнес-процессов.</p>
    <h3>Обязанности:</h3><ul><li>Разработка микросервисов на Python и фреймворке Django.</li>
    <li>Проектирование архитектуры базы данных PostgreSQL и оптимизация сложных аналитических запросов.</li>
    <li>Контейнеризация и настройка пайплайнов деплоя с использованием Docker.</li></ul>
    <h3>Требования:</h3><ul><li>Опыт работы с технологиями: REST API, Linux, Python, Django, PostgreSQL.</li>
    <li>Понимание принципов чистого кода, SOLID и микросервисной архитектуры.</li>
    <li>Умение работать в Agile/Scrum команде.</li></ul>
    <h3>Мы предлагаем:</h3><ul><li>Конкурентная зарплата, гибкий график, ДМС и возможность удаленной работы.</li></ul>"
90000792,Data Engineer,От 1 года до 3 лет,between1And3,135000,,RUR,flexible,"[""Redis"", ""Go"", ""SQLAlchemy"", ""Kubernetes"", ""PostgreSQL""]","<h3>О проекте:</h3><p>Мы разрабатываем высоконагруженную платформу автоматизации аналитики и бизнес-процессов.</p>
    <h3>Обязанности:</h3><ul><li>Разработка микросервисов на Go и фреймворке Flask.</li>
    <li>Проектирование архитектуры базы данных PostgreSQL и оптимизация сложных аналитических запросов.</li>
    <li>Контейнеризация и настройка пайплайнов деплоя с использованием Docker и Kubernetes.</li></ul>
    <h3>Требования:</h3><ul><li>Опыт работы с технологиями: Redis, Go, SQLAlchemy, Kubernetes, PostgreSQL.</li>
    <li>Понимание принципов чистого кода, SOLID и микросервисной архитектуры.</li>
    <li>Умение работать в Agile/Scrum команде.</li></ul>
    <h3>Мы предлагаем:</h3><ul><li>Конкурентная зарплата, гибкий график, ДМС и возможность удаленной работы.</li></ul>"
90000793,Python Backend Engineer,От 1 года до 3 лет,between1And3,,250000,RUR,fullDay,"[""Git"", ""FastAPI"", ""SQLAlchemy"", ""Docker"", ""Python"", ""Django"", ""PostgreSQL""]","<p>В финтех направление открыта вакансия Python Backend Engineer.</p>
    <p><strong>Задачи:</strong></p><ul><li>Создание масштабируемых сервисов с низким latency.</li>
    <li>Интеграция с платежными шлюзами и внешними API.</li><li>Написание юнит и интеграционных тестов.</li></ul>
    <p><strong>Стек:</strong> Git, FastAPI, SQLAlchemy, Docker, Python, Django, PostgreSQL.</p>
    <p><strong>Условия:</strong> полностью белая зарплата, техника на выбор, дружная инженерная культура.</p>"
90000794,Go Backend Developer,Нет опыта,noExperience,50000,85000,RUR,remote,"[""Linux"", ""Python"", ""Django"", ""ClickHouse"", ""PostgreSQL""]","<p>В финтех направление открыта вакансия Go Backend Developer.</p>
    <p><strong>Задачи:</strong></p><ul><li>Создание масштабируемых сервисов с низким latency.</li>
    <li>Интеграция с платежными шлюзами и внешними API.</li><li>Написание юнит и интеграционных тестов.</li></ul>
    <p><strong>Стек:</strong> Linux, Python, Django, ClickHouse, PostgreSQL.</p>
    <p><strong>Условия:</strong> полностью белая зарплата, техника на выбор, дружная инженерная культура.</p>"
90000795,Удаленно: Trainee / Junior Data Engineer,Нет опыта,noExperience,55000,85000,RUR,flexible,"[""REST API"", ""Django"", ""PostgreSQL"", ""RabbitMQ""]","<h3>О проекте:</h3><p>Мы разрабатываем высоконагруженную платформу автоматизации аналитики и бизнес-процессов.</p>
    <h3>Обязанности:</h3><ul><li>Разработка микросервисов на Python и фреймворке Django.</li>
    <li>Проектирование архитектуры базы данных PostgreSQL и оптимизация сложных аналитических запросов.</li>
    <li>Контейнеризация и настройка пайплайнов деплоя с использованием Docker.</li></ul>
    <h3>Требования:</h3><ul><li>Опыт работы с технологиями: REST API, Django, PostgreSQL, RabbitMQ.</li>
    <li>Понимание принципов чистого кода, SOLID и микросервисной архитектуры.</li>
    <li>Умение работать в Agile/Scrum команде.</li></ul>
    <h3>Мы предлагаем:</h3><ul><li>Конкурентная зарплата, гибкий график, ДМС и возможность удаленной работы.</li></ul>"
90000796,IT Компания: Middle Python Developer,От 1 года до 3 лет,between1And3,,,RUR,fullDay,"[""Git"", ""REST API"", ""Linux"", ""Python""]","<p>В финтех направление открыта вакансия IT Компания: Middle Python Developer.</p>
    <p><strong>Задачи:</strong></p><ul><li>Создание масштабируемых сервисов с низким latency.</li>
    <li>Интеграция с платежными шлюзами и внешними API.</li><li>Написание юнит и интеграционных тестов.</li></ul>
    <p><strong>Стек:</strong> Git, REST API, Linux, Python.</p>
    <p><strong>Условия:</strong> полностью белая зарплата, техника на выбор, дружная инженерная культура.</p>"
90000797,Fullstack Developer (Python / Vue.js),От 1 года до 3 лет,between1And3,125000,205000,RUR,remote,"[""REST API"", ""Linux"", ""Redis"", ""Go"", ""SQLAlchemy"", ""Kafka"", ""PostgreSQL""]","<p>В финтех направление открыта вакансия Fullstack Developer (Python / Vue.js).</p>
    <p><strong>Задачи:</strong></p><ul><li>Создание масштабируемых сервисов с низким latency.</li>
    <li>Интеграция с платежными шлюзами и внешними API.</li><li>Написание юнит и интеграционных тестов.</li></ul>
    <p><strong>Стек:</strong> REST API, Linux, Redis, Go, SQLAlchemy, Kafka, PostgreSQL.</p>
    <p><strong>Условия:</strong> полностью белая зарплата, техника на выбор, дружная инженерная культура.</p>"
90000798,Senior DevOps / SRE Engineer,От 3 до 6 лет,between3And6,335000,,RUR,remote,"[""Kubernetes"", ""Go"", ""FastAPI"", ""Docker""]","<h3>О проекте:</h3><p>Мы разрабатываем высоконагруженную платформу автоматизации аналитики и бизнес-процессов.</p>
    <h3>Обязанности:</h3><ul><li>Разработка микросервисов на Go и фреймворке FastAPI.</li>
    <li>Проектирование архитектуры базы данных Redis и оптимизация сложных аналитических запросов.</li>
    <li>Контейнеризация и настройка пайплайнов деплоя с использованием Docker и Kubernetes.</li></ul>
    <h3>Требования:</h3><ul><li>Опыт работы с технологиями: Kubernetes, Go, FastAPI, Docker.</li>
    <li>Понимание принципов чистого кода, SOLID и микросервисной архитектуры.</li>
    <li>Умение работать в Agile/Scrum команде.</li></ul>
    <h3>Мы предлагаем:</h3><ul><li>Конкурентная зарплата, гибкий график, ДМС и возможность удаленной работы.</li></ul>"
90000799,Разработчик Python,Нет опыта,noExperience,70000,,RUR,fullDay,"[""REST API"", ""Linux"", ""FastAPI"", ""Docker"", ""Python"", ""Django""]","<h3>О проекте:</h3><p>Мы разрабатываем высоконагруженную платформу автоматизации аналитики и бизнес-процессов.</p>
    <h3>Обязанности:</h3><ul><li>Разработка микросервисов на Python и фреймворке FastAPI.</li>
    <li>Проектирование архитектуры базы данных Redis и оптимизация сложных аналитических запросов.</li>
    <li>Контейнеризация и настройка пайплайнов деплоя с использованием Docker.</li></ul>
    <h3>Требования:</h3><ul><li>Опыт работы с технологиями: REST API, Linux, FastAPI, Docker, Python, Django.</li>
    <li>Понимание принципов чистого кода, SOLID и микросервисной архитектуры.</li>
    <li>Умение работать в Agile/Scrum команде.</li></ul>
    <h3>Мы предлагаем:</h3><ul><li>Конкурентная зарплата, гибкий график, ДМС и возможность удаленной работы.</li></ul>"
90000800,Software Engineer,Нет опыта,noExperience,,,RUR,fullDay,"[""REST API"", ""Django"", ""Git"", ""Linux""]","<h3>О проекте:</h3><p>Мы разрабатываем высоконагруженную платформу автоматизации аналитики и бизнес-процессов.</p>
    <h3>Обязанности:</h3><ul><li>Разработка микросервисов на Python и фреймворке Django.</li>
    <li>Проектирование архитектуры базы данных Redis и оптимизация сложных аналитических запросов.</li>
    <li>Контейнеризация и настройка пайплайнов деплоя с использованием Docker.</li></ul>
    <h3>Требования:</h3><ul><li>Опыт работы с технологиями: REST API, Django, Git, Linux.</li>
    <li>Понимание принципов чистого кода, SOLID и микросервисной архитектуры.</li>
    <li>Умение работать в Agile/Scrum команде.</li></ul>
    <h3>Мы предлагаем:</h3><ul><li>Конкурентная зарплата, гибкий график, ДМС и возможность удаленной работы.</li></ul>"
90000801,Удаленно: Middle Go Engineer (Микросервисы),От 3 до 6 лет,between3And6,,295000,RUR,flexible,"[""FastAPI"", ""Go"", ""Docker"", ""Redis""]","<p>В финтех направление открыта вакансия Удаленно: Middle Go Engineer (Микросервисы).</p>
    <p><strong>Задачи:</strong></p><ul><li>Создание масштабируемых сервисов с низким latency.</li>
    <li>Интеграция с платежными шлюзами и внешними API.</li><li>Написание юнит и интеграционных тестов.</li></ul>
    <p><strong>Стек:</strong> FastAPI, Go, Docker, Redis.</p>
    <p><strong>Условия:</strong> полностью белая зарплата, техника на выбор, дружная инженерная культура.</p>"
90000802,Junior QA Automation (Python),От 1 года до 3 лет,between1And3,65000,100000,RUR,remote,"[""REST API"", ""Git"", ""FastAPI"", ""Python"", ""PostgreSQL""]","<h3>О проекте:</h3><p>Мы разрабатываем высоконагруженную платформу автоматизации аналитики и бизнес-процессов.</p>
    <h3>Обязанности:</h3><ul><li>Разработка микросервисов на Python и фреймворке FastAPI.</li>
    <li>Проектирование архитектуры базы данных PostgreSQL и оптимизация сложных аналитических запросов.</li>
    <li>Контейнеризация и настройка пайплайнов деплоя с использованием Docker.</li></ul>
    <h3>Требования:</h3><ul><li>Опыт работы с технологиями: REST API, Git, FastAPI, Python, PostgreSQL.</li>
    <li>Понимание принципов чистого кода, SOLID и микросервисной архитектуры.</li>
    <li>Умение работать в Agile/Scrum команде.</li></ul>
    <h3>Мы предлагаем:</h3><ul><li>Конкурентная зарплата, гибкий график, ДМС и возможность удаленной работы.</li></ul>"
90000803,IT Компания: Junior Go / Golang Developer,Нет опыта,noExperience,70000,,RUR,fullDay,"[""Asyncio"", ""Django"", ""ClickHouse"", ""Python""]","<h3>О проекте:</h3><p>Мы разрабатываем высоконагруженную платформу автоматизации аналитики и бизнес-процессов.</p>
    <h3>Обязанности:</h3><ul><li>Разработка микросервисов на Python и фреймворке Django.</li>
    <li>Проектирование архитектуры базы данных Redis и оптимизация сложных аналитических запросов.</li>
    <li>Контейнеризация и настройка пайплайнов деплоя с использованием Docker.</li></ul>
    <h3>Требования:</h3><ul><li>Опыт работы с технологиями: Asyncio, Django, ClickHouse, Python.</li>
    <li>Понимание принципов чистого кода, SOLID и микросервисной архитектуры.</li>
    <li>Умение работать в Agile/Scrum команде.</li></ul>
    <h3>Мы предлагаем:</h3><ul><li>Конкурентная зарплата, гибкий график, ДМС и возможность удаленной работы.</li></ul>"
90000804,Удаленно: Senior Golang Developer,От 3 до 6 лет,between3And6,350000,525000,RUR,remote,"[""Asyncio"", ""FastAPI"", ""ClickHouse"", ""PostgreSQL""]","<p>В финтех направление открыта вакансия Удаленно: Senior Golang Developer.</p>
    <p><strong>Задачи:</strong></p><ul><li>Создание масштабируемых сервисов с низким latency.</li>
    <li>Интеграция с платежными шлюзами и внешними API.</li><li>Написание юнит и интеграционных тестов.</li></ul>
    <p><strong>Стек:</strong> Asyncio, FastAPI, ClickHouse, PostgreSQL.</p>
    <p><strong>Условия:</strong> полностью белая зарплата, техника на выбор, дружная инженерная культура.</p>"
90000805,IT Компания: Python Backend Engineer,От 1 года до 3 лет,between1And3,160000,250000,RUR,remote,"[""FastAPI"", ""Go"", ""Docker"", ""SQLAlchemy"", ""Python"", ""Asyncio"", ""PostgreSQL""]","<p>В финтех направление открыта вакансия IT Компания: Python Backend Engineer.</p>
    <p><strong>Задачи:</strong></p><ul><li>Создание масштабируемых сервисов с низким latency.</li>
    <li>Интеграция с платежными шлюзами и внешними API.</li><li>Написание юнит и интеграционных тестов.</li></ul>
    <p><strong>Стек:</strong> FastAPI, Go, Docker, SQLAlchemy, Python, Asyncio, PostgreSQL.</p>
    <p><strong>Условия:</strong> полностью белая зарплата, техника на выбор, дружная инженерная культура.</p>"
90000806,Senior DevOps / SRE Engineer,От 3 до 6 лет,between3And6,,,RUR,remote,"[""REST API"", ""Kubernetes"", ""PostgreSQL"", ""Docker""]","<p>В финтех направление открыта вакансия Senior DevOps / SRE Engineer.</p>
    <p><strong>Задачи:</strong></p><ul><li>Создание масштабируемых сервисов с низким latency.</li>
    <li>Интеграция с платежными шлюзами и внешними API.</li><li>Написание юнит и интеграционных тестов.</li></ul>
    <p><strong>Стек:</strong> REST API, Kubernetes, PostgreSQL, Docker.</p>
    <p><strong>Условия:</strong> полностью белая зарплата, техника на выбор, дружная инженерная культура.</p>"
90000807,Удаленно: Trainee / Junior Data Engineer,Нет опыта,noExperience,,,RUR,remote,"[""Git"", ""Linux"", ""FastAPI"", ""Python"", ""Django"", ""PostgreSQL""]","<p>В финтех направление открыта вакансия Удаленно: Trainee / Junior Data Engineer.</p>
    <p><strong>Задачи:</strong></p><ul><li>Создание масштабируемых сервисов с низким latency.</li>
    <li>Интеграция с платежными шлюзами и внешними API.</li><li>Написание юнит и интеграционных тестов.</li></ul>
    <p><strong>Стек:</strong> Git, Linux, FastAPI, Python, Django, PostgreSQL.</p>
    <p><strong>Условия:</strong> полностью белая зарплата, техника на выбор, дружная инженерная культура.</p>"
90000808,IT Компания: Ведущий разработчик Python,Более 6 лет,moreThan6,300000,470000,RUR,flexible,"[""Microservices"", ""Docker"", ""Kafka"", ""PostgreSQL"", ""Kubernetes""]","<p>В финтех направление открыта вакансия IT Компания: Ведущий разработчик Python.</p>
    <p><strong>Задачи:</strong></p><ul><li>Создание масштабируемых сервисов с низким latency.</li>
    <li>Интеграция с платежными шлюзами и внешними API.</li><li>Написание юнит и интеграционных тестов.</li></ul>
    <p><strong>Стек:</strong> Microservices, Docker, Kafka, PostgreSQL, Kubernetes.</p>
    <p><strong>Условия:</strong> полностью белая зарплата, техника на выбор, дружная инженерная культура.</p>"
90000809,Удаленно: Golang Developer (Middle),От 3 до 6 лет,between3And6,220000,,RUR,remote,"[""Django"", ""SQLAlchemy"", ""Docker"", ""Redis""]","<p>В финтех направление открыта вакансия Удаленно: Golang Developer (Middle).</p>
    <p><strong>Задачи:</strong></p><ul><li>Создание масштабируемых сервисов с низким latency.</li>
    <li>Интеграция с платежными шлюзами и внешними API.</li><li>Написание юнит и интеграционных тестов.</li></ul>
    <p><strong>Стек:</strong> Django, SQLAlchemy, Docker, Redis.</p>
    <p><strong>Условия:</strong> полностью белая зарплата, техника на выбор, дружная инженерная культура.</p>"
90000810,Ищем: Middle Python Developer,От 1 года до 3 лет,between1And3,165000,265000,RUR,fullDay,"[""Git"", ""SQLAlchemy"", ""Docker"", ""Python"", ""Django""]","<h3>О проекте:</h3><p>Мы разрабатываем высоконагруженную платформу автоматизации аналитики и бизнес-процессов.</p>
    <h3>Обязанности:</h3><ul><li>Разработка микросервисов на Python и фреймворке Django.</li>
    <li>Проектирование архитектуры базы данных Redis и оптимизация сложных аналитических запросов.</li>
    <li>Контейнеризация и настройка пайплайнов деплоя с использованием Docker.</li></ul>
    <h3>Требования:</h3><ul><li>Опыт работы с технологиями: Git, SQLAlchemy, Docker, Python, Django.</li>
    <li>Понимание принципов чистого кода, SOLID и микросервисной архитектуры.</li>
    <li>Умение работать в Agile/Scrum команде.</li></ul>
    <h3>Мы предлагаем:</h3><ul><li>Конкурентная зарплата, гибкий график, ДМС и возможность удаленной работы.</li></ul>"
90000811,Fullstack Developer (Python / Vue.js),Более 6 лет,moreThan6,155000,250000,RUR,remote,"[""Git"", ""REST API"", ""SQLAlchemy"", ""PostgreSQL""]","<h3>О проекте:</h3><p>Мы разрабатываем высоконагруженную платформу автоматизации аналитики и бизнес-процессов.</p>
    <h3>Обязанности:</h3><ul><li>Разработка микросервисов на Python и фреймворке Flask.</li>
    <li>Проектирование архитектуры базы данных PostgreSQL и оптимизация сложных аналитических запросов.</li>
    <li>Контейнеризация и настройка пайплайнов деплоя с использованием Docker.</li></ul>
    <h3>Требования:</h3><ul><li>Опыт работы с технологиями: Git, REST API, SQLAlchemy, PostgreSQL.</li>
    <li>Понимание принципов чистого кода, SOLID и микросервисной архитектуры.</li>
    <li>Умение работать в Agile/Scrum команде.</li></ul>
    <h3>Мы предлагаем:</h3><ul><li>Конкурентная зарплата, гибкий график, ДМС и возможность удаленной работы.</li></ul>"
90000812,Junior QA Automation (Python),От 1 года до 3 лет,between1And3,55000,90000,RUR,flexible,"[""REST API"", ""Linux"", ""Go"", ""Python"", ""Django""]","<p>В финтех направление открыта вакансия Junior QA Automation (Python).</p>
    <p><strong>Задачи:</strong></p><ul><li>Создание масштабируемых сервисов с низким latency.</li>
    <li>Интеграция с платежными шлюзами и внешними API.</li><li>Написание юнит и интеграционных тестов.</li></ul>
    <p><strong>Стек:</strong> REST API, Linux, Go, Python, Django.</p>
    <p><strong>Условия:</strong> полностью белая зарплата, техника на выбор, дружная инженерная культура.</p>"
90000813,IT Компания: Junior QA Automation (Python),От 1 года до 3 лет,between1And3,,,RUR,remote,"[""REST API"", ""Linux"", ""CI/CD"", ""Docker"", ""Python"", ""Django""]","<p>В финтех направление открыта вакансия IT Компания: Junior QA Automation (Python).</p>
    <p><strong>Задачи:</strong></p><ul><li>Создание масштабируемых сервисов с низким latency.</li>
    <li>Интеграция с платежными шлюзами и внешними API.</li><li>Написание юнит и интеграционных тестов.</li></ul>
    <p><strong>Стек:</strong> REST API, Linux, CI/CD, Docker, Python, Django.</p>
    <p><strong>Условия:</strong> полностью белая зарплата, техника на выбор, дружная инженерная культура.</p>"
90000814,IT Компания: Senior Data Engineer / Architect,Более 6 лет,moreThan6,265000,425000,RUR,fullDay,"[""FastAPI"", ""Linux"", ""Kubernetes"", ""ClickHouse"", ""PostgreSQL""]","<h3>О проекте:</h3><p>Мы разрабатываем высоконагруженную платформу автоматизации аналитики и бизнес-процессов.</p>
    <h3>Обязанности:</h3><ul><li>Разработка микросервисов на Python и фреймворке FastAPI.</li>
    <li>Проектирование архитектуры базы данных PostgreSQL и оптимизация сложных аналитических запросов.</li>
    <li>Контейнеризация и настройка пайплайнов деплоя с использованием Docker и Kubernetes.</li></ul>
    <h3>Требования:</h3><ul><li>Опыт работы с технологиями: FastAPI, Linux, Kubernetes, ClickHouse, PostgreSQL.</li>
    <li>Понимание принципов чистого кода, SOLID и микросервисной архитектуры.</li>
    <li>Умение работать в Agile/Scrum команде.</li></ul>
    <h3>Мы предлагаем:</h3><ul><li>Конкурентная зарплата, гибкий график, ДМС и возможность удаленной работы.</li></ul>"
90000815,Ищем: Golang Developer (Middle),От 3 до 6 лет,between3And6,180000,,RUR,remote,"[""Git"", ""Redis"", ""Pytest"", ""Go"", ""Python"", ""ClickHouse"", ""PostgreSQL""]","<h3>О проекте:</h3><p>Мы разрабатываем высоконагруженную платформу автоматизации аналитики и бизнес-процессов.</p>
    <h3>Обязанности:</h3><ul><li>Разработка микросервисов на Python и фреймворке Flask.</li>
    <li>Проектирование архитектуры базы данных PostgreSQL и оптимизация сложных аналитических запросов.</li>
    <li>Контейнеризация и настройка пайплайнов деплоя с использованием Docker.</li></ul>
    <h3>Требования:</h3><ul><li>Опыт работы с технологиями: Git, Redis, Pytest, Go, Python, ClickHouse, PostgreSQL.</li>
    <li>Понимание принципов чистого кода, SOLID и микросервисной архитектуры.</li>
    <li>Умение работать в Agile/Scrum команде.</li></ul>
    <h3>Мы предлагаем:</h3><ul><li>Конкурентная зарплата, гибкий график, ДМС и возможность удаленной работы.</li></ul>"
90000816,"Senior Backend Architect (Go, PostgreSQL, Kafka)",Более 6 лет,moreThan6,,,RUR,remote,"[""FastAPI"", ""Go"", ""Kubernetes"", ""ClickHouse"", ""RabbitMQ""]","<h3>О проекте:</h3><p>Мы разрабатываем высоконагруженную платформу автоматизации аналитики и бизнес-процессов.</p>
    <h3>Обязанности:</h3><ul><li>Разработка микросервисов на Python и фреймворке FastAPI.</li>
    <li>Проектирование архитектуры базы данных Redis и оптимизация сложных аналитических запросов.</li>
    <li>Контейнеризация и настройка пайплайнов деплоя с использованием Docker и Kubernetes.</li></ul>
    <h3>Требования:</h3><ul><li>Опыт работы с технологиями: FastAPI, Go, Kubernetes, ClickHouse, RabbitMQ.</li>
    <li>Понимание принципов чистого кода, SOLID и микросервисной архитектуры.</li>
    <li>Умение работать в Agile/Scrum команде.</li></ul>
    <h3>Мы предлагаем:</h3><ul><li>Конкурентная зарплата, гибкий график, ДМС и возможность удаленной работы.</li></ul>"
90000817,IT Компания: Middle Go Engineer (Микросервисы),От 3 до 6 лет,between3And6,190000,290000,RUR,fullDay,"[""Git"", ""Go"", ""FastAPI""]","<h3>О проекте:</h3><p>Мы разрабатываем высоконагруженную платформу автоматизации аналитики и бизнес-процессов.</p>
    <h3>Обязанности:</h3><ul><li>Разработка микросервисов на Go и фреймворке FastAPI.</li>
    <li>Проектирование архитектуры базы данных Redis и оптимизация сложных аналитических запросов.</li>
    <li>Контейнеризация и настройка пайплайнов деплоя с использованием Docker.</li></ul>
    <h3>Требования:</h3><ul><li>Опыт работы с технологиями: Git, Go, FastAPI.</li>
    <li>Понимание принципов чистого кода, SOLID и микросервисной архитектуры.</li>
    <li>Умение работать в Agile/Scrum команде.</li></ul>
    <h3>Мы предлагаем:</h3><ul><li>Конкурентная зарплата, гибкий график, ДМС и возможность удаленной работы.</li></ul>"
90000818,Стажер-разработчик Python,От 1 года до 3 лет,between1And3,45000,,RUR,remote,"[""REST API"", ""Git"", ""FastAPI"", ""Celery"", ""Python"", ""Django"", ""PostgreSQL"", ""RabbitMQ""]","<h3>О проекте:</h3><p>Мы разрабатываем высоконагруженную платформу автоматизации аналитики и бизнес-процессов.</p>
    <h3>Обязанности:</h3><ul><li>Разработка микросервисов на Python и фреймворке FastAPI.</li>
    <li>Проектирование архитектуры базы данных PostgreSQL и оптимизация сложных аналитических запросов.</li>
    <li>Контейнеризация и настройка пайплайнов деплоя с использованием Docker.</li></ul>
    <h3>Требования:</h3><ul><li>Опыт работы с технологиями: REST API, Git, FastAPI, Celery, Python, Django, PostgreSQL, RabbitMQ.</li>
    <li>Понимание принципов чистого кода, SOLID и микросервисной архитектуры.</li>
    <li>Умение работать в Agile/Scrum команде.</li></ul>
    <h3>Мы предлагаем:</h3><ul><li>Конкурентная зарплата, гибкий график, ДМС и возможность удаленной работы.</li></ul>"
90000819,Инженер бэкенда,От 1 года до 3 лет,between1And3,,,RUR,fullDay,"[""Git"", ""REST API"", ""Linux"", ""Redis"", ""Python"", ""Kafka""]","<p>В финтех направление открыта вакансия Инженер бэкенда.</p>
    <p><strong>Задачи:</strong></p><ul><li>Создание масштабируемых сервисов с низким latency.</li>
    <li>Интеграция с платежными шлюзами и внешними API.</li><li>Написание юнит и интеграционных тестов.</li></ul>
    <p><strong>Стек:</strong> Git, REST API, Linux, Redis, Python, Kafka.</p>
    <p><strong>Условия:</strong> полностью белая зарплата, техника на выбор, дружная инженерная культура.</p>"
90000820,IT Компания: Senior Python Developer,От 3 до 6 лет,between3And6,265000,410000,RUR,remote,"[""Microservices"", ""CI/CD"", ""Go"", ""Python"", ""Kafka"", ""PostgreSQL""]","<h3>О проекте:</h3><p>Мы разрабатываем высоконагруженную платформу автоматизации аналитики и бизнес-процессов.</p>
    <h3>Обязанности:</h3><ul><li>Разработка микросервисов на Python и фреймворке Flask.</li>
    <li>Проектирование архитектуры базы данных PostgreSQL и оптимизация сложных аналитических запросов.</li>
    <li>Контейнеризация и настройка пайплайнов деплоя с использованием Docker.</li></ul>
    <h3>Требования:</h3><ul><li>Опыт работы с технологиями: Microservices, CI/CD, Go, Python, Kafka, PostgreSQL.</li>
    <li>Понимание принципов чистого кода, SOLID и микросервисной архитектуры.</li>
    <li>Умение работать в Agile/Scrum команде.</li></ul>
    <h3>Мы предлагаем:</h3><ul><li>Конкурентная зарплата, гибкий график, ДМС и возможность удаленной работы.</li></ul>"
90000821,"Senior Backend Architect (Go, PostgreSQL, Kafka)",Более 6 лет,moreThan6,410000,615000,RUR,fullDay,"[""CI/CD"", ""Docker"", ""Python"", ""Kafka"", ""ClickHouse"", ""PostgreSQL""]","<h3>О проекте:</h3><p>Мы разрабатываем высоконагруженную платформу автоматизации аналитики и бизнес-процессов.</p>
    <h3>Обязанности:</h3><ul><li>Разработка микросервисов на Python и фреймворке Flask.</li>
    <li>Проектирование архитектуры базы данных PostgreSQL и оптимизация сложных аналитических запросов.</li>
    <li>Контейнеризация и настройка пайплайнов деплоя с использованием Docker.</li></ul>
    <h3>Требования:</h3><ul><li>Опыт работы с технологиями: CI/CD, Docker, Python, Kafka, ClickHouse, PostgreSQL.</li>
    <li>Понимание принципов чистого кода, SOLID и микросервисной архитектуры.</li>
    <li>Умение работать в Agile/Scrum команде.</li></ul>
    <h3>Мы предлагаем:</h3><ul><li>Конкурентная зарплата, гибкий график, ДМС и возможность удаленной работы.</li></ul>"
90000822,Junior DevOps Engineer,От 1 года до 3 лет,between1And3,70000,115000,RUR,fullDay,"[""REST API"", ""Linux"", ""Pytest"", ""Python"", ""Django"", ""PostgreSQL""]","<h3>О проекте:</h3><p>Мы разрабатываем высоконагруженную платформу автоматизации аналитики и бизнес-процессов.</p>
    <h3>Обязанности:</h3><ul><li>Разработка микросервисов на Python и фреймворке Django.</li>
    <li>Проектирование архитектуры базы данных PostgreSQL и оптимизация сложных аналитических запросов.</li>
    <li>Контейнеризация и настройка пайплайнов деплоя с использованием Docker.</li></ul>
    <h3>Требования:</h3><ul><li>Опыт работы с технологиями: REST API, Linux, Pytest, Python, Django, PostgreSQL.</li>
    <li>Понимание принципов чистого кода, SOLID и микросервисной архитектуры.</li>
    <li>Умение работать в Agile/Scrum команде.</li></ul>
    <h3>Мы предлагаем:</h3><ul><li>Конкурентная зарплата, гибкий график, ДМС и возможность удаленной работы.</li></ul>"
90000823,Junior Python Developer,Нет опыта,noExperience,60000,105000,RUR,fullDay,"[""Linux"", ""PostgreSQL"", ""Python""]","<p>В финтех направление открыта вакансия Junior Python Developer.</p>
    <p><strong>Задачи:</strong></p><ul><li>Создание масштабируемых сервисов с низким latency.</li>
    <li>Интеграция с платежными шлюзами и внешними API.</li><li>Написание юнит и интеграционных тестов.</li></ul>
    <p><strong>Стек:</strong> Linux, PostgreSQL, Python.</p>
    <p><strong>Условия:</strong> полностью белая зарплата, техника на выбор, дружная инженерная культура.</p>"
90000824,Backend Engineer,Более 6 лет,moreThan6,300000,,RUR,remote,"[""Microservices"", ""Go"", ""Python""]","<h3>О проекте:</h3><p>Мы разрабатываем высоконагруженную платформу автоматизации аналитики и бизнес-процессов.</p>
    <h3>Обязанности:</h3><ul><li>Разработка микросервисов на Python и фреймворке Flask.</li>
    <li>Проектирование архитектуры базы данных Redis и оптимизация сложных аналитических запросов.</li>
    <li>Контейнеризация и настройка пайплайнов деплоя с использованием Docker.</li></ul>
    <h3>Требования:</h3><ul><li>Опыт работы с технологиями: Microservices, Go, Python.</li>
    <li>Понимание принципов чистого кода, SOLID и микросервисной архитектуры.</li>
    <li>Умение работать в Agile/Scrum команде.</li></ul>
    <h3>Мы предлагаем:</h3><ul><li>Конкурентная зарплата, гибкий график, ДМС и возможность удаленной работы.</li></ul>"
90000825,Ищем: Python Backend Engineer,От 1 года до 3 лет,between1And3,,,RUR,fullDay,"[""FastAPI"", ""Go"", ""SQLAlchemy"", ""Docker"", ""Python""]","<p>В финтех направление открыта вакансия Ищем: Python Backend Engineer.</p>
    <p><strong>Задачи:</strong></p><ul><li>Создание масштабируемых сервисов с низким latency.</li>
    <li>Интеграция с платежными шлюзами и внешними API.</li><li>Написание юнит и интеграционных тестов.</li></ul>
    <p><strong>Стек:</strong> FastAPI, Go, SQLAlchemy, Docker, Python.</p>
    <p><strong>Условия:</strong> полностью белая зарплата, техника на выбор, дружная инженерная культура.</p>"
90000826,"Middle DevOps Engineer (Docker, K8s)",От 3 до 6 лет,between3And6,,,RUR,remote,"[""Redis"", ""SQLAlchemy"", ""Docker"", ""Asyncio"", ""PostgreSQL""]","<h3>О проекте:</h3><p>Мы разрабатываем высоконагруженную платформу автоматизации аналитики и бизнес-процессов.</p>
    <h3>Обязанности:</h3><ul><li>Разработка микросервисов на Python и фреймворке Flask.</li>
    <li>Проектирование архитектуры базы данных PostgreSQL и оптимизация сложных аналитических запросов.</li>
    <li>Контейнеризация и настройка пайплайнов деплоя с использованием Docker.</li></ul>
    <h3>Требования:</h3><ul><li>Опыт работы с технологиями: Redis, SQLAlchemy, Docker, Asyncio, PostgreSQL.</li>
    <li>Понимание принципов чистого кода, SOLID и микросервисной архитектуры.</li>
    <li>Умение работать в Agile/Scrum команде.</li></ul>
    <h3>Мы предлагаем:</h3><ul><li>Конкурентная зарплата, гибкий график, ДМС и возможность удаленной работы.</li></ul>"
90000827,IT Компания: Junior QA Automation (Python),От 1 года до 3 лет,between1And3,,,RUR,fullDay,"[""Git"", ""REST API"", ""CI/CD"", ""Python"", ""Asyncio"", ""Django"", ""PostgreSQL""]","<h3>О проекте:</h3><p>Мы разрабатываем высоконагруженную платформу автоматизации аналитики и бизнес-процессов.</p>
    <h3>Обязанности:</h3><ul><li>Разработка микросервисов на Python и фреймворке Django.</li>
    <li>Проектирование архитектуры базы данных PostgreSQL и оптимизация сложных аналитических запросов.</li>
    <li>Контейнеризация и настройка пайплайнов деплоя с использованием Docker.</li></ul>
    <h3>Требования:</h3><ul><li>Опыт работы с технологиями: Git, REST API, CI/CD, Python, Asyncio, Django, PostgreSQL.</li>
    <li>Понимание принципов чистого кода, SOLID и микросервисной архитектуры.</li>
    <li>Умение работать в Agile/Scrum команде.</li></ul>
    <h3>Мы предлагаем:</h3><ul><li>Конкурентная зарплата, гибкий график, ДМС и возможность удаленной работы.</li></ul>"
90000828,Удаленно: Middle Data Engineer,От 3 до 6 лет,between3And6,185000,285000,RUR,remote,"[""Git"", ""Redis"", ""SQLAlchemy"", ""Asyncio"", ""PostgreSQL"", ""RabbitMQ""]","<h3>О проекте:</h3><p>Мы разрабатываем высоконагруженную платформу автоматизации аналитики и бизнес-процессов.</p>
    <h3>Обязанности:</h3><ul><li>Разработка микросервисов на Python и фреймворке Flask.</li>
    <li>Проектирование архитектуры базы данных PostgreSQL и оптимизация сложных аналитических запросов.</li>
    <li>Контейнеризация и настройка пайплайнов деплоя с использованием Docker.</li></ul>
    <h3>Требования:</h3><ul><li>Опыт работы с технологиями: Git, Redis, SQLAlchemy, Asyncio, PostgreSQL, RabbitMQ.</li>
    <li>Понимание принципов чистого кода, SOLID и микросервисной архитектуры.</li>
    <li>Умение работать в Agile/Scrum команде.</li></ul>
    <h3>Мы предлагаем:</h3><ul><li>Конкурентная зарплата, гибкий график, ДМС и возможность удаленной работы.</li></ul>"
90000829,Удаленно: Tech Lead (Python / FastAPI / Highload),Более 6 лет,moreThan6,360000,570000,RUR,remote,"[""FastAPI"", ""Linux"", ""CI/CD"", ""Docker"", ""SQLAlchemy"", ""Kubernetes"", ""ClickHouse""]","<h3>О проекте:</h3><p>Мы разрабатываем высоконагруженную платформу автоматизации аналитики и бизнес-процессов.</p>
    <h3>Обязанности:</h3><ul><li>Разработка микросервисов на Python и фреймворке FastAPI.</li>
    <li>Проектирование архитектуры базы данных Redis и оптимизация сложных аналитических запросов.</li>
    <li>Контейнеризация и настройка пайплайнов деплоя с использованием Docker и Kubernetes.</li></ul>
    <h3>Требования:</h3><ul><li>Опыт работы с технологиями: FastAPI, Linux, CI/CD, Docker, SQLAlchemy, Kubernetes, ClickHouse.</li>
    <li>Понимание принципов чистого кода, SOLID и микросервисной архитектуры.</li>
    <li>Умение работать в Agile/Scrum команде.</li></ul>
    <h3>Мы предлагаем:</h3><ul><li>Конкурентная зарплата, гибкий график, ДМС и возможность удаленной работы.</li></ul>"
90000830,"Middle DevOps Engineer (Docker, K8s)",От 3 до 6 лет,between3And6,190000,300000,RUR,flexible,"[""Redis"", ""SQLAlchemy"", ""Celery"", ""Python"", ""Asyncio""]","<p>В финтех направление открыта вакансия Middle DevOps Engineer (Docker, K8s).</p>
    <p><strong>Задачи:</strong></p><ul><li>Создание масштабируемых сервисов с низким latency.</li>
    <li>Интеграция с платежными шлюзами и внешними API.</li><li>Написание юнит и интеграционных тестов.</li></ul>
    <p><strong>Стек:</strong> Redis, SQLAlchemy, Celery, Python, Asyncio.</p>
    <p><strong>Условия:</strong> полностью белая зарплата, техника на выбор, дружная инженерная культура.</p>"
90000831,IT Компания: Senior Python Developer,От 3 до 6 лет,between3And6,310000,,RUR,fullDay,"[""REST API"", ""CI/CD"", ""PostgreSQL"", ""Python""]","<h3>О проекте:</h3><p>Мы разрабатываем высоконагруженную платформу автоматизации аналитики и бизнес-процессов.</p>
    <h3>Обязанности:</h3><ul><li>Разработка микросервисов на Python и фреймворке Flask.</li>
    <li>Проектирование архитектуры базы данных PostgreSQL и оптимизация сложных аналитических запросов.</li>
    <li>Контейнеризация и настройка пайплайнов деплоя с использованием Docker.</li></ul>
    <h3>Требования:</h3><ul><li>Опыт работы с технологиями: REST API, CI/CD, PostgreSQL, Python.</li>
    <li>Понимание принципов чистого кода, SOLID и микросервисной архитектуры.</li>
    <li>Умение работать в Agile/Scrum команде.</li></ul>
    <h3>Мы предлагаем:</h3><ul><li>Конкурентная зарплата, гибкий график, ДМС и возможность удаленной работы.</li></ul>"
90000832,Удаленно: Junior Go / Golang Developer,Нет опыта,noExperience,60000,,RUR,fullDay,"[""Linux"", ""PostgreSQL"", ""Python""]","<h3>О проекте:</h3><p>Мы разрабатываем высоконагруженную платформу автоматизации аналитики и бизнес-процессов.</p>
    <h3>Обязанности:</h3><ul><li>Разработка микросервисов на Python и фреймворке Flask.</li>
    <li>Проектирование архитектуры базы данных PostgreSQL и оптимизация сложных аналитических запросов.</li>
    <li>Контейнеризация и настройка пайплайнов деплоя с использованием Docker.</li></ul>
    <h3>Требования:</h3><ul><li>Опыт работы с технологиями: Linux, PostgreSQL, Python.</li>
    <li>Понимание принципов чистого кода, SOLID и микросервисной архитектуры.</li>
    <li>Умение работать в Agile/Scrum команде.</li></ul>
    <h3>Мы предлагаем:</h3><ul><li>Конкурентная зарплата, гибкий график, ДМС и возможность удаленной работы.</li></ul>"
90000833,Backend Engineer,От 3 до 6 лет,between3And6,275000,425000,RUR,remote,"[""Microservices"", ""Pytest"", ""Go"", ""Docker"", ""Kafka"", ""ClickHouse"", ""PostgreSQL""]","<h3>О проекте:</h3><p>Мы разрабатываем высоконагруженную платформу автоматизации аналитики и бизнес-процессов.</p>
    <h3>Обязанности:</h3><ul><li>Разработка микросервисов на Go и фреймворке Flask.</li>
    <li>Проектирование архитектуры базы данных PostgreSQL и оптимизация сложных аналитических запросов.</li>
    <li>Контейнеризация и настройка пайплайнов деплоя с использованием Docker.</li></ul>
    <h3>Требования:</h3><ul><li>Опыт работы с технологиями: Microservices, Pytest, Go, Docker, Kafka, ClickHouse, PostgreSQL.</li>
    <li>Понимание принципов чистого кода, SOLID и микросервисной архитектуры.</li>
    <li>Умение работать в Agile/Scrum команде.</li></ul>
    <h3>Мы предлагаем:</h3><ul><li>Конкурентная зарплата, гибкий график, ДМС и возможность удаленной работы.</li></ul>"
90000834,Удаленно: Middle Go Engineer (Микросервисы),От 3 до 6 лет,between3And6,220000,335000,RUR,remote,"[""REST API"", ""FastAPI"", ""Go"", ""SQLAlchemy"", ""Docker"", ""Python""]","<h3>О проекте:</h3><p>Мы разрабатываем высоконагруженную платформу автоматизации аналитики и бизнес-процессов.</p>
    <h3>Обязанности:</h3><ul><li>Разработка микросервисов на Python и фреймворке FastAPI.</li>
    <li>Проектирование архитектуры базы данных Redis и оптимизация сложных аналитических запросов.</li>
    <li>Контейнеризация и настройка пайплайнов деплоя с использованием Docker.</li></ul>
    <h3>Требования:</h3><ul><li>Опыт работы с технологиями: REST API, FastAPI, Go, SQLAlchemy, Docker, Python.</li>
    <li>Понимание принципов чистого кода, SOLID и микросервисной архитектуры.</li>
    <li>Умение работать в Agile/Scrum команде.</li></ul>
    <h3>Мы предлагаем:</h3><ul><li>Конкурентная зарплата, гибкий график, ДМС и возможность удаленной работы.</li></ul>"
90000835,Junior Go / Golang Developer,Нет опыта,noExperience,60000,100000,RUR,flexible,"[""REST API"", ""Linux"", ""Python"", ""PostgreSQL"", ""RabbitMQ""]","<h3>О проекте:</h3><p>Мы разрабатываем высоконагруженную платформу автоматизации аналитики и бизнес-процессов.</p>
    <h3>Обязанности:</h3><ul><li>Разработка микросервисов на Python и фреймворке Flask.</li>
    <li>Проектирование архитектуры базы данных PostgreSQL и оптимизация сложных аналитических запросов.</li>
    <li>Контейнеризация и настройка пайплайнов деплоя с использованием Docker.</li></ul>
    <h3>Требования:</h3><ul><li>Опыт работы с технологиями: REST API, Linux, Python, PostgreSQL, RabbitMQ.</li>
    <li>Понимание принципов чистого кода, SOLID и микросервисной архитектуры.</li>
    <li>Умение работать в Agile/Scrum команде.</li></ul>
    <h3>Мы предлагаем:</h3><ul><li>Конкурентная зарплата, гибкий график, ДМС и возможность удаленной работы.</li></ul>"
90000836,Senior Golang Developer,От 3 до 6 лет,between3And6,310000,465000,RUR,flexible,"[""Microservices"", ""ClickHouse"", ""Docker""]","<p>В финтех направление открыта вакансия Senior Golang Developer.</p>
    <p><strong>Задачи:</strong></p><ul><li>Создание масштабируемых сервисов с низким latency.</li>
    <li>Интеграция с платежными шлюзами и внешними API.</li><li>Написание юнит и интеграционных тестов.</li></ul>
    <p><strong>Стек:</strong> Microservices, ClickHouse, Docker.</p>
    <p><strong>Условия:</strong> полностью белая зарплата, техника на выбор, дружная инженерная культура.</p>"
90000837,IT Компания: Trainee / Junior Data Engineer,Нет опыта,noExperience,50000,,RUR,remote,"[""Git"", ""Django"", ""SQLAlchemy"", ""Linux""]","<h3>О проекте:</h3><p>Мы разрабатываем высоконагруженную платформу автоматизации аналитики и бизнес-процессов.</p>
    <h3>Обязанности:</h3><ul><li>Разработка микросервисов на Python и фреймворке Django.</li>
    <li>Проектирование архитектуры базы данных Redis и оптимизация сложных аналитических запросов.</li>
    <li>Контейнеризация и настройка пайплайнов деплоя с использованием Docker.</li></ul>
    <h3>Требования:</h3><ul><li>Опыт работы с технологиями: Git, Django, SQLAlchemy, Linux.</li>
    <li>Понимание принципов чистого кода, SOLID и микросервисной архитектуры.</li>
    <li>Умение работать в Agile/Scrum команде.</li></ul>
    <h3>Мы предлагаем:</h3><ul><li>Конкурентная зарплата, гибкий график, ДМС и возможность удаленной работы.</li></ul>"
90000838,Fullstack Developer (Python / Vue.js),От 1 года до 3 лет,between1And3,140000,225000,RUR,fullDay,"[""Pytest"", ""Go"", ""PostgreSQL""]","<p>В финтех направление открыта вакансия Fullstack Developer (Python / Vue.js).</p>
    <p><strong>Задачи:</strong></p><ul><li>Создание масштабируемых сервисов с низким latency.</li>
    <li>Интеграция с платежными шлюзами и внешними API.</li><li>Написание юнит и интеграционных тестов.</li></ul>
    <p><strong>Стек:</strong> Pytest, Go, PostgreSQL.</p>
    <p><strong>Условия:</strong> полностью белая зарплата, техника на выбор, дружная инженерная культура.</p>"
90000839,Удаленно: Middle Go Engineer (Микросервисы),От 3 до 6 лет,between3And6,225000,350000,RUR,remote,"[""Redis"", ""Go"", ""SQLAlchemy"", ""Python"", ""Asyncio""]","<p>В финтех направление открыта вакансия Удаленно: Middle Go Engineer (Микросервисы).</p>
    <p><strong>Задачи:</strong></p><ul><li>Создание масштабируемых сервисов с низким latency.</li>
    <li>Интеграция с платежными шлюзами и внешними API.</li><li>Написание юнит и интеграционных тестов.</li></ul>
    <p><strong>Стек:</strong> Redis, Go, SQLAlchemy, Python, Asyncio.</p>
    <p><strong>Условия:</strong> полностью белая зарплата, техника на выбор, дружная инженерная культура.</p>"
90000840,IT Компания: Middle Go Engineer (Микросервисы),От 3 до 6 лет,between3And6,170000,,RUR,remote,"[""Git"", ""REST API"", ""FastAPI"", ""Redis"", ""SQLAlchemy""]","<h3>О проекте:</h3><p>Мы разрабатываем высоконагруженную платформу автоматизации аналитики и бизнес-процессов.</p>
    <h3>Обязанности:</h3><ul><li>Разработка микросервисов на Python и фреймворке FastAPI.</li>
    <li>Проектирование архитектуры базы данных Redis и оптимизация сложных аналитических запросов.</li>
    <li>Контейнеризация и настройка пайплайнов деплоя с использованием Docker.</li></ul>
    <h3>Требования:</h3><ul><li>Опыт работы с технологиями: Git, REST API, FastAPI, Redis, SQLAlchemy.</li>
    <li>Понимание принципов чистого кода, SOLID и микросервисной архитектуры.</li>
    <li>Умение работать в Agile/Scrum команде.</li></ul>
    <h3>Мы предлагаем:</h3><ul><li>Конкурентная зарплата, гибкий график, ДМС и возможность удаленной работы.</li></ul>"
90000841,Разработчик Python,От 3 до 6 лет,between3And6,,,RUR,remote,"[""Linux"", ""Redis"", ""Microservices"", ""CI/CD"", ""Python"", ""Kubernetes"", ""ClickHouse""]","<h3>О проекте:</h3><p>Мы разрабатываем высоконагруженную платформу автоматизации аналитики и бизнес-процессов.</p>
    <h3>Обязанности:</h3><ul><li>Разработка микросервисов на Python и фреймворке Flask.</li>
    <li>Проектирование архитектуры базы данных Redis и оптимизация сложных аналитических запросов.</li>
    <li>Контейнеризация и настройка пайплайнов деплоя с использованием Docker и Kubernetes.</li></ul>
    <h3>Требования:</h3><ul><li>Опыт работы с технологиями: Linux, Redis, Microservices, CI/CD, Python, Kubernetes, ClickHouse.</li>
    <li>Понимание принципов чистого кода, SOLID и микросервисной архитектуры.</li>
    <li>Умение работать в Agile/Scrum команде.</li></ul>
    <h3>Мы предлагаем:</h3><ul><li>Конкурентная зарплата, гибкий график, ДМС и возможность удаленной работы.</li></ul>"
90000842,"Backend Разработчик (Python, FastAPI, PostgreSQL)",От 1 года до 3 лет,between1And3,140000,220000,RUR,remote,"[""REST API"", ""FastAPI"", ""Redis"", ""Go"", ""SQLAlchemy"", ""Docker"", ""Asyncio""]","<h3>О проекте:</h3><p>Мы разрабатываем высоконагруженную платформу автоматизации аналитики и бизнес-процессов.</p>
    <h3>Обязанности:</h3><ul><li>Разработка микросервисов на Go и фреймворке FastAPI.</li>
    <li>Проектирование архитектуры базы данных Redis и оптимизация сложных аналитических запросов.</li>
    <li>Контейнеризация и настройка пайплайнов деплоя с использованием Docker.</li></ul>
    <h3>Требования:</h3><ul><li>Опыт работы с технологиями: REST API, FastAPI, Redis, Go, SQLAlchemy, Docker, Asyncio.</li>
    <li>Понимание принципов чистого кода, SOLID и микросервисной архитектуры.</li>
    <li>Умение работать в Agile/Scrum команде.</li></ul>
    <h3>Мы предлагаем:</h3><ul><li>Конкурентная зарплата, гибкий график, ДМС и возможность удаленной работы.</li></ul>"
90000843,Senior Golang Developer,От 3 до 6 лет,between3And6,295000,445000,RUR,remote,"[""Kafka"", ""Kubernetes"", ""Linux""]","<p>В финтех направление открыта вакансия Senior Golang Developer.</p>
    <p><strong>Задачи:</strong></p><ul><li>Создание масштабируемых сервисов с низким latency.</li>
    <li>Интеграция с платежными шлюзами и внешними API.</li><li>Написание юнит и интеграционных тестов.</li></ul>
    <p><strong>Стек:</strong> Kafka, Kubernetes, Linux.</p>
    <p><strong>Условия:</strong> полностью белая зарплата, техника на выбор, дружная инженерная культура.</p>"
90000844,IT Компания: Fullstack Developer (Python / Vue.js),От 1 года до 3 лет,between1And3,115000,185000,RUR,fullDay,"[""Git"", ""Go"", ""Docker"", ""RabbitMQ""]","<p>В финтех направление открыта вакансия IT Компания: Fullstack Developer (Python / Vue.js).</p>
    <p><strong>Задачи:</strong></p><ul><li>Создание масштабируемых сервисов с низким latency.</li>
    <li>Интеграция с платежными шлюзами и внешними API.</li><li>Написание юнит и интеграционных тестов.</li></ul>
    <p><strong>Стек:</strong> Git, Go, Docker, RabbitMQ.</p>
    <p><strong>Условия:</strong> полностью белая зарплата, техника на выбор, дружная инженерная культура.</p>"
90000845,Software Engineer,Нет опыта,noExperience,55000,95000,RUR,fullDay,"[""REST API"", ""Git"", ""Microservices"", ""Django"", ""PostgreSQL""]","<p>В финтех направление открыта вакансия Software Engineer.</p>
    <p><strong>Задачи:</strong></p><ul><li>Создание масштабируемых сервисов с низким latency.</li>
    <li>Интеграция с платежными шлюзами и внешними API.</li><li>Написание юнит и интеграционных тестов.</li></ul>
    <p><strong>Стек:</strong> REST API, Git, Microservices, Django, PostgreSQL.</p>
    <p><strong>Условия:</strong> полностью белая зарплата, техника на выбор, дружная инженерная культура.</p>"
90000846,Ищем: Ведущий разработчик Python,Более 6 лет,moreThan6,320000,500000,RUR,remote,"[""Linux"", ""Redis"", ""CI/CD"", ""Go"", ""Docker"", ""Pytest"", ""Kafka""]","<h3>О проекте:</h3><p>Мы разрабатываем высоконагруженную платформу автоматизации аналитики и бизнес-процессов.</p>
    <h3>Обязанности:</h3><ul><li>Разработка микросервисов на Go и фреймворке Flask.</li>
    <li>Проектирование архитектуры базы данных Redis и оптимизация сложных аналитических запросов.</li>
    <li>Контейнеризация и настройка пайплайнов деплоя с использованием Docker.</li></ul>
    <h3>Требования:</h3><ul><li>Опыт работы с технологиями: Linux, Redis, CI/CD, Go, Docker, Pytest, Kafka.</li>
    <li>Понимание принципов чистого кода, SOLID и микросервисной архитектуры.</li>
    <li>Умение работать в Agile/Scrum команде.</li></ul>
    <h3>Мы предлагаем:</h3><ul><li>Конкурентная зарплата, гибкий график, ДМС и возможность удаленной работы.</li></ul>"
90000847,Удаленно: Golang Developer (Middle),От 3 до 6 лет,between3And6,175000,260000,RUR,remote,"[""Redis"", ""SQLAlchemy"", ""Docker"", ""Asyncio"", ""PostgreSQL""]","<p>В финтех направление открыта вакансия Удаленно: Golang Developer (Middle).</p>
    <p><strong>Задачи:</strong></p><ul><li>Создание масштабируемых сервисов с низким latency.</li>
    <li>Интеграция с платежными шлюзами и внешними API.</li><li>Написание юнит и интеграционных тестов.</li></ul>
    <p><strong>Стек:</strong> Redis, SQLAlchemy, Docker, Asyncio, PostgreSQL.</p>
    <p><strong>Условия:</strong> полностью белая зарплата, техника на выбор, дружная инженерная культура.</p>"
90000848,IT Компания: Junior DevOps Engineer,От 1 года до 3 лет,between1And3,80000,135000,RUR,fullDay,"[""Django"", ""PostgreSQL"", ""SQLAlchemy"", ""Linux""]","<p>В финтех направление открыта вакансия IT Компания: Junior DevOps Engineer.</p>
    <p><strong>Задачи:</strong></p><ul><li>Создание масштабируемых сервисов с низким latency.</li>
    <li>Интеграция с платежными шлюзами и внешними API.</li><li>Написание юнит и интеграционных тестов.</li></ul>
    <p><strong>Стек:</strong> Django, PostgreSQL, SQLAlchemy, Linux.</p>
    <p><strong>Условия:</strong> полностью белая зарплата, техника на выбор, дружная инженерная культура.</p>"
90000849,Удаленно: Ведущий разработчик Python,Более 6 лет,moreThan6,275000,,RUR,remote,"[""CI/CD"", ""Go"", ""Docker"", ""Celery"", ""Python"", ""ClickHouse"", ""PostgreSQL""]","<p>В финтех направление открыта вакансия Удаленно: Ведущий разработчик Python.</p>
    <p><strong>Задачи:</strong></p><ul><li>Создание масштабируемых сервисов с низким latency.</li>
    <li>Интеграция с платежными шлюзами и внешними API.</li><li>Написание юнит и интеграционных тестов.</li></ul>
    <p><strong>Стек:</strong> CI/CD, Go, Docker, Celery, Python, ClickHouse, PostgreSQL.</p>
    <p><strong>Условия:</strong> полностью белая зарплата, техника на выбор, дружная инженерная культура.</p>"
90000850,Backend Engineer,От 1 года до 3 лет,between1And3,60000,100000,RUR,remote,"[""REST API"", ""Git"", ""Celery"", ""Python"", ""Django""]","<p>В финтех направление открыта вакансия Backend Engineer.</p>
    <p><strong>Задачи:</strong></p><ul><li>Создание масштабируемых сервисов с низким latency.</li>
    <li>Интеграция с платежными шлюзами и внешними API.</li><li>Написание юнит и интеграционных тестов.</li></ul>
    <p><strong>Стек:</strong> REST API, Git, Celery, Python, Django.</p>
    <p><strong>Условия:</strong> полностью белая зарплата, техника на выбор, дружная инженерная культура.</p>"
90000851,Младший программист Python / Django,От 1 года до 3 лет,between1And3,,,RUR,fullDay,"[""Redis"", ""Python"", ""Kafka"", ""PostgreSQL"", ""RabbitMQ""]","<h3>О проекте:</h3><p>Мы разрабатываем высоконагруженную платформу автоматизации аналитики и бизнес-процессов.</p>
    <h3>Обязанности:</h3><ul><li>Разработка микросервисов на Python и фреймворке Flask.</li>
    <li>Проектирование архитектуры базы данных PostgreSQL и оптимизация сложных аналитических запросов.</li>
    <li>Контейнеризация и настройка пайплайнов деплоя с использованием Docker.</li></ul>
    <h3>Требования:</h3><ul><li>Опыт работы с технологиями: Redis, Python, Kafka, PostgreSQL, RabbitMQ.</li>
    <li>Понимание принципов чистого кода, SOLID и микросервисной архитектуры.</li>
    <li>Умение работать в Agile/Scrum команде.</li></ul>
    <h3>Мы предлагаем:</h3><ul><li>Конкурентная зарплата, гибкий график, ДМС и возможность удаленной работы.</li></ul>"
90000852,Junior QA Automation (Python),От 1 года до 3 лет,between1And3,,,RUR,fullDay,"[""REST API"", ""Git"", ""PostgreSQL"", ""Python""]","<p>В финтех направление открыта вакансия Junior QA Automation (Python).</p>
    <p><strong>Задачи:</strong></p><ul><li>Создание масштабируемых сервисов с низким latency.</li>
    <li>Интеграция с платежными шлюзами и внешними API.</li><li>Написание юнит и интеграционных тестов.</li></ul>
    <p><strong>Стек:</strong> REST API, Git, PostgreSQL, Python.</p>
    <p><strong>Условия:</strong> полностью белая зарплата, техника на выбор, дружная инженерная культура.</p>"
90000853,Ищем: Junior DevOps Engineer,От 1 года до 3 лет,between1And3,,,RUR,fullDay,"[""Git"", ""REST API"", ""Linux"", ""CI/CD"", ""Python"", ""Django""]","<h3>О проекте:</h3><p>Мы разрабатываем высоконагруженную платформу автоматизации аналитики и бизнес-процессов.</p>
    <h3>Обязанности:</h3><ul><li>Разработка микросервисов на Python и фреймворке Django.</li>
    <li>Проектирование архитектуры базы данных Redis и оптимизация сложных аналитических запросов.</li>
    <li>Контейнеризация и настройка пайплайнов деплоя с использованием Docker.</li></ul>
    <h3>Требования:</h3><ul><li>Опыт работы с технологиями: Git, REST API, Linux, CI/CD, Python, Django.</li>
    <li>Понимание принципов чистого кода, SOLID и микросервисной архитектуры.</li>
    <li>Умение работать в Agile/Scrum команде.</li></ul>
    <h3>Мы предлагаем:</h3><ul><li>Конкурентная зарплата, гибкий график, ДМС и возможность удаленной работы.</li></ul>"
90000854,Trainee / Junior Data Engineer,От 3 до 6 лет,between3And6,65000,100000,RUR,remote,"[""REST API"", ""Git"", ""Linux"", ""SQLAlchemy"", ""Celery"", ""Python"", ""Django""]","<p>В финтех направление открыта вакансия Trainee / Junior Data Engineer.</p>
    <p><strong>Задачи:</strong></p><ul><li>Создание масштабируемых сервисов с низким latency.</li>
    <li>Интеграция с платежными шлюзами и внешними API.</li><li>Написание юнит и интеграционных тестов.</li></ul>
    <p><strong>Стек:</strong> REST API, Git, Linux, SQLAlchemy, Celery, Python, Django.</p>
    <p><strong>Условия:</strong> полностью белая зарплата, техника на выбор, дружная инженерная культура.</p>"
90000855,IT Компания: Junior DevOps Engineer,От 1 года до 3 лет,between1And3,60000,95000,RUR,remote,"[""Git"", ""REST API"", ""Linux"", ""Pytest"", ""Python""]","<p>В финтех направление открыта вакансия IT Компания: Junior DevOps Engineer.</p>
    <p><strong>Задачи:</strong></p><ul><li>Создание масштабируемых сервисов с низким latency.</li>
    <li>Интеграция с платежными шлюзами и внешними API.</li><li>Написание юнит и интеграционных тестов.</li></ul>
    <p><strong>Стек:</strong> Git, REST API, Linux, Pytest, Python.</p>
    <p><strong>Условия:</strong> полностью белая зарплата, техника на выбор, дружная инженерная культура.</p>"
90000856,IT Компания: Middle Data Engineer,От 3 до 6 лет,between3And6,170000,260000,RUR,fullDay,"[""SQLAlchemy"", ""FastAPI"", ""Redis""]","<p>В финтех направление открыта вакансия IT Компания: Middle Data Engineer.</p>
    <p><strong>Задачи:</strong></p><ul><li>Создание масштабируемых сервисов с низким latency.</li>
    <li>Интеграция с платежными шлюзами и внешними API.</li><li>Написание юнит и интеграционных тестов.</li></ul>
    <p><strong>Стек:</strong> SQLAlchemy, FastAPI, Redis.</p>
    <p><strong>Условия:</strong> полностью белая зарплата, техника на выбор, дружная инженерная культура.</p>"
90000857,Backend Engineer,От 3 до 6 лет,between3And6,150000,230000,RUR,remote,"[""Git"", ""FastAPI"", ""Redis"", ""Linux"", ""Microservices"", ""Go"", ""PostgreSQL""]","<p>В финтех направление открыта вакансия Backend Engineer.</p>
    <p><strong>Задачи:</strong></p><ul><li>Создание масштабируемых сервисов с низким latency.</li>
    <li>Интеграция с платежными шлюзами и внешними API.</li><li>Написание юнит и интеграционных тестов.</li></ul>
    <p><strong>Стек:</strong> Git, FastAPI, Redis, Linux, Microservices, Go, PostgreSQL.</p>
    <p><strong>Условия:</strong> полностью белая зарплата, техника на выбор, дружная инженерная культура.</p>"
90000858,Инженер бэкенда,Нет опыта,noExperience,,,RUR,remote,"[""Git"", ""REST API"", ""Linux"", ""Django"", ""PostgreSQL"", ""Kubernetes""]","<p>В финтех направление открыта вакансия Инженер бэкенда.</p>
    <p><strong>Задачи:</strong></p><ul><li>Создание масштабируемых сервисов с низким latency.</li>
    <li>Интеграция с платежными шлюзами и внешними API.</li><li>Написание юнит и интеграционных тестов.</li></ul>
    <p><strong>Стек:</strong> Git, REST API, Linux, Django, PostgreSQL, Kubernetes.</p>
    <p><strong>Условия:</strong> полностью белая зарплата, техника на выбор, дружная инженерная культура.</p>"
90000859,"Backend Разработчик (Python, FastAPI, PostgreSQL)",От 1 года до 3 лет,between1And3,,,RUR,remote,"[""Git"", ""Kubernetes"", ""SQLAlchemy"", ""Docker""]","<h3>О проекте:</h3><p>Мы разрабатываем высоконагруженную платформу автоматизации аналитики и бизнес-процессов.</p>
    <h3>Обязанности:</h3><ul><li>Разработка микросервисов на Python и фреймворке Flask.</li>
    <li>Проектирование архитектуры базы данных Redis и оптимизация сложных аналитических запросов.</li>
    <li>Контейнеризация и настройка пайплайнов деплоя с использованием Docker и Kubernetes.</li></ul>
    <h3>Требования:</h3><ul><li>Опыт работы с технологиями: Git, Kubernetes, SQLAlchemy, Docker.</li>
    <li>Понимание принципов чистого кода, SOLID и микросервисной архитектуры.</li>
    <li>Умение работать в Agile/Scrum команде.</li></ul>
    <h3>Мы предлагаем:</h3><ul><li>Конкурентная зарплата, гибкий график, ДМС и возможность удаленной работы.</li></ul>"
90000860,Ищем: Junior DevOps Engineer,Нет опыта,noExperience,,,RUR,fullDay,"[""REST API"", ""Git"", ""Python"", ""Django"", ""PostgreSQL""]","<p>В финтех направление открыта вакансия Ищем: Junior DevOps Engineer.</p>
    <p><strong>Задачи:</strong></p><ul><li>Создание масштабируемых сервисов с низким latency.</li>
    <li>Интеграция с платежными шлюзами и внешними API.</li><li>Написание юнит и интеграционных тестов.</li></ul>
    <p><strong>Стек:</strong> REST API, Git, Python, Django, PostgreSQL.</p>
    <p><strong>Условия:</strong> полностью белая зарплата, техника на выбор, дружная инженерная культура.</p>"
90000861,Удаленно: Trainee / Junior Data Engineer,Нет опыта,noExperience,50000,75000,RUR,remote,"[""Git"", ""Linux"", ""Python"", ""Django"", ""PostgreSQL"", ""Kubernetes""]","<h3>О проекте:</h3><p>Мы разрабатываем высоконагруженную платформу автоматизации аналитики и бизнес-процессов.</p>
    <h3>Обязанности:</h3><ul><li>Разработка микросервисов на Python и фреймворке Django.</li>
    <li>Проектирование архитектуры базы данных PostgreSQL и оптимизация сложных аналитических запросов.</li>
    <li>Контейнеризация и настройка пайплайнов деплоя с использованием Docker и Kubernetes.</li></ul>
    <h3>Требования:</h3><ul><li>Опыт работы с технологиями: Git, Linux, Python, Django, PostgreSQL, Kubernetes.</li>
    <li>Понимание принципов чистого кода, SOLID и микросервисной архитектуры.</li>
    <li>Умение работать в Agile/Scrum команде.</li></ul>
    <h3>Мы предлагаем:</h3><ul><li>Конкурентная зарплата, гибкий график, ДМС и возможность удаленной работы.</li></ul>"
90000862,Go Backend Developer,Нет опыта,noExperience,65000,110000,RUR,remote,"[""REST API"", ""Git"", ""Linux"", ""Microservices"", ""Django"", ""RabbitMQ""]","<p>В финтех направление открыта вакансия Go Backend Developer.</p>
    <p><strong>Задачи:</strong></p><ul><li>Создание масштабируемых сервисов с низким latency.</li>
    <li>Интеграция с платежными шлюзами и внешними API.</li><li>Написание юнит и интеграционных тестов.</li></ul>
    <p><strong>Стек:</strong> REST API, Git, Linux, Microservices, Django, RabbitMQ.</p>
    <p><strong>Условия:</strong> полностью белая зарплата, техника на выбор, дружная инженерная культура.</p>"
90000863,Младший программист Python / Django,От 1 года до 3 лет,between1And3,55000,90000,RUR,remote,"[""Python"", ""PostgreSQL"", ""Linux""]","<h3>О проекте:</h3><p>Мы разрабатываем высоконагруженную платформу автоматизации аналитики и бизнес-процессов.</p>
    <h3>Обязанности:</h3><ul><li>Разработка микросервисов на Python и фреймворке Flask.</li>
    <li>Проектирование архитектуры базы данных PostgreSQL и оптимизация сложных аналитических запросов.</li>
    <li>Контейнеризация и настройка пайплайнов деплоя с использованием Docker.</li></ul>
    <h3>Требования:</h3><ul><li>Опыт работы с технологиями: Python, PostgreSQL, Linux.</li>
    <li>Понимание принципов чистого кода, SOLID и микросервисной архитектуры.</li>
    <li>Умение работать в Agile/Scrum команде.</li></ul>
    <h3>Мы предлагаем:</h3><ul><li>Конкурентная зарплата, гибкий график, ДМС и возможность удаленной работы.</li></ul>"
90000864,"Middle DevOps Engineer (Docker, K8s)",От 3 до 6 лет,between3And6,160000,250000,RUR,remote,"[""Git"", ""Linux"", ""Redis"", ""CI/CD"", ""SQLAlchemy"", ""Docker"", ""Asyncio""]","<h3>О проекте:</h3><p>Мы разрабатываем высоконагруженную платформу автоматизации аналитики и бизнес-процессов.</p>
    <h3>Обязанности:</h3><ul><li>Разработка микросервисов на Python и фреймворке Flask.</li>
    <li>Проектирование архитектуры базы данных Redis и оптимизация сложных аналитических запросов.</li>
    <li>Контейнеризация и настройка пайплайнов деплоя с использованием Docker.</li></ul>
    <h3>Требования:</h3><ul><li>Опыт работы с технологиями: Git, Linux, Redis, CI/CD, SQLAlchemy, Docker, Asyncio.</li>
    <li>Понимание принципов чистого кода, SOLID и микросервисной архитектуры.</li>
    <li>Умение работать в Agile/Scrum команде.</li></ul>
    <h3>Мы предлагаем:</h3><ul><li>Конкурентная зарплата, гибкий график, ДМС и возможность удаленной работы.</li></ul>"
90000865,"Middle DevOps Engineer (Docker, K8s)",От 3 до 6 лет,between3And6,160000,245000,RUR,flexible,"[""Git"", ""REST API"", ""FastAPI"", ""Redis"", ""Go"", ""SQLAlchemy"", ""PostgreSQL""]","<p>В финтех направление открыта вакансия Middle DevOps Engineer (Docker, K8s).</p>
    <p><strong>Задачи:</strong></p><ul><li>Создание масштабируемых сервисов с низким latency.</li>
    <li>Интеграция с платежными шлюзами и внешними API.</li><li>Написание юнит и интеграционных тестов.</li></ul>
    <p><strong>Стек:</strong> Git, REST API, FastAPI, Redis, Go, SQLAlchemy, PostgreSQL.</p>
    <p><strong>Условия:</strong> полностью белая зарплата, техника на выбор, дружная инженерная культура.</p>"
90000866,Удаленно: Junior DevOps Engineer,От 1 года до 3 лет,between1And3,60000,100000,RUR,remote,"[""REST API"", ""Git"", ""Linux"", ""CI/CD"", ""Python"", ""Asyncio"", ""Django""]","<p>В финтех направление открыта вакансия Удаленно: Junior DevOps Engineer.</p>
    <p><strong>Задачи:</strong></p><ul><li>Создание масштабируемых сервисов с низким latency.</li>
    <li>Интеграция с платежными шлюзами и внешними API.</li><li>Написание юнит и интеграционных тестов.</li></ul>
    <p><strong>Стек:</strong> REST API, Git, Linux, CI/CD, Python, Asyncio, Django.</p>
    <p><strong>Условия:</strong> полностью белая зарплата, техника на выбор, дружная инженерная культура.</p>"
90000867,Middle Data Engineer,От 3 до 6 лет,between3And6,195000,295000,RUR,fullDay,"[""Asyncio"", ""CI/CD"", ""PostgreSQL"", ""Redis""]","<h3>О проекте:</h3><p>Мы разрабатываем высоконагруженную платформу автоматизации аналитики и бизнес-процессов.</p>
    <h3>Обязанности:</h3><ul><li>Разработка микросервисов на Python и фреймворке Flask.</li>
    <li>Проектирование архитектуры базы данных PostgreSQL и оптимизация сложных аналитических запросов.</li>
    <li>Контейнеризация и настройка пайплайнов деплоя с использованием Docker.</li></ul>
    <h3>Требования:</h3><ul><li>Опыт работы с технологиями: Asyncio, CI/CD, PostgreSQL, Redis.</li>
    <li>Понимание принципов чистого кода, SOLID и микросервисной архитектуры.</li>
    <li>Умение работать в Agile/Scrum команде.</li></ul>
    <h3>Мы предлагаем:</h3><ul><li>Конкурентная зарплата, гибкий график, ДМС и возможность удаленной работы.</li></ul>"
90000868,Backend Engineer,От 1 года до 3 лет,between1And3,,,RUR,remote,"[""Git"", ""Linux"", ""Docker"", ""Django"", ""RabbitMQ""]","<p>В финтех направление открыта вакансия Backend Engineer.</p>
    <p><strong>Задачи:</strong></p><ul><li>Создание масштабируемых сервисов с низким latency.</li>
    <li>Интеграция с платежными шлюзами и внешними API.</li><li>Написание юнит и интеграционных тестов.</li></ul>
    <p><strong>Стек:</strong> Git, Linux, Docker, Django, RabbitMQ.</p>
    <p><strong>Условия:</strong> полностью белая зарплата, техника на выбор, дружная инженерная культура.</p>"
90000869,Junior DevOps Engineer,От 1 года до 3 лет,between1And3,,,RUR,fullDay,"[""Git"", ""Django"", ""FastAPI"", ""Linux""]","<p>В финтех направление открыта вакансия Junior DevOps Engineer.</p>
    <p><strong>Задачи:</strong></p><ul><li>Создание масштабируемых сервисов с низким latency.</li>
    <li>Интеграция с платежными шлюзами и внешними API.</li><li>Написание юнит и интеграционных тестов.</li></ul>
    <p><strong>Стек:</strong> Git, Django, FastAPI, Linux.</p>
    <p><strong>Условия:</strong> полностью белая зарплата, техника на выбор, дружная инженерная культура.</p>"
90000870,Ищем: Golang Developer (Middle),От 3 до 6 лет,between3And6,220000,330000,RUR,flexible,"[""Redis"", ""Microservices"", ""Go"", ""Asyncio"", ""ClickHouse"", ""PostgreSQL""]","<h3>О проекте:</h3><p>Мы разрабатываем высоконагруженную платформу автоматизации аналитики и бизнес-процессов.</p>
    <h3>Обязанности:</h3><ul><li>Разработка микросервисов на Go и фреймворке Flask.</li>
    <li>Проектирование архитектуры базы данных PostgreSQL и оптимизация сложных аналитических запросов.</li>
    <li>Контейнеризация и настройка пайплайнов деплоя с использованием Docker.</li></ul>
    <h3>Требования:</h3><ul><li>Опыт работы с технологиями: Redis, Microservices, Go, Asyncio, ClickHouse, PostgreSQL.</li>
    <li>Понимание принципов чистого кода, SOLID и микросервисной архитектуры.</li>
    <li>Умение работать в Agile/Scrum команде.</li></ul>
    <h3>Мы предлагаем:</h3><ul><li>Конкурентная зарплата, гибкий график, ДМС и возможность удаленной работы.</li></ul>"
90000871,Junior QA Automation (Python),От 1 года до 3 лет,between1And3,60000,95000,RUR,remote,"[""Git"", ""REST API"", ""CI/CD"", ""Python"", ""Django""]","<h3>О проекте:</h3><p>Мы разрабатываем высоконагруженную платформу автоматизации аналитики и бизнес-процессов.</p>
    <h3>Обязанности:</h3><ul><li>Разработка микросервисов на Python и фреймворке Django.</li>
    <li>Проектирование архитектуры базы данных Redis и оптимизация сложных аналитических запросов.</li>
    <li>Контейнеризация и настройка пайплайнов деплоя с использованием Docker.</li></ul>
    <h3>Требования:</h3><ul><li>Опыт работы с технологиями: Git, REST API, CI/CD, Python, Django.</li>
    <li>Понимание принципов чистого кода, SOLID и микросервисной архитектуры.</li>
    <li>Умение работать в Agile/Scrum команде.</li></ul>
    <h3>Мы предлагаем:</h3><ul><li>Конкурентная зарплата, гибкий график, ДМС и возможность удаленной работы.</li></ul>"
90000872,Ищем: Junior Backend Engineer (FastAPI),От 1 года до 3 лет,between1And3,75000,115000,RUR,fullDay,"[""REST API"", ""Git"", ""Linux"", ""Python"", ""RabbitMQ""]","<p>В финтех направление открыта вакансия Ищем: Junior Backend Engineer (FastAPI).</p>
    <p><strong>Задачи:</strong></p><ul><li>Создание масштабируемых сервисов с низким latency.</li>
    <li>Интеграция с платежными шлюзами и внешними API.</li><li>Написание юнит и интеграционных тестов.</li></ul>
    <p><strong>Стек:</strong> REST API, Git, Linux, Python, RabbitMQ.</p>
    <p><strong>Условия:</strong> полностью белая зарплата, техника на выбор, дружная инженерная культура.</p>"
90000873,Удаленно: Junior Python Developer,Нет опыта,noExperience,,,RUR,fullDay,"[""REST API"", ""Git"", ""Linux"", ""Python"", ""Django"", ""Kubernetes""]","<p>В финтех направление открыта вакансия Удаленно: Junior Python Developer.</p>
    <p><strong>Задачи:</strong></p><ul><li>Создание масштабируемых сервисов с низким latency.</li>
    <li>Интеграция с платежными шлюзами и внешними API.</li><li>Написание юнит и интеграционных тестов.</li></ul>
    <p><strong>Стек:</strong> REST API, Git, Linux, Python, Django, Kubernetes.</p>
    <p><strong>Условия:</strong> полностью белая зарплата, техника на выбор, дружная инженерная культура.</p>"
90000874,Ищем: Trainee / Junior Data Engineer,Нет опыта,noExperience,,,RUR,remote,"[""REST API"", ""Django"", ""Linux"", ""Docker""]","<h3>О проекте:</h3><p>Мы разрабатываем высоконагруженную платформу автоматизации аналитики и бизнес-процессов.</p>
    <h3>Обязанности:</h3><ul><li>Разработка микросервисов на Python и фреймворке Django.</li>
    <li>Проектирование архитектуры базы данных Redis и оптимизация сложных аналитических запросов.</li>
    <li>Контейнеризация и настройка пайплайнов деплоя с использованием Docker.</li></ul>
    <h3>Требования:</h3><ul><li>Опыт работы с технологиями: REST API, Django, Linux, Docker.</li>
    <li>Понимание принципов чистого кода, SOLID и микросервисной архитектуры.</li>
    <li>Умение работать в Agile/Scrum команде.</li></ul>
    <h3>Мы предлагаем:</h3><ul><li>Конкурентная зарплата, гибкий график, ДМС и возможность удаленной работы.</li></ul>"
90000875,IT Компания: Junior Python Developer,Нет опыта,noExperience,45000,85000,RUR,remote,"[""Git"", ""Go"", ""PostgreSQL""]","<h3>О проекте:</h3><p>Мы разрабатываем высоконагруженную платформу автоматизации аналитики и бизнес-процессов.</p>
    <h3>Обязанности:</h3><ul><li>Разработка микросервисов на Go и фреймворке Flask.</li>
    <li>Проектирование архитектуры базы данных PostgreSQL и оптимизация сложных аналитических запросов.</li>
    <li>Контейнеризация и настройка пайплайнов деплоя с использованием Docker.</li></ul>
    <h3>Требования:</h3><ul><li>Опыт работы с технологиями: Git, Go, PostgreSQL.</li>
    <li>Понимание принципов чистого кода, SOLID и микросервисной архитектуры.</li>
    <li>Умение работать в Agile/Scrum команде.</li></ul>
    <h3>Мы предлагаем:</h3><ul><li>Конкурентная зарплата, гибкий график, ДМС и возможность удаленной работы.</li></ul>"
90000876,Инженер бэкенда,Нет опыта,noExperience,45000,80000,RUR,remote,"[""Git"", ""Linux"", ""Microservices"", ""Python"", ""PostgreSQL""]","<h3>О проекте:</h3><p>Мы разрабатываем высоконагруженную платформу автоматизации аналитики и бизнес-процессов.</p>
    <h3>Обязанности:</h3><ul><li>Разработка микросервисов на Python и фреймворке Flask.</li>
    <li>Проектирование архитектуры базы данных PostgreSQL и оптимизация сложных аналитических запросов.</li>
    <li>Контейнеризация и настройка пайплайнов деплоя с использованием Docker.</li></ul>
    <h3>Требования:</h3><ul><li>Опыт работы с технологиями: Git, Linux, Microservices, Python, PostgreSQL.</li>
    <li>Понимание принципов чистого кода, SOLID и микросервисной архитектуры.</li>
    <li>Умение работать в Agile/Scrum команде.</li></ul>
    <h3>Мы предлагаем:</h3><ul><li>Конкурентная зарплата, гибкий график, ДМС и возможность удаленной работы.</li></ul>"
90000877,Ищем: Middle Go Engineer (Микросервисы),От 3 до 6 лет,between3And6,185000,285000,RUR,remote,"[""Git"", ""FastAPI"", ""Linux"", ""Docker"", ""Asyncio"", ""Django""]","<h3>О проекте:</h3><p>Мы разрабатываем высоконагруженную платформу автоматизации аналитики и бизнес-процессов.</p>
    <h3>Обязанности:</h3><ul><li>Разработка микросервисов на Python и фреймворке FastAPI.</li>
    <li>Проектирование архитектуры базы данных Redis и оптимизация сложных аналитических запросов.</li>
    <li>Контейнеризация и настройка пайплайнов деплоя с использованием Docker.</li></ul>
    <h3>Требования:</h3><ul><li>Опыт работы с технологиями: Git, FastAPI, Linux, Docker, Asyncio, Django.</li>
    <li>Понимание принципов чистого кода, SOLID и микросервисной архитектуры.</li>
    <li>Умение работать в Agile/Scrum команде.</li></ul>
    <h3>Мы предлагаем:</h3><ul><li>Конкурентная зарплата, гибкий график, ДМС и возможность удаленной работы.</li></ul>"
90000878,Python Backend Engineer,Нет опыта,noExperience,140000,,RUR,remote,"[""Git"", ""Redis"", ""Django"", ""ClickHouse"", ""Kubernetes""]","<p>В финтех направление открыта вакансия Python Backend Engineer.</p>
    <p><strong>Задачи:</strong></p><ul><li>Создание масштабируемых сервисов с низким latency.</li>
    <li>Интеграция с платежными шлюзами и внешними API.</li><li>Написание юнит и интеграционных тестов.</li></ul>
    <p><strong>Стек:</strong> Git, Redis, Django, ClickHouse, Kubernetes.</p>
    <p><strong>Условия:</strong> полностью белая зарплата, техника на выбор, дружная инженерная культура.</p>"
90000879,DevOps Engineer,От 3 до 6 лет,between3And6,205000,315000,RUR,fullDay,"[""Asyncio"", ""Linux"", ""PostgreSQL"", ""Redis""]","<h3>О проекте:</h3><p>Мы разрабатываем высоконагруженную платформу автоматизации аналитики и бизнес-процессов.</p>
    <h3>Обязанности:</h3><ul><li>Разработка микросервисов на Python и фреймворке Flask.</li>
    <li>Проектирование архитектуры базы данных PostgreSQL и оптимизация сложных аналитических запросов.</li>
    <li>Контейнеризация и настройка пайплайнов деплоя с использованием Docker.</li></ul>
    <h3>Требования:</h3><ul><li>Опыт работы с технологиями: Asyncio, Linux, PostgreSQL, Redis.</li>
    <li>Понимание принципов чистого кода, SOLID и микросервисной архитектуры.</li>
    <li>Умение работать в Agile/Scrum команде.</li></ul>
    <h3>Мы предлагаем:</h3><ul><li>Конкурентная зарплата, гибкий график, ДМС и возможность удаленной работы.</li></ul>"
90000880,Стажер-разработчик Python,Нет опыта,noExperience,45000,80000,RUR,fullDay,"[""Git"", ""REST API"", ""Linux"", ""Pytest"", ""Python"", ""Django"", ""PostgreSQL""]","<p>В финтех направление открыта вакансия Стажер-разработчик Python.</p>
    <p><strong>Задачи:</strong></p><ul><li>Создание масштабируемых сервисов с низким latency.</li>
    <li>Интеграция с платежными шлюзами и внешними API.</li><li>Написание юнит и интеграционных тестов.</li></ul>
    <p><strong>Стек:</strong> Git, REST API, Linux, Pytest, Python, Django, PostgreSQL.</p>
    <p><strong>Условия:</strong> полностью белая зарплата, техника на выбор, дружная инженерная культура.</p>"
90000881,"Middle DevOps Engineer (Docker, K8s)",От 3 до 6 лет,between3And6,,,RUR,fullDay,"[""Git"", ""FastAPI"", ""Redis"", ""SQLAlchemy"", ""Docker"", ""Python""]","<p>В финтех направление открыта вакансия Middle DevOps Engineer (Docker, K8s).</p>
    <p><strong>Задачи:</strong></p><ul><li>Создание масштабируемых сервисов с низким latency.</li>
    <li>Интеграция с платежными шлюзами и внешними API.</li><li>Написание юнит и интеграционных тестов.</li></ul>
    <p><strong>Стек:</strong> Git, FastAPI, Redis, SQLAlchemy, Docker, Python.</p>
    <p><strong>Условия:</strong> полностью белая зарплата, техника на выбор, дружная инженерная культура.</p>"
90000882,Удаленно: Ведущий разработчик Python,Более 6 лет,moreThan6,,,RUR,remote,"[""FastAPI"", ""Redis"", ""Microservices"", ""Pytest"", ""Kubernetes"", ""PostgreSQL""]","<p>В финтех направление открыта вакансия Удаленно: Ведущий разработчик Python.</p>
    <p><strong>Задачи:</strong></p><ul><li>Создание масштабируемых сервисов с низким latency.</li>
    <li>Интеграция с платежными шлюзами и внешними API.</li><li>Написание юнит и интеграционных тестов.</li></ul>
    <p><strong>Стек:</strong> FastAPI, Redis, Microservices, Pytest, Kubernetes, PostgreSQL.</p>
    <p><strong>Условия:</strong> полностью белая зарплата, техника на выбор, дружная инженерная культура.</p>"
90000883,Ищем: Senior Python Developer,От 3 до 6 лет,between3And6,330000,515000,RUR,fullDay,"[""Microservices"", ""CI/CD"", ""Docker"", ""Python"", ""RabbitMQ""]","<h3>О проекте:</h3><p>Мы разрабатываем высоконагруженную платформу автоматизации аналитики и бизнес-процессов.</p>
    <h3>Обязанности:</h3><ul><li>Разработка микросервисов на Python и фреймворке Flask.</li>
    <li>Проектирование архитектуры базы данных Redis и оптимизация сложных аналитических запросов.</li>
    <li>Контейнеризация и настройка пайплайнов деплоя с использованием Docker.</li></ul>
    <h3>Требования:</h3><ul><li>Опыт работы с технологиями: Microservices, CI/CD, Docker, Python, RabbitMQ.</li>
    <li>Понимание принципов чистого кода, SOLID и микросервисной архитектуры.</li>
    <li>Умение работать в Agile/Scrum команде.</li></ul>
    <h3>Мы предлагаем:</h3><ul><li>Конкурентная зарплата, гибкий график, ДМС и возможность удаленной работы.</li></ul>"
90000884,IT Компания: Middle Go Engineer (Микросервисы),От 3 до 6 лет,between3And6,175000,270000,RUR,remote,"[""Git"", ""Python"", ""Docker"", ""Redis""]","<h3>О проекте:</h3><p>Мы разрабатываем высоконагруженную платформу автоматизации аналитики и бизнес-процессов.</p>
    <h3>Обязанности:</h3><ul><li>Разработка микросервисов на Python и фреймворке Flask.</li>
    <li>Проектирование архитектуры базы данных Redis и оптимизация сложных аналитических запросов.</li>
    <li>Контейнеризация и настройка пайплайнов деплоя с использованием Docker.</li></ul>
    <h3>Требования:</h3><ul><li>Опыт работы с технологиями: Git, Python, Docker, Redis.</li>
    <li>Понимание принципов чистого кода, SOLID и микросервисной архитектуры.</li>
    <li>Умение работать в Agile/Scrum команде.</li></ul>
    <h3>Мы предлагаем:</h3><ul><li>Конкурентная зарплата, гибкий график, ДМС и возможность удаленной работы.</li></ul>"
90000885,Стажер-разработчик Python,Нет опыта,noExperience,40000,70000,RUR,remote,"[""REST API"", ""Go"", ""PostgreSQL"", ""Linux""]","<p>В финтех направление открыта вакансия Стажер-разработчик Python.</p>
    <p><strong>Задачи:</strong></p><ul><li>Создание масштабируемых сервисов с низким latency.</li>
    <li>Интеграция с платежными шлюзами и внешними API.</li><li>Написание юнит и интеграционных тестов.</li></ul>
    <p><strong>Стек:</strong> REST API, Go, PostgreSQL, Linux.</p>
    <p><strong>Условия:</strong> полностью белая зарплата, техника на выбор, дружная инженерная культура.</p>"
90000886,Junior Backend Engineer (FastAPI),От 1 года до 3 лет,between1And3,,100000,RUR,remote,"[""REST API"", ""Redis"", ""Linux"", ""Python""]","<h3>О проекте:</h3><p>Мы разрабатываем высоконагруженную платформу автоматизации аналитики и бизнес-процессов.</p>
    <h3>Обязанности:</h3><ul><li>Разработка микросервисов на Python и фреймворке Flask.</li>
    <li>Проектирование архитектуры базы данных Redis и оптимизация сложных аналитических запросов.</li>
    <li>Контейнеризация и настройка пайплайнов деплоя с использованием Docker.</li></ul>
    <h3>Требования:</h3><ul><li>Опыт работы с технологиями: REST API, Redis, Linux, Python.</li>
    <li>Понимание принципов чистого кода, SOLID и микросервисной архитектуры.</li>
    <li>Умение работать в Agile/Scrum команде.</li></ul>
    <h3>Мы предлагаем:</h3><ul><li>Конкурентная зарплата, гибкий график, ДМС и возможность удаленной работы.</li></ul>"
90000887,Удаленно: Senior DevOps / SRE Engineer,От 3 до 6 лет,between3And6,,400000,RUR,flexible,"[""Go"", ""FastAPI"", ""Python""]","<h3>О проекте:</h3><p>Мы разрабатываем высоконагруженную платформу автоматизации аналитики и бизнес-процессов.</p>
    <h3>Обязанности:</h3><ul><li>Разработка микросервисов на Go и фреймворке FastAPI.</li>
    <li>Проектирование архитектуры базы данных Redis и оптимизация сложных аналитических запросов.</li>
    <li>Контейнеризация и настройка пайплайнов деплоя с использованием Docker.</li></ul>
    <h3>Требования:</h3><ul><li>Опыт работы с технологиями: Go, FastAPI, Python.</li>
    <li>Понимание принципов чистого кода, SOLID и микросервисной архитектуры.</li>
    <li>Умение работать в Agile/Scrum команде.</li></ul>
    <h3>Мы предлагаем:</h3><ul><li>Конкурентная зарплата, гибкий график, ДМС и возможность удаленной работы.</li></ul>"
90000888,Backend Engineer,От 1 года до 3 лет,between1And3,165000,260000,RUR,remote,"[""Git"", ""FastAPI"", ""Redis"", ""SQLAlchemy"", ""Python"", ""Asyncio""]","<h3>О проекте:</h3><p>Мы разрабатываем высоконагруженную платформу автоматизации аналитики и бизнес-процессов.</p>
    <h3>Обязанности:</h3><ul><li>Разработка микросервисов на Python и фреймворке FastAPI.</li>
    <li>Проектирование архитектуры базы данных Redis и оптимизация сложных аналитических запросов.</li>
    <li>Контейнеризация и настройка пайплайнов деплоя с использованием Docker.</li></ul>
    <h3>Требования:</h3><ul><li>Опыт работы с технологиями: Git, FastAPI, Redis, SQLAlchemy, Python, Asyncio.</li>
    <li>Понимание принципов чистого кода, SOLID и микросервисной архитектуры.</li>
    <li>Умение работать в Agile/Scrum команде.</li></ul>
    <h3>Мы предлагаем:</h3><ul><li>Конкурентная зарплата, гибкий график, ДМС и возможность удаленной работы.</li></ul>"
90000889,Удаленно: Lead / Senior Backend Engineer (Go / Python),Более 6 лет,moreThan6,395000,615000,RUR,remote,"[""Linux"", ""CI/CD"", ""Python"", ""Asyncio"", ""PostgreSQL""]","<p>В финтех направление открыта вакансия Удаленно: Lead / Senior Backend Engineer (Go / Python).</p>
    <p><strong>Задачи:</strong></p><ul><li>Создание масштабируемых сервисов с низким latency.</li>
    <li>Интеграция с платежными шлюзами и внешними API.</li><li>Написание юнит и интеграционных тестов.</li></ul>
    <p><strong>Стек:</strong> Linux, CI/CD, Python, Asyncio, PostgreSQL.</p>
    <p><strong>Условия:</strong> полностью белая зарплата, техника на выбор, дружная инженерная культура.</p>"
90000890,Data Engineer,От 1 года до 3 лет,between1And3,115000,190000,RUR,fullDay,"[""Django"", ""CI/CD"", ""SQLAlchemy"", ""Docker""]","<p>В финтех направление открыта вакансия Data Engineer.</p>
    <p><strong>Задачи:</strong></p><ul><li>Создание масштабируемых сервисов с низким latency.</li>
    <li>Интеграция с платежными шлюзами и внешними API.</li><li>Написание юнит и интеграционных тестов.</li></ul>
    <p><strong>Стек:</strong> Django, CI/CD, SQLAlchemy, Docker.</p>
    <p><strong>Условия:</strong> полностью белая зарплата, техника на выбор, дружная инженерная культура.</p>"
90000891,Инженер бэкенда,От 3 до 6 лет,between3And6,,,RUR,fullDay,"[""Git"", ""Linux"", ""Docker"", ""Python"", ""PostgreSQL""]","<h3>О проекте:</h3><p>Мы разрабатываем высоконагруженную платформу автоматизации аналитики и бизнес-процессов.</p>
    <h3>Обязанности:</h3><ul><li>Разработка микросервисов на Python и фреймворке Flask.</li>
    <li>Проектирование архитектуры базы данных PostgreSQL и оптимизация сложных аналитических запросов.</li>
    <li>Контейнеризация и настройка пайплайнов деплоя с использованием Docker.</li></ul>
    <h3>Требования:</h3><ul><li>Опыт работы с технологиями: Git, Linux, Docker, Python, PostgreSQL.</li>
    <li>Понимание принципов чистого кода, SOLID и микросервисной архитектуры.</li>
    <li>Умение работать в Agile/Scrum команде.</li></ul>
    <h3>Мы предлагаем:</h3><ul><li>Конкурентная зарплата, гибкий график, ДМС и возможность удаленной работы.</li></ul>"
90000892,Ищем: Tech Lead (Python / FastAPI / Highload),Более 6 лет,moreThan6,,,RUR,remote,"[""Go"", ""Python"", ""Kafka"", ""ClickHouse"", ""Kubernetes""]","<p>В финтех направление открыта вакансия Ищем: Tech Lead (Python / FastAPI / Highload).</p>
    <p><strong>Задачи:</strong></p><ul><li>Создание масштабируемых сервисов с низким latency.</li>
    <li>Интеграция с платежными шлюзами и внешними API.</li><li>Написание юнит и интеграционных тестов.</li></ul>
    <p><strong>Стек:</strong> Go, Python, Kafka, ClickHouse, Kubernetes.</p>
    <p><strong>Условия:</strong> полностью белая зарплата, техника на выбор, дружная инженерная культура.</p>"
90000893,"Backend Разработчик (Python, FastAPI, PostgreSQL)",От 3 до 6 лет,between3And6,185000,295000,RUR,flexible,"[""Git"", ""REST API"", ""FastAPI"", ""Asyncio"", ""PostgreSQL""]","<p>В финтех направление открыта вакансия Backend Разработчик (Python, FastAPI, PostgreSQL).</p>
    <p><strong>Задачи:</strong></p><ul><li>Создание масштабируемых сервисов с низким latency.</li>
    <li>Интеграция с платежными шлюзами и внешними API.</li><li>Написание юнит и интеграционных тестов.</li></ul>
    <p><strong>Стек:</strong> Git, REST API, FastAPI, Asyncio, PostgreSQL.</p>
    <p><strong>Условия:</strong> полностью белая зарплата, техника на выбор, дружная инженерная культура.</p>"
90000894,"Удаленно: Senior Backend Architect (Go, PostgreSQL, Kafka)",От 3 до 6 лет,between3And6,395000,590000,RUR,fullDay,"[""Git"", ""Linux"", ""Go"", ""Docker"", ""Kubernetes"", ""PostgreSQL""]","<h3>О проекте:</h3><p>Мы разрабатываем высоконагруженную платформу автоматизации аналитики и бизнес-процессов.</p>
    <h3>Обязанности:</h3><ul><li>Разработка микросервисов на Go и фреймворке Flask.</li>
    <li>Проектирование архитектуры базы данных PostgreSQL и оптимизация сложных аналитических запросов.</li>
    <li>Контейнеризация и настройка пайплайнов деплоя с использованием Docker и Kubernetes.</li></ul>
    <h3>Требования:</h3><ul><li>Опыт работы с технологиями: Git, Linux, Go, Docker, Kubernetes, PostgreSQL.</li>
    <li>Понимание принципов чистого кода, SOLID и микросервисной архитектуры.</li>
    <li>Умение работать в Agile/Scrum команде.</li></ul>
    <h3>Мы предлагаем:</h3><ul><li>Конкурентная зарплата, гибкий график, ДМС и возможность удаленной работы.</li></ul>"
90000895,Junior QA Automation (Python),От 1 года до 3 лет,between1And3,65000,105000,RUR,remote,"[""Git"", ""FastAPI"", ""Linux"", ""Python"", ""Django""]","<p>В финтех направление открыта вакансия Junior QA Automation (Python).</p>
    <p><strong>Задачи:</strong></p><ul><li>Создание масштабируемых сервисов с низким latency.</li>
    <li>Интеграция с платежными шлюзами и внешними API.</li><li>Написание юнит и интеграционных тестов.</li></ul>
    <p><strong>Стек:</strong> Git, FastAPI, Linux, Python, Django.</p>
    <p><strong>Условия:</strong> полностью белая зарплата, техника на выбор, дружная инженерная культура.</p>"
90000896,Разработчик Python,Более 6 лет,moreThan6,310000,460000,RUR,remote,"[""Celery"", ""Kubernetes"", ""FastAPI"", ""Docker""]","<p>В финтех направление открыта вакансия Разработчик Python.</p>
    <p><strong>Задачи:</strong></p><ul><li>Создание масштабируемых сервисов с низким latency.</li>
    <li>Интеграция с платежными шлюзами и внешними API.</li><li>Написание юнит и интеграционных тестов.</li></ul>
    <p><strong>Стек:</strong> Celery, Kubernetes, FastAPI, Docker.</p>
    <p><strong>Условия:</strong> полностью белая зарплата, техника на выбор, дружная инженерная культура.</p>"
90000897,Trainee / Junior Data Engineer,Нет опыта,noExperience,60000,,RUR,remote,"[""REST API"", ""Git"", ""Microservices"", ""Python"", ""Django""]","<p>В финтех направление открыта вакансия Trainee / Junior Data Engineer.</p>
    <p><strong>Задачи:</strong></p><ul><li>Создание масштабируемых сервисов с низким latency.</li>
    <li>Интеграция с платежными шлюзами и внешними API.</li><li>Написание юнит и интеграционных тестов.</li></ul>
    <p><strong>Стек:</strong> REST API, Git, Microservices, Python, Django.</p>
    <p><strong>Условия:</strong> полностью белая зарплата, техника на выбор, дружная инженерная культура.</p>"
90000898,Senior Golang Developer,От 3 до 6 лет,between3And6,325000,490000,RUR,remote,"[""Redis"", ""CI/CD"", ""Go"", ""Docker"", ""Kafka"", ""ClickHouse"", ""PostgreSQL"", ""RabbitMQ""]","<p>В финтех направление открыта вакансия Senior Golang Developer.</p>
    <p><strong>Задачи:</strong></p><ul><li>Создание масштабируемых сервисов с низким latency.</li>
    <li>Интеграция с платежными шлюзами и внешними API.</li><li>Написание юнит и интеграционных тестов.</li></ul>
    <p><strong>Стек:</strong> Redis, CI/CD, Go, Docker, Kafka, ClickHouse, PostgreSQL, RabbitMQ.</p>
    <p><strong>Условия:</strong> полностью белая зарплата, техника на выбор, дружная инженерная культура.</p>"
90000899,Junior Python Developer,Нет опыта,noExperience,,,RUR,remote,"[""Git"", ""Django"", ""Go""]","<h3>О проекте:</h3><p>Мы разрабатываем высоконагруженную платформу автоматизации аналитики и бизнес-процессов.</p>
    <h3>Обязанности:</h3><ul><li>Разработка микросервисов на Python и фреймворке Django.</li>
    <li>Проектирование архитектуры базы данных Redis и оптимизация сложных аналитических запросов.</li>
    <li>Контейнеризация и настройка пайплайнов деплоя с использованием Docker.</li></ul>
    <h3>Требования:</h3><ul><li>Опыт работы с технологиями: Git, Django, Go.</li>
    <li>Понимание принципов чистого кода, SOLID и микросервисной архитектуры.</li>
    <li>Умение работать в Agile/Scrum команде.</li></ul>
    <h3>Мы предлагаем:</h3><ul><li>Конкурентная зарплата, гибкий график, ДМС и возможность удаленной работы.</li></ul>"
90000900,"Senior Backend Architect (Go, PostgreSQL, Kafka)",Более 6 лет,moreThan6,,,RUR,remote,"[""PostgreSQL"", ""Linux"", ""Python"", ""RabbitMQ""]","<h3>О проекте:</h3><p>Мы разрабатываем высоконагруженную платформу автоматизации аналитики и бизнес-процессов.</p>
    <h3>Обязанности:</h3><ul><li>Разработка микросервисов на Python и фреймворке Flask.</li>
    <li>Проектирование архитектуры базы данных PostgreSQL и оптимизация сложных аналитических запросов.</li>
    <li>Контейнеризация и настройка пайплайнов деплоя с использованием Docker.</li></ul>
    <h3>Требования:</h3><ul><li>Опыт работы с технологиями: PostgreSQL, Linux, Python, RabbitMQ.</li>
    <li>Понимание принципов чистого кода, SOLID и микросервисной архитектуры.</li>
    <li>Умение работать в Agile/Scrum команде.</li></ul>
    <h3>Мы предлагаем:</h3><ul><li>Конкурентная зарплата, гибкий график, ДМС и возможность удаленной работы.</li></ul>"
90000901,Golang Developer (Middle),От 3 до 6 лет,between3And6,160000,240000,RUR,remote,"[""Linux"", ""Redis"", ""SQLAlchemy"", ""Docker"", ""Asyncio""]","<p>В финтех направление открыта вакансия Golang Developer (Middle).</p>
    <p><strong>Задачи:</strong></p><ul><li>Создание масштабируемых сервисов с низким latency.</li>
    <li>Интеграция с платежными шлюзами и внешними API.</li><li>Написание юнит и интеграционных тестов.</li></ul>
    <p><strong>Стек:</strong> Linux, Redis, SQLAlchemy, Docker, Asyncio.</p>
    <p><strong>Условия:</strong> полностью белая зарплата, техника на выбор, дружная инженерная культура.</p>"
90000902,Middle Data Engineer,От 3 до 6 лет,between3And6,175000,270000,RUR,remote,"[""Linux"", ""SQLAlchemy"", ""Docker"", ""Python"", ""Asyncio"", ""Kafka"", ""PostgreSQL"", ""RabbitMQ""]","<h3>О проекте:</h3><p>Мы разрабатываем высоконагруженную платформу автоматизации аналитики и бизнес-процессов.</p>
    <h3>Обязанности:</h3><ul><li>Разработка микросервисов на Python и фреймворке Flask.</li>
    <li>Проектирование архитектуры базы данных PostgreSQL и оптимизация сложных аналитических запросов.</li>
    <li>Контейнеризация и настройка пайплайнов деплоя с использованием Docker.</li></ul>
    <h3>Требования:</h3><ul><li>Опыт работы с технологиями: Linux, SQLAlchemy, Docker, Python, Asyncio, Kafka, PostgreSQL, RabbitMQ.</li>
    <li>Понимание принципов чистого кода, SOLID и микросервисной архитектуры.</li>
    <li>Умение работать в Agile/Scrum команде.</li></ul>
    <h3>Мы предлагаем:</h3><ul><li>Конкурентная зарплата, гибкий график, ДМС и возможность удаленной работы.</li></ul>"
90000903,"Backend Разработчик (Python, FastAPI, PostgreSQL)",От 1 года до 3 лет,between1And3,,245000,RUR,remote,"[""REST API"", ""SQLAlchemy"", ""Redis"", ""Docker""]","<p>В финтех направление открыта вакансия Backend Разработчик (Python, FastAPI, PostgreSQL).</p>
    <p><strong>Задачи:</strong></p><ul><li>Создание масштабируемых сервисов с низким latency.</li>
    <li>Интеграция с платежными шлюзами и внешними API.</li><li>Написание юнит и интеграционных тестов.</li></ul>
    <p><strong>Стек:</strong> REST API, SQLAlchemy, Redis, Docker.</p>
    <p><strong>Условия:</strong> полностью белая зарплата, техника на выбор, дружная инженерная культура.</p>"
90000904,IT Компания: Trainee / Junior Data Engineer,Нет опыта,noExperience,,,RUR,remote,"[""Git"", ""REST API"", ""Linux"", ""Redis"", ""Microservices"", ""Python"", ""Asyncio"", ""Django""]","<h3>О проекте:</h3><p>Мы разрабатываем высоконагруженную платформу автоматизации аналитики и бизнес-процессов.</p>
    <h3>Обязанности:</h3><ul><li>Разработка микросервисов на Python и фреймворке Django.</li>
    <li>Проектирование архитектуры базы данных Redis и оптимизация сложных аналитических запросов.</li>
    <li>Контейнеризация и настройка пайплайнов деплоя с использованием Docker.</li></ul>
    <h3>Требования:</h3><ul><li>Опыт работы с технологиями: Git, REST API, Linux, Redis, Microservices, Python, Asyncio, Django.</li>
    <li>Понимание принципов чистого кода, SOLID и микросервисной архитектуры.</li>
    <li>Умение работать в Agile/Scrum команде.</li></ul>
    <h3>Мы предлагаем:</h3><ul><li>Конкурентная зарплата, гибкий график, ДМС и возможность удаленной работы.</li></ul>"
90000905,Ищем: Middle Python Developer,От 1 года до 3 лет,between1And3,,,RUR,fullDay,"[""Git"", ""Go"", ""Celery"", ""Asyncio""]","<h3>О проекте:</h3><p>Мы разрабатываем высоконагруженную платформу автоматизации аналитики и бизнес-процессов.</p>
    <h3>Обязанности:</h3><ul><li>Разработка микросервисов на Go и фреймворке Flask.</li>
    <li>Проектирование архитектуры базы данных Redis и оптимизация сложных аналитических запросов.</li>
    <li>Контейнеризация и настройка пайплайнов деплоя с использованием Docker.</li></ul>
    <h3>Требования:</h3><ul><li>Опыт работы с технологиями: Git, Go, Celery, Asyncio.</li>
    <li>Понимание принципов чистого кода, SOLID и микросервисной архитектуры.</li>
    <li>Умение работать в Agile/Scrum команде.</li></ul>
    <h3>Мы предлагаем:</h3><ul><li>Конкурентная зарплата, гибкий график, ДМС и возможность удаленной работы.</li></ul>"
90000906,IT Компания: Senior Data Engineer / Architect,Нет опыта,noExperience,335000,540000,RUR,remote,"[""Redis"", ""Go"", ""Docker"", ""Kafka"", ""ClickHouse""]","<p>В финтех направление открыта вакансия IT Компания: Senior Data Engineer / Architect.</p>
    <p><strong>Задачи:</strong></p><ul><li>Создание масштабируемых сервисов с низким latency.</li>
    <li>Интеграция с платежными шлюзами и внешними API.</li><li>Написание юнит и интеграционных тестов.</li></ul>
    <p><strong>Стек:</strong> Redis, Go, Docker, Kafka, ClickHouse.</p>
    <p><strong>Условия:</strong> полностью белая зарплата, техника на выбор, дружная инженерная культура.</p>"
90000907,Ищем: Senior DevOps / SRE Engineer,От 3 до 6 лет,between3And6,305000,470000,RUR,fullDay,"[""Microservices"", ""CI/CD"", ""Go"", ""Celery"", ""Python"", ""Kubernetes"", ""PostgreSQL""]","<h3>О проекте:</h3><p>Мы разрабатываем высоконагруженную платформу автоматизации аналитики и бизнес-процессов.</p>
    <h3>Обязанности:</h3><ul><li>Разработка микросервисов на Go и фреймворке Flask.</li>
    <li>Проектирование архитектуры базы данных PostgreSQL и оптимизация сложных аналитических запросов.</li>
    <li>Контейнеризация и настройка пайплайнов деплоя с использованием Docker и Kubernetes.</li></ul>
    <h3>Требования:</h3><ul><li>Опыт работы с технологиями: Microservices, CI/CD, Go, Celery, Python, Kubernetes, PostgreSQL.</li>
    <li>Понимание принципов чистого кода, SOLID и микросервисной архитектуры.</li>
    <li>Умение работать в Agile/Scrum команде.</li></ul>
    <h3>Мы предлагаем:</h3><ul><li>Конкурентная зарплата, гибкий график, ДМС и возможность удаленной работы.</li></ul>"
90000908,Senior Golang Developer,От 3 до 6 лет,between3And6,,,RUR,remote,"[""Kubernetes"", ""CI/CD"", ""Go"", ""Docker""]","<h3>О проекте:</h3><p>Мы разрабатываем высоконагруженную платформу автоматизации аналитики и бизнес-процессов.</p>
    <h3>Обязанности:</h3><ul><li>Разработка микросервисов на Go и фреймворке Flask.</li>
    <li>Проектирование архитектуры базы данных Redis и оптимизация сложных аналитических запросов.</li>
    <li>Контейнеризация и настройка пайплайнов деплоя с использованием Docker и Kubernetes.</li></ul>
    <h3>Требования:</h3><ul><li>Опыт работы с технологиями: Kubernetes, CI/CD, Go, Docker.</li>
    <li>Понимание принципов чистого кода, SOLID и микросервисной архитектуры.</li>
    <li>Умение работать в Agile/Scrum команде.</li></ul>
    <h3>Мы предлагаем:</h3><ul><li>Конкурентная зарплата, гибкий график, ДМС и возможность удаленной работы.</li></ul>"
90000909,Разработчик Python,От 3 до 6 лет,between3And6,210000,320000,RUR,fullDay,"[""FastAPI"", ""Go"", ""Docker"", ""Celery"", ""Python"", ""Kubernetes"", ""PostgreSQL""]","<p>В финтех направление открыта вакансия Разработчик Python.</p>
    <p><strong>Задачи:</strong></p><ul><li>Создание масштабируемых сервисов с низким latency.</li>
    <li>Интеграция с платежными шлюзами и внешними API.</li><li>Написание юнит и интеграционных тестов.</li></ul>
    <p><strong>Стек:</strong> FastAPI, Go, Docker, Celery, Python, Kubernetes, PostgreSQL.</p>
    <p><strong>Условия:</strong> полностью белая зарплата, техника на выбор, дружная инженерная культура.</p>"
90000910,Lead / Senior Backend Engineer (Go / Python),Более 6 лет,moreThan6,,,RUR,fullDay,"[""Go"", ""Docker"", ""Python"", ""Kubernetes"", ""ClickHouse"", ""PostgreSQL"", ""RabbitMQ""]","<p>В финтех направление открыта вакансия Lead / Senior Backend Engineer (Go / Python).</p>
    <p><strong>Задачи:</strong></p><ul><li>Создание масштабируемых сервисов с низким latency.</li>
    <li>Интеграция с платежными шлюзами и внешними API.</li><li>Написание юнит и интеграционных тестов.</li></ul>
    <p><strong>Стек:</strong> Go, Docker, Python, Kubernetes, ClickHouse, PostgreSQL, RabbitMQ.</p>
    <p><strong>Условия:</strong> полностью белая зарплата, техника на выбор, дружная инженерная культура.</p>"
90000911,Ищем: Python Backend Engineer,Нет опыта,noExperience,170000,265000,RUR,fullDay,"[""PostgreSQL"", ""Linux"", ""Docker""]","<h3>О проекте:</h3><p>Мы разрабатываем высоконагруженную платформу автоматизации аналитики и бизнес-процессов.</p>
    <h3>Обязанности:</h3><ul><li>Разработка микросервисов на Python и фреймворке Flask.</li>
    <li>Проектирование архитектуры базы данных PostgreSQL и оптимизация сложных аналитических запросов.</li>
    <li>Контейнеризация и настройка пайплайнов деплоя с использованием Docker.</li></ul>
    <h3>Требования:</h3><ul><li>Опыт работы с технологиями: PostgreSQL, Linux, Docker.</li>
    <li>Понимание принципов чистого кода, SOLID и микросервисной архитектуры.</li>
    <li>Умение работать в Agile/Scrum команде.</li></ul>
    <h3>Мы предлагаем:</h3><ul><li>Конкурентная зарплата, гибкий график, ДМС и возможность удаленной работы.</li></ul>"
90000912,Backend Engineer,От 1 года до 3 лет,between1And3,,,RUR,remote,"[""Git"", ""FastAPI"", ""Redis"", ""Docker"", ""Asyncio"", ""RabbitMQ""]","<h3>О проекте:</h3><p>Мы разрабатываем высоконагруженную платформу автоматизации аналитики и бизнес-процессов.</p>
    <h3>Обязанности:</h3><ul><li>Разработка микросервисов на Python и фреймворке FastAPI.</li>
    <li>Проектирование архитектуры базы данных Redis и оптимизация сложных аналитических запросов.</li>
    <li>Контейнеризация и настройка пайплайнов деплоя с использованием Docker.</li></ul>
    <h3>Требования:</h3><ul><li>Опыт работы с технологиями: Git, FastAPI, Redis, Docker, Asyncio, RabbitMQ.</li>
    <li>Понимание принципов чистого кода, SOLID и микросервисной архитектуры.</li>
    <li>Умение работать в Agile/Scrum команде.</li></ul>
    <h3>Мы предлагаем:</h3><ul><li>Конкурентная зарплата, гибкий график, ДМС и возможность удаленной работы.</li></ul>"
90000913,Go Backend Developer,От 1 года до 3 лет,between1And3,225000,,RUR,fullDay,"[""Asyncio"", ""PostgreSQL"", ""RabbitMQ""]","<h3>О проекте:</h3><p>Мы разрабатываем высоконагруженную платформу автоматизации аналитики и бизнес-процессов.</p>
    <h3>Обязанности:</h3><ul><li>Разработка микросервисов на Python и фреймворке Flask.</li>
    <li>Проектирование архитектуры базы данных PostgreSQL и оптимизация сложных аналитических запросов.</li>
    <li>Контейнеризация и настройка пайплайнов деплоя с использованием Docker.</li></ul>
    <h3>Требования:</h3><ul><li>Опыт работы с технологиями: Asyncio, PostgreSQL, RabbitMQ.</li>
    <li>Понимание принципов чистого кода, SOLID и микросервисной архитектуры.</li>
    <li>Умение работать в Agile/Scrum команде.</li></ul>
    <h3>Мы предлагаем:</h3><ul><li>Конкурентная зарплата, гибкий график, ДМС и возможность удаленной работы.</li></ul>"
90000914,Ведущий разработчик Python,Более 6 лет,moreThan6,325000,500000,RUR,fullDay,"[""Git"", ""FastAPI"", ""Microservices"", ""CI/CD"", ""PostgreSQL"", ""RabbitMQ""]","<p>В финтех направление открыта вакансия Ведущий разработчик Python.</p>
    <p><strong>Задачи:</strong></p><ul><li>Создание масштабируемых сервисов с низким latency.</li>
    <li>Интеграция с платежными шлюзами и внешними API.</li><li>Написание юнит и интеграционных тестов.</li></ul>
    <p><strong>Стек:</strong> Git, FastAPI, Microservices, CI/CD, PostgreSQL, RabbitMQ.</p>
    <p><strong>Условия:</strong> полностью белая зарплата, техника на выбор, дружная инженерная культура.</p>"
90000915,Удаленно: Middle Python Developer,От 1 года до 3 лет,between1And3,160000,,RUR,remote,"[""FastAPI"", ""Redis"", ""Go"", ""SQLAlchemy"", ""Asyncio"", ""Kubernetes""]","<h3>О проекте:</h3><p>Мы разрабатываем высоконагруженную платформу автоматизации аналитики и бизнес-процессов.</p>
    <h3>Обязанности:</h3><ul><li>Разработка микросервисов на Go и фреймворке FastAPI.</li>
    <li>Проектирование архитектуры базы данных Redis и оптимизация сложных аналитических запросов.</li>
    <li>Контейнеризация и настройка пайплайнов деплоя с использованием Docker и Kubernetes.</li></ul>
    <h3>Требования:</h3><ul><li>Опыт работы с технологиями: FastAPI, Redis, Go, SQLAlchemy, Asyncio, Kubernetes.</li>
    <li>Понимание принципов чистого кода, SOLID и микросервисной архитектуры.</li>
    <li>Умение работать в Agile/Scrum команде.</li></ul>
    <h3>Мы предлагаем:</h3><ul><li>Конкурентная зарплата, гибкий график, ДМС и возможность удаленной работы.</li></ul>"
90000916,IT Компания: Lead / Senior Backend Engineer (Go / Python),Более 6 лет,moreThan6,375000,,RUR,remote,"[""FastAPI"", ""CI/CD"", ""Celery"", ""Python"", ""Kubernetes"", ""PostgreSQL""]","<h3>О проекте:</h3><p>Мы разрабатываем высоконагруженную платформу автоматизации аналитики и бизнес-процессов.</p>
    <h3>Обязанности:</h3><ul><li>Разработка микросервисов на Python и фреймворке FastAPI.</li>
    <li>Проектирование архитектуры базы данных PostgreSQL и оптимизация сложных аналитических запросов.</li>
    <li>Контейнеризация и настройка пайплайнов деплоя с использованием Docker и Kubernetes.</li></ul>
    <h3>Требования:</h3><ul><li>Опыт работы с технологиями: FastAPI, CI/CD, Celery, Python, Kubernetes, PostgreSQL.</li>
    <li>Понимание принципов чистого кода, SOLID и микросервисной архитектуры.</li>
    <li>Умение работать в Agile/Scrum команде.</li></ul>
    <h3>Мы предлагаем:</h3><ul><li>Конкурентная зарплата, гибкий график, ДМС и возможность удаленной работы.</li></ul>"
90000917,Ищем: Golang Developer (Middle),От 3 до 6 лет,between3And6,160000,240000,RUR,fullDay,"[""Git"", ""Pytest"", ""FastAPI"", ""Docker""]","<p>В финтех направление открыта вакансия Ищем: Golang Developer (Middle).</p>
    <p><strong>Задачи:</strong></p><ul><li>Создание масштабируемых сервисов с низким latency.</li>
    <li>Интеграция с платежными шлюзами и внешними API.</li><li>Написание юнит и интеграционных тестов.</li></ul>
    <p><strong>Стек:</strong> Git, Pytest, FastAPI, Docker.</p>
    <p><strong>Условия:</strong> полностью белая зарплата, техника на выбор, дружная инженерная культура.</p>"
90000918,IT Компания: Junior Go / Golang Developer,Нет опыта,noExperience,55000,95000,RUR,fullDay,"[""Django"", ""Pytest"", ""FastAPI"", ""Python""]","<p>В финтех направление открыта вакансия IT Компания: Junior Go / Golang Developer.</p>
    <p><strong>Задачи:</strong></p><ul><li>Создание масштабируемых сервисов с низким latency.</li>
    <li>Интеграция с платежными шлюзами и внешними API.</li><li>Написание юнит и интеграционных тестов.</li></ul>
    <p><strong>Стек:</strong> Django, Pytest, FastAPI, Python.</p>
    <p><strong>Условия:</strong> полностью белая зарплата, техника на выбор, дружная инженерная культура.</p>"
90000919,DevOps Engineer,Нет опыта,noExperience,45000,75000,RUR,remote,"[""Linux"", ""Microservices"", ""Django"", ""Kafka"", ""PostgreSQL""]","<p>В финтех направление открыта вакансия DevOps Engineer.</p>
    <p><strong>Задачи:</strong></p><ul><li>Создание масштабируемых сервисов с низким latency.</li>
    <li>Интеграция с платежными шлюзами и внешними API.</li><li>Написание юнит и интеграционных тестов.</li></ul>
    <p><strong>Стек:</strong> Linux, Microservices, Django, Kafka, PostgreSQL.</p>
    <p><strong>Условия:</strong> полностью белая зарплата, техника на выбор, дружная инженерная культура.</p>"
90000920,Software Engineer,От 1 года до 3 лет,between1And3,145000,230000,RUR,fullDay,"[""Git"", ""REST API"", ""Go"", ""Python"", ""PostgreSQL""]","<p>В финтех направление открыта вакансия Software Engineer.</p>
    <p><strong>Задачи:</strong></p><ul><li>Создание масштабируемых сервисов с низким latency.</li>
    <li>Интеграция с платежными шлюзами и внешними API.</li><li>Написание юнит и интеграционных тестов.</li></ul>
    <p><strong>Стек:</strong> Git, REST API, Go, Python, PostgreSQL.</p>
    <p><strong>Условия:</strong> полностью белая зарплата, техника на выбор, дружная инженерная культура.</p>"
90000921,Junior Python Developer,От 3 до 6 лет,between3And6,,90000,RUR,fullDay,"[""Django"", ""Linux"", ""Python"", ""RabbitMQ""]","<h3>О проекте:</h3><p>Мы разрабатываем высоконагруженную платформу автоматизации аналитики и бизнес-процессов.</p>
    <h3>Обязанности:</h3><ul><li>Разработка микросервисов на Python и фреймворке Django.</li>
    <li>Проектирование архитектуры базы данных Redis и оптимизация сложных аналитических запросов.</li>
    <li>Контейнеризация и настройка пайплайнов деплоя с использованием Docker.</li></ul>
    <h3>Требования:</h3><ul><li>Опыт работы с технологиями: Django, Linux, Python, RabbitMQ.</li>
    <li>Понимание принципов чистого кода, SOLID и микросервисной архитектуры.</li>
    <li>Умение работать в Agile/Scrum команде.</li></ul>
    <h3>Мы предлагаем:</h3><ul><li>Конкурентная зарплата, гибкий график, ДМС и возможность удаленной работы.</li></ul>"
90000922,Ищем: Middle Python Developer,От 1 года до 3 лет,between1And3,135000,215000,RUR,remote,"[""Kubernetes"", ""Linux"", ""SQLAlchemy"", ""Python""]","<p>В финтех направление открыта вакансия Ищем: Middle Python Developer.</p>
    <p><strong>Задачи:</strong></p><ul><li>Создание масштабируемых сервисов с низким latency.</li>
    <li>Интеграция с платежными шлюзами и внешними API.</li><li>Написание юнит и интеграционных тестов.</li></ul>
    <p><strong>Стек:</strong> Kubernetes, Linux, SQLAlchemy, Python.</p>
    <p><strong>Условия:</strong> полностью белая зарплата, техника на выбор, дружная инженерная культура.</p>"
90000923,Ищем: Tech Lead (Python / FastAPI / Highload),Более 6 лет,moreThan6,295000,470000,RUR,flexible,"[""PostgreSQL"", ""Go"", ""FastAPI"", ""Python""]","<p>В финтех направление открыта вакансия Ищем: Tech Lead (Python / FastAPI / Highload).</p>
    <p><strong>Задачи:</strong></p><ul><li>Создание масштабируемых сервисов с низким latency.</li>
    <li>Интеграция с платежными шлюзами и внешними API.</li><li>Написание юнит и интеграционных тестов.</li></ul>
    <p><strong>Стек:</strong> PostgreSQL, Go, FastAPI, Python.</p>
    <p><strong>Условия:</strong> полностью белая зарплата, техника на выбор, дружная инженерная культура.</p>"
90000924,Senior Python Developer,От 3 до 6 лет,between3And6,255000,400000,RUR,fullDay,"[""Linux"", ""FastAPI"", ""Microservices"", ""CI/CD"", ""ClickHouse"", ""PostgreSQL""]","<p>В финтех направление открыта вакансия Senior Python Developer.</p>
    <p><strong>Задачи:</strong></p><ul><li>Создание масштабируемых сервисов с низким latency.</li>
    <li>Интеграция с платежными шлюзами и внешними API.</li><li>Написание юнит и интеграционных тестов.</li></ul>
    <p><strong>Стек:</strong> Linux, FastAPI, Microservices, CI/CD, ClickHouse, PostgreSQL.</p>
    <p><strong>Условия:</strong> полностью белая зарплата, техника на выбор, дружная инженерная культура.</p>"
90000925,Middle Python Developer,Более 6 лет,moreThan6,135000,210000,RUR,fullDay,"[""Git"", ""FastAPI"", ""Python"", ""Asyncio"", ""RabbitMQ""]","<h3>О проекте:</h3><p>Мы разрабатываем высоконагруженную платформу автоматизации аналитики и бизнес-процессов.</p>
    <h3>Обязанности:</h3><ul><li>Разработка микросервисов на Python и фреймворке FastAPI.</li>
    <li>Проектирование архитектуры базы данных Redis и оптимизация сложных аналитических запросов.</li>
    <li>Контейнеризация и настройка пайплайнов деплоя с использованием Docker.</li></ul>
    <h3>Требования:</h3><ul><li>Опыт работы с технологиями: Git, FastAPI, Python, Asyncio, RabbitMQ.</li>
    <li>Понимание принципов чистого кода, SOLID и микросервисной архитектуры.</li>
    <li>Умение работать в Agile/Scrum команде.</li></ul>
    <h3>Мы предлагаем:</h3><ul><li>Конкурентная зарплата, гибкий график, ДМС и возможность удаленной работы.</li></ul>"
90000926,Ищем: Middle Data Engineer,От 3 до 6 лет,between3And6,,245000,RUR,remote,"[""Git"", ""Redis"", ""Go"", ""SQLAlchemy"", ""Asyncio"", ""PostgreSQL""]","<h3>О проекте:</h3><p>Мы разрабатываем высоконагруженную платформу автоматизации аналитики и бизнес-процессов.</p>
    <h3>Обязанности:</h3><ul><li>Разработка микросервисов на Go и фреймворке Flask.</li>
    <li>Проектирование архитектуры базы данных PostgreSQL и оптимизация сложных аналитических запросов.</li>
    <li>Контейнеризация и настройка пайплайнов деплоя с использованием Docker.</li></ul>
    <h3>Требования:</h3><ul><li>Опыт работы с технологиями: Git, Redis, Go, SQLAlchemy, Asyncio, PostgreSQL.</li>
    <li>Понимание принципов чистого кода, SOLID и микросервисной архитектуры.</li>
    <li>Умение работать в Agile/Scrum команде.</li></ul>
    <h3>Мы предлагаем:</h3><ul><li>Конкурентная зарплата, гибкий график, ДМС и возможность удаленной работы.</li></ul>"
90000927,"Удаленно: Senior Backend Architect (Go, PostgreSQL, Kafka)",Более 6 лет,moreThan6,,640000,RUR,remote,"[""Docker"", ""Python"", ""Kafka"", ""ClickHouse"", ""PostgreSQL""]","<p>В финтех направление открыта вакансия Удаленно: Senior Backend Architect (Go, PostgreSQL, Kafka).</p>
    <p><strong>Задачи:</strong></p><ul><li>Создание масштабируемых сервисов с низким latency.</li>
    <li>Интеграция с платежными шлюзами и внешними API.</li><li>Написание юнит и интеграционных тестов.</li></ul>
    <p><strong>Стек:</strong> Docker, Python, Kafka, ClickHouse, PostgreSQL.</p>
    <p><strong>Условия:</strong> полностью белая зарплата, техника на выбор, дружная инженерная культура.</p>"
90000928,Ищем: Junior QA Automation (Python),От 1 года до 3 лет,between1And3,60000,95000,RUR,fullDay,"[""Git"", ""Linux"", ""Python"", ""Django"", ""PostgreSQL""]","<h3>О проекте:</h3><p>Мы разрабатываем высоконагруженную платформу автоматизации аналитики и бизнес-процессов.</p>
    <h3>Обязанности:</h3><ul><li>Разработка микросервисов на Python и фреймворке Django.</li>
    <li>Проектирование архитектуры базы данных PostgreSQL и оптимизация сложных аналитических запросов.</li>
    <li>Контейнеризация и настройка пайплайнов деплоя с использованием Docker.</li></ul>
    <h3>Требования:</h3><ul><li>Опыт работы с технологиями: Git, Linux, Python, Django, PostgreSQL.</li>
    <li>Понимание принципов чистого кода, SOLID и микросервисной архитектуры.</li>
    <li>Умение работать в Agile/Scrum команде.</li></ul>
    <h3>Мы предлагаем:</h3><ul><li>Конкурентная зарплата, гибкий график, ДМС и возможность удаленной работы.</li></ul>"
90000929,Удаленно: Junior DevOps Engineer,От 1 года до 3 лет,between1And3,80000,,RUR,fullDay,"[""Microservices"", ""Pytest"", ""CI/CD"", ""Python"", ""Django""]","<p>В финтех направление открыта вакансия Удаленно: Junior DevOps Engineer.</p>
    <p><strong>Задачи:</strong></p><ul><li>Создание масштабируемых сервисов с низким latency.</li>
    <li>Интеграция с платежными шлюзами и внешними API.</li><li>Написание юнит и интеграционных тестов.</li></ul>
    <p><strong>Стек:</strong> Microservices, Pytest, CI/CD, Python, Django.</p>
    <p><strong>Условия:</strong> полностью белая зарплата, техника на выбор, дружная инженерная культура.</p>"
90000930,"Senior Backend Architect (Go, PostgreSQL, Kafka)",Более 6 лет,moreThan6,,,RUR,fullDay,"[""FastAPI"", ""Microservices"", ""Django"", ""PostgreSQL"", ""Kubernetes""]","<h3>О проекте:</h3><p>Мы разрабатываем высоконагруженную платформу автоматизации аналитики и бизнес-процессов.</p>
    <h3>Обязанности:</h3><ul><li>Разработка микросервисов на Python и фреймворке FastAPI.</li>
    <li>Проектирование архитектуры базы данных PostgreSQL и оптимизация сложных аналитических запросов.</li>
    <li>Контейнеризация и настройка пайплайнов деплоя с использованием Docker и Kubernetes.</li></ul>
    <h3>Требования:</h3><ul><li>Опыт работы с технологиями: FastAPI, Microservices, Django, PostgreSQL, Kubernetes.</li>
    <li>Понимание принципов чистого кода, SOLID и микросервисной архитектуры.</li>
    <li>Умение работать в Agile/Scrum команде.</li></ul>
    <h3>Мы предлагаем:</h3><ul><li>Конкурентная зарплата, гибкий график, ДМС и возможность удаленной работы.</li></ul>"
90000931,"Middle DevOps Engineer (Docker, K8s)",От 3 до 6 лет,between3And6,195000,305000,RUR,remote,"[""Microservices"", ""SQLAlchemy"", ""Python"", ""Asyncio"", ""ClickHouse""]","<h3>О проекте:</h3><p>Мы разрабатываем высоконагруженную платформу автоматизации аналитики и бизнес-процессов.</p>
    <h3>Обязанности:</h3><ul><li>Разработка микросервисов на Python и фреймворке Flask.</li>
    <li>Проектирование архитектуры базы данных Redis и оптимизация сложных аналитических запросов.</li>
    <li>Контейнеризация и настройка пайплайнов деплоя с использованием Docker.</li></ul>
    <h3>Требования:</h3><ul><li>Опыт работы с технологиями: Microservices, SQLAlchemy, Python, Asyncio, ClickHouse.</li>
    <li>Понимание принципов чистого кода, SOLID и микросервисной архитектуры.</li>
    <li>Умение работать в Agile/Scrum команде.</li></ul>
    <h3>Мы предлагаем:</h3><ul><li>Конкурентная зарплата, гибкий график, ДМС и возможность удаленной работы.</li></ul>"
90000932,Junior DevOps Engineer,Нет опыта,noExperience,70000,115000,RUR,remote,"[""REST API"", ""Linux"", ""Redis"", ""Django"", ""PostgreSQL""]","<p>В финтех направление открыта вакансия Junior DevOps Engineer.</p>
    <p><strong>Задачи:</strong></p><ul><li>Создание масштабируемых сервисов с низким latency.</li>
    <li>Интеграция с платежными шлюзами и внешними API.</li><li>Написание юнит и интеграционных тестов.</li></ul>
    <p><strong>Стек:</strong> REST API, Linux, Redis, Django, PostgreSQL.</p>
    <p><strong>Условия:</strong> полностью белая зарплата, техника на выбор, дружная инженерная культура.</p>"
90000933,Tech Lead (Python / FastAPI / Highload),Более 6 лет,moreThan6,420000,660000,RUR,fullDay,"[""FastAPI"", ""Microservices"", ""Go"", ""Docker"", ""Python"", ""PostgreSQL""]","<p>В финтех направление открыта вакансия Tech Lead (Python / FastAPI / Highload).</p>
    <p><strong>Задачи:</strong></p><ul><li>Создание масштабируемых сервисов с низким latency.</li>
    <li>Интеграция с платежными шлюзами и внешними API.</li><li>Написание юнит и интеграционных тестов.</li></ul>
    <p><strong>Стек:</strong> FastAPI, Microservices, Go, Docker, Python, PostgreSQL.</p>
    <p><strong>Условия:</strong> полностью белая зарплата, техника на выбор, дружная инженерная культура.</p>"
90000934,Ищем: Junior Backend Engineer (FastAPI),От 1 года до 3 лет,between1And3,65000,,RUR,remote,"[""Git"", ""REST API"", ""Microservices"", ""Pytest"", ""Docker"", ""Django""]","<h3>О проекте:</h3><p>Мы разрабатываем высоконагруженную платформу автоматизации аналитики и бизнес-процессов.</p>
    <h3>Обязанности:</h3><ul><li>Разработка микросервисов на Python и фреймворке Django.</li>
    <li>Проектирование архитектуры базы данных Redis и оптимизация сложных аналитических запросов.</li>
    <li>Контейнеризация и настройка пайплайнов деплоя с использованием Docker.</li></ul>
    <h3>Требования:</h3><ul><li>Опыт работы с технологиями: Git, REST API, Microservices, Pytest, Docker, Django.</li>
    <li>Понимание принципов чистого кода, SOLID и микросервисной архитектуры.</li>
    <li>Умение работать в Agile/Scrum команде.</li></ul>
    <h3>Мы предлагаем:</h3><ul><li>Конкурентная зарплата, гибкий график, ДМС и возможность удаленной работы.</li></ul>"
90000935,IT Компания: Junior QA Automation (Python),От 1 года до 3 лет,between1And3,,,RUR,remote,"[""Git"", ""REST API"", ""Linux"", ""Asyncio"", ""PostgreSQL""]","<h3>О проекте:</h3><p>Мы разрабатываем высоконагруженную платформу автоматизации аналитики и бизнес-процессов.</p>
    <h3>Обязанности:</h3><ul><li>Разработка микросервисов на Python и фреймворке Flask.</li>
    <li>Проектирование архитектуры базы данных PostgreSQL и оптимизация сложных аналитических запросов.</li>
    <li>Контейнеризация и настройка пайплайнов деплоя с использованием Docker.</li></ul>
    <h3>Требования:</h3><ul><li>Опыт работы с технологиями: Git, REST API, Linux, Asyncio, PostgreSQL.</li>
    <li>Понимание принципов чистого кода, SOLID и микросервисной архитектуры.</li>
    <li>Умение работать в Agile/Scrum команде.</li></ul>
    <h3>Мы предлагаем:</h3><ul><li>Конкурентная зарплата, гибкий график, ДМС и возможность удаленной работы.</li></ul>"
90000936,Golang Developer (Middle),От 3 до 6 лет,between3And6,205000,,RUR,fullDay,"[""Asyncio"", ""Go"", ""SQLAlchemy"", ""Python""]","<h3>О проекте:</h3><p>Мы разрабатываем высоконагруженную платформу автоматизации аналитики и бизнес-процессов.</p>
    <h3>Обязанности:</h3><ul><li>Разработка микросервисов на Go и фреймворке Flask.</li>
    <li>Проектирование архитектуры базы данных Redis и оптимизация сложных аналитических запросов.</li>
    <li>Контейнеризация и настройка пайплайнов деплоя с использованием Docker.</li></ul>
    <h3>Требования:</h3><ul><li>Опыт работы с технологиями: Asyncio, Go, SQLAlchemy, Python.</li>
    <li>Понимание принципов чистого кода, SOLID и микросервисной архитектуры.</li>
    <li>Умение работать в Agile/Scrum команде.</li></ul>
    <h3>Мы предлагаем:</h3><ul><li>Конкурентная зарплата, гибкий график, ДМС и возможность удаленной работы.</li></ul>"
90000937,IT Компания: Middle Data Engineer,От 3 до 6 лет,between3And6,195000,300000,RUR,remote,"[""Asyncio"", ""PostgreSQL"", ""FastAPI"", ""Redis""]","<p>В финтех направление открыта вакансия IT Компания: Middle Data Engineer.</p>
    <p><strong>Задачи:</strong></p><ul><li>Создание масштабируемых сервисов с низким latency.</li>
    <li>Интеграция с платежными шлюзами и внешними API.</li><li>Написание юнит и интеграционных тестов.</li></ul>
    <p><strong>Стек:</strong> Asyncio, PostgreSQL, FastAPI, Redis.</p>
    <p><strong>Условия:</strong> полностью белая зарплата, техника на выбор, дружная инженерная культура.</p>"
90000938,Middle Data Engineer,От 3 до 6 лет,between3And6,,,RUR,fullDay,"[""Git"", ""FastAPI"", ""Go"", ""Asyncio"", ""Kafka"", ""PostgreSQL""]","<p>В финтех направление открыта вакансия Middle Data Engineer.</p>
    <p><strong>Задачи:</strong></p><ul><li>Создание масштабируемых сервисов с низким latency.</li>
    <li>Интеграция с платежными шлюзами и внешними API.</li><li>Написание юнит и интеграционных тестов.</li></ul>
    <p><strong>Стек:</strong> Git, FastAPI, Go, Asyncio, Kafka, PostgreSQL.</p>
    <p><strong>Условия:</strong> полностью белая зарплата, техника на выбор, дружная инженерная культура.</p>"
90000939,Lead / Senior Backend Engineer (Go / Python),Более 6 лет,moreThan6,315000,490000,RUR,flexible,"[""Asyncio"", ""Kafka"", ""PostgreSQL"", ""Python""]","<h3>О проекте:</h3><p>Мы разрабатываем высоконагруженную платформу автоматизации аналитики и бизнес-процессов.</p>
    <h3>Обязанности:</h3><ul><li>Разработка микросервисов на Python и фреймворке Flask.</li>
    <li>Проектирование архитектуры базы данных PostgreSQL и оптимизация сложных аналитических запросов.</li>
    <li>Контейнеризация и настройка пайплайнов деплоя с использованием Docker.</li></ul>
    <h3>Требования:</h3><ul><li>Опыт работы с технологиями: Asyncio, Kafka, PostgreSQL, Python.</li>
    <li>Понимание принципов чистого кода, SOLID и микросервисной архитектуры.</li>
    <li>Умение работать в Agile/Scrum команде.</li></ul>
    <h3>Мы предлагаем:</h3><ul><li>Конкурентная зарплата, гибкий график, ДМС и возможность удаленной работы.</li></ul>"
90000940,Стажер-разработчик Python,Нет опыта,noExperience,40000,,RUR,remote,"[""REST API"", ""Git"", ""Redis"", ""CI/CD"", ""Python"", ""PostgreSQL""]","<p>В финтех направление открыта вакансия Стажер-разработчик Python.</p>
    <p><strong>Задачи:</strong></p><ul><li>Создание масштабируемых сервисов с низким latency.</li>
    <li>Интеграция с платежными шлюзами и внешними API.</li><li>Написание юнит и интеграционных тестов.</li></ul>
    <p><strong>Стек:</strong> REST API, Git, Redis, CI/CD, Python, PostgreSQL.</p>
    <p><strong>Условия:</strong> полностью белая зарплата, техника на выбор, дружная инженерная культура.</p>"
90000941,Ищем: Tech Lead (Python / FastAPI / Highload),Более 6 лет,moreThan6,375000,590000,RUR,remote,"[""FastAPI"", ""CI/CD"", ""Go"", ""Docker"", ""SQLAlchemy"", ""ClickHouse""]","<h3>О проекте:</h3><p>Мы разрабатываем высоконагруженную платформу автоматизации аналитики и бизнес-процессов.</p>
    <h3>Обязанности:</h3><ul><li>Разработка микросервисов на Go и фреймворке FastAPI.</li>
    <li>Проектирование архитектуры базы данных Redis и оптимизация сложных аналитических запросов.</li>
    <li>Контейнеризация и настройка пайплайнов деплоя с использованием Docker.</li></ul>
    <h3>Требования:</h3><ul><li>Опыт работы с технологиями: FastAPI, CI/CD, Go, Docker, SQLAlchemy, ClickHouse.</li>
    <li>Понимание принципов чистого кода, SOLID и микросервисной архитектуры.</li>
    <li>Умение работать в Agile/Scrum команде.</li></ul>
    <h3>Мы предлагаем:</h3><ul><li>Конкурентная зарплата, гибкий график, ДМС и возможность удаленной работы.</li></ul>"
90000942,Удаленно: Младший программист Python / Django,От 1 года до 3 лет,between1And3,70000,110000,RUR,fullDay,"[""Git"", ""REST API"", ""Docker"", ""Python"", ""RabbitMQ""]","<p>В финтех направление открыта вакансия Удаленно: Младший программист Python / Django.</p>
    <p><strong>Задачи:</strong></p><ul><li>Создание масштабируемых сервисов с низким latency.</li>
    <li>Интеграция с платежными шлюзами и внешними API.</li><li>Написание юнит и интеграционных тестов.</li></ul>
    <p><strong>Стек:</strong> Git, REST API, Docker, Python, RabbitMQ.</p>
    <p><strong>Условия:</strong> полностью белая зарплата, техника на выбор, дружная инженерная культура.</p>"
90000943,Ищем: Senior Golang Developer,Нет опыта,noExperience,310000,465000,RUR,fullDay,"[""FastAPI"", ""Django"", ""CI/CD"", ""Docker"", ""Asyncio"", ""Kubernetes"", ""ClickHouse"", ""PostgreSQL""]","<h3>О проекте:</h3><p>Мы разрабатываем высоконагруженную платформу автоматизации аналитики и бизнес-процессов.</p>
    <h3>Обязанности:</h3><ul><li>Разработка микросервисов на Python и фреймворке FastAPI.</li>
    <li>Проектирование архитектуры базы данных PostgreSQL и оптимизация сложных аналитических запросов.</li>
    <li>Контейнеризация и настройка пайплайнов деплоя с использованием Docker и Kubernetes.</li></ul>
    <h3>Требования:</h3><ul><li>Опыт работы с технологиями: FastAPI, Django, CI/CD, Docker, Asyncio, Kubernetes, ClickHouse, PostgreSQL.</li>
    <li>Понимание принципов чистого кода, SOLID и микросервисной архитектуры.</li>
    <li>Умение работать в Agile/Scrum команде.</li></ul>
    <h3>Мы предлагаем:</h3><ul><li>Конкурентная зарплата, гибкий график, ДМС и возможность удаленной работы.</li></ul>"
90000944,Senior Python Developer,От 3 до 6 лет,between3And6,,,RUR,fullDay,"[""Docker"", ""PostgreSQL"", ""Kafka"", ""RabbitMQ"", ""Kubernetes""]","<p>В финтех направление открыта вакансия Senior Python Developer.</p>
    <p><strong>Задачи:</strong></p><ul><li>Создание масштабируемых сервисов с низким latency.</li>
    <li>Интеграция с платежными шлюзами и внешними API.</li><li>Написание юнит и интеграционных тестов.</li></ul>
    <p><strong>Стек:</strong> Docker, PostgreSQL, Kafka, RabbitMQ, Kubernetes.</p>
    <p><strong>Условия:</strong> полностью белая зарплата, техника на выбор, дружная инженерная культура.</p>"
90000945,Ищем: Junior Python Developer,Нет опыта,noExperience,55000,100000,RUR,fullDay,"[""REST API"", ""Git"", ""Linux"", ""Python"", ""PostgreSQL""]","<p>В финтех направление открыта вакансия Ищем: Junior Python Developer.</p>
    <p><strong>Задачи:</strong></p><ul><li>Создание масштабируемых сервисов с низким latency.</li>
    <li>Интеграция с платежными шлюзами и внешними API.</li><li>Написание юнит и интеграционных тестов.</li></ul>
    <p><strong>Стек:</strong> REST API, Git, Linux, Python, PostgreSQL.</p>
    <p><strong>Условия:</strong> полностью белая зарплата, техника на выбор, дружная инженерная культура.</p>"
90000946,"Middle DevOps Engineer (Docker, K8s)",От 3 до 6 лет,between3And6,,,RUR,remote,"[""FastAPI"", ""Redis"", ""SQLAlchemy"", ""Celery"", ""PostgreSQL""]","<h3>О проекте:</h3><p>Мы разрабатываем высоконагруженную платформу автоматизации аналитики и бизнес-процессов.</p>
    <h3>Обязанности:</h3><ul><li>Разработка микросервисов на Python и фреймворке FastAPI.</li>
    <li>Проектирование архитектуры базы данных PostgreSQL и оптимизация сложных аналитических запросов.</li>
    <li>Контейнеризация и настройка пайплайнов деплоя с использованием Docker.</li></ul>
    <h3>Требования:</h3><ul><li>Опыт работы с технологиями: FastAPI, Redis, SQLAlchemy, Celery, PostgreSQL.</li>
    <li>Понимание принципов чистого кода, SOLID и микросервисной архитектуры.</li>
    <li>Умение работать в Agile/Scrum команде.</li></ul>
    <h3>Мы предлагаем:</h3><ul><li>Конкурентная зарплата, гибкий график, ДМС и возможность удаленной работы.</li></ul>"
90000947,Ищем: Junior QA Automation (Python),От 1 года до 3 лет,between1And3,70000,,RUR,remote,"[""Git"", ""REST API"", ""FastAPI"", ""Pytest"", ""SQLAlchemy"", ""Python"", ""Django"", ""PostgreSQL""]","<h3>О проекте:</h3><p>Мы разрабатываем высоконагруженную платформу автоматизации аналитики и бизнес-процессов.</p>
    <h3>Обязанности:</h3><ul><li>Разработка микросервисов на Python и фреймворке FastAPI.</li>
    <li>Проектирование архитектуры базы данных PostgreSQL и оптимизация сложных аналитических запросов.</li>
    <li>Контейнеризация и настройка пайплайнов деплоя с использованием Docker.</li></ul>
    <h3>Требования:</h3><ul><li>Опыт работы с технологиями: Git, REST API, FastAPI, Pytest, SQLAlchemy, Python, Django, PostgreSQL.</li>
    <li>Понимание принципов чистого кода, SOLID и микросервисной архитектуры.</li>
    <li>Умение работать в Agile/Scrum команде.</li></ul>
    <h3>Мы предлагаем:</h3><ul><li>Конкурентная зарплата, гибкий график, ДМС и возможность удаленной работы.</li></ul>"
90000948,IT Компания: Junior Backend Engineer (FastAPI),От 1 года до 3 лет,between1And3,65000,105000,RUR,remote,"[""REST API"", ""Git"", ""FastAPI"", ""Pytest"", ""Python"", ""Django"", ""PostgreSQL""]","<h3>О проекте:</h3><p>Мы разрабатываем высоконагруженную платформу автоматизации аналитики и бизнес-процессов.</p>
    <h3>Обязанности:</h3><ul><li>Разработка микросервисов на Python и фреймворке FastAPI.</li>
    <li>Проектирование архитектуры базы данных PostgreSQL и оптимизация сложных аналитических запросов.</li>
    <li>Контейнеризация и настройка пайплайнов деплоя с использованием Docker.</li></ul>
    <h3>Требования:</h3><ul><li>Опыт работы с технологиями: REST API, Git, FastAPI, Pytest, Python, Django, PostgreSQL.</li>
    <li>Понимание принципов чистого кода, SOLID и микросервисной архитектуры.</li>
    <li>Умение работать в Agile/Scrum команде.</li></ul>
    <h3>Мы предлагаем:</h3><ul><li>Конкурентная зарплата, гибкий график, ДМС и возможность удаленной работы.</li></ul>"
90000949,IT Компания: Python Backend Engineer,От 1 года до 3 лет,between1And3,190000,295000,RUR,fullDay,"[""Git"", ""CI/CD"", ""Pytest"", ""Docker"", ""Python"", ""PostgreSQL""]","<p>В финтех направление открыта вакансия IT Компания: Python Backend Engineer.</p>
    <p><strong>Задачи:</strong></p><ul><li>Создание масштабируемых сервисов с низким latency.</li>
    <li>Интеграция с платежными шлюзами и внешними API.</li><li>Написание юнит и интеграционных тестов.</li></ul>
    <p><strong>Стек:</strong> Git, CI/CD, Pytest, Docker, Python, PostgreSQL.</p>
    <p><strong>Условия:</strong> полностью белая зарплата, техника на выбор, дружная инженерная культура.</p>"
90000950,Backend Engineer,От 1 года до 3 лет,between1And3,150000,240000,RUR,remote,"[""Git"", ""Go"", ""SQLAlchemy""]","<h3>О проекте:</h3><p>Мы разрабатываем высоконагруженную платформу автоматизации аналитики и бизнес-процессов.</p>
    <h3>Обязанности:</h3><ul><li>Разработка микросервисов на Go и фреймворке Flask.</li>
    <li>Проектирование архитектуры базы данных Redis и оптимизация сложных аналитических запросов.</li>
    <li>Контейнеризация и настройка пайплайнов деплоя с использованием Docker.</li></ul>
    <h3>Требования:</h3><ul><li>Опыт работы с технологиями: Git, Go, SQLAlchemy.</li>
    <li>Понимание принципов чистого кода, SOLID и микросервисной архитектуры.</li>
    <li>Умение работать в Agile/Scrum команде.</li></ul>
    <h3>Мы предлагаем:</h3><ul><li>Конкурентная зарплата, гибкий график, ДМС и возможность удаленной работы.</li></ul>"
90000951,Middle Python Developer,От 1 года до 3 лет,between1And3,120000,190000,RUR,remote,"[""FastAPI"", ""Redis"", ""CI/CD"", ""SQLAlchemy"", ""PostgreSQL""]","<h3>О проекте:</h3><p>Мы разрабатываем высоконагруженную платформу автоматизации аналитики и бизнес-процессов.</p>
    <h3>Обязанности:</h3><ul><li>Разработка микросервисов на Python и фреймворке FastAPI.</li>
    <li>Проектирование архитектуры базы данных PostgreSQL и оптимизация сложных аналитических запросов.</li>
    <li>Контейнеризация и настройка пайплайнов деплоя с использованием Docker.</li></ul>
    <h3>Требования:</h3><ul><li>Опыт работы с технологиями: FastAPI, Redis, CI/CD, SQLAlchemy, PostgreSQL.</li>
    <li>Понимание принципов чистого кода, SOLID и микросервисной архитектуры.</li>
    <li>Умение работать в Agile/Scrum команде.</li></ul>
    <h3>Мы предлагаем:</h3><ul><li>Конкурентная зарплата, гибкий график, ДМС и возможность удаленной работы.</li></ul>"
90000952,Python Backend Engineer,От 1 года до 3 лет,between1And3,175000,,RUR,remote,"[""Asyncio"", ""Microservices"", ""Docker""]","<p>В финтех направление открыта вакансия Python Backend Engineer.</p>
    <p><strong>Задачи:</strong></p><ul><li>Создание масштабируемых сервисов с низким latency.</li>
    <li>Интеграция с платежными шлюзами и внешними API.</li><li>Написание юнит и интеграционных тестов.</li></ul>
    <p><strong>Стек:</strong> Asyncio, Microservices, Docker.</p>
    <p><strong>Условия:</strong> полностью белая зарплата, техника на выбор, дружная инженерная культура.</p>"
90000953,IT Компания: Младший программист Python / Django,От 1 года до 3 лет,between1And3,,85000,RUR,fullDay,"[""REST API"", ""Python"", ""Django"", ""ClickHouse"", ""PostgreSQL""]","<p>В финтех направление открыта вакансия IT Компания: Младший программист Python / Django.</p>
    <p><strong>Задачи:</strong></p><ul><li>Создание масштабируемых сервисов с низким latency.</li>
    <li>Интеграция с платежными шлюзами и внешними API.</li><li>Написание юнит и интеграционных тестов.</li></ul>
    <p><strong>Стек:</strong> REST API, Python, Django, ClickHouse, PostgreSQL.</p>
    <p><strong>Условия:</strong> полностью белая зарплата, техника на выбор, дружная инженерная культура.</p>"
90000954,Стажер-разработчик Python,Нет опыта,noExperience,,,RUR,fullDay,"[""Git"", ""Linux"", ""Redis"", ""Python"", ""PostgreSQL""]","<h3>О проекте:</h3><p>Мы разрабатываем высоконагруженную платформу автоматизации аналитики и бизнес-процессов.</p>
    <h3>Обязанности:</h3><ul><li>Разработка микросервисов на Python и фреймворке Flask.</li>
    <li>Проектирование архитектуры базы данных PostgreSQL и оптимизация сложных аналитических запросов.</li>
    <li>Контейнеризация и настройка пайплайнов деплоя с использованием Docker.</li></ul>
    <h3>Требования:</h3><ul><li>Опыт работы с технологиями: Git, Linux, Redis, Python, PostgreSQL.</li>
    <li>Понимание принципов чистого кода, SOLID и микросервисной архитектуры.</li>
    <li>Умение работать в Agile/Scrum команде.</li></ul>
    <h3>Мы предлагаем:</h3><ul><li>Конкурентная зарплата, гибкий график, ДМС и возможность удаленной работы.</li></ul>"
90000955,IT Компания: Fullstack Developer (Python / Vue.js),От 1 года до 3 лет,between1And3,145000,240000,RUR,flexible,"[""Celery"", ""FastAPI"", ""ClickHouse"", ""PostgreSQL""]","<h3>О проекте:</h3><p>Мы разрабатываем высоконагруженную платформу автоматизации аналитики и бизнес-процессов.</p>
    <h3>Обязанности:</h3><ul><li>Разработка микросервисов на Python и фреймворке FastAPI.</li>
    <li>Проектирование архитектуры базы данных PostgreSQL и оптимизация сложных аналитических запросов.</li>
    <li>Контейнеризация и настройка пайплайнов деплоя с использованием Docker.</li></ul>
    <h3>Требования:</h3><ul><li>Опыт работы с технологиями: Celery, FastAPI, ClickHouse, PostgreSQL.</li>
    <li>Понимание принципов чистого кода, SOLID и микросервисной архитектуры.</li>
    <li>Умение работать в Agile/Scrum команде.</li></ul>
    <h3>Мы предлагаем:</h3><ul><li>Конкурентная зарплата, гибкий график, ДМС и возможность удаленной работы.</li></ul>"
90000956,Junior Backend Engineer (FastAPI),От 1 года до 3 лет,between1And3,75000,115000,RUR,fullDay,"[""Git"", ""REST API"", ""Linux"", ""Microservices""]","<h3>О проекте:</h3><p>Мы разрабатываем высоконагруженную платформу автоматизации аналитики и бизнес-процессов.</p>
    <h3>Обязанности:</h3><ul><li>Разработка микросервисов на Python и фреймворке Flask.</li>
    <li>Проектирование архитектуры базы данных Redis и оптимизация сложных аналитических запросов.</li>
    <li>Контейнеризация и настройка пайплайнов деплоя с использованием Docker.</li></ul>
    <h3>Требования:</h3><ul><li>Опыт работы с технологиями: Git, REST API, Linux, Microservices.</li>
    <li>Понимание принципов чистого кода, SOLID и микросервисной архитектуры.</li>
    <li>Умение работать в Agile/Scrum команде.</li></ul>
    <h3>Мы предлагаем:</h3><ul><li>Конкурентная зарплата, гибкий график, ДМС и возможность удаленной работы.</li></ul>"
90000957,Удаленно: Lead / Senior Backend Engineer (Go / Python),Более 6 лет,moreThan6,325000,510000,RUR,fullDay,"[""Microservices"", ""CI/CD"", ""Go"", ""SQLAlchemy"", ""Kafka"", ""Kubernetes""]","<p>В финтех направление открыта вакансия Удаленно: Lead / Senior Backend Engineer (Go / Python).</p>
    <p><strong>Задачи:</strong></p><ul><li>Создание масштабируемых сервисов с низким latency.</li>
    <li>Интеграция с платежными шлюзами и внешними API.</li><li>Написание юнит и интеграционных тестов.</li></ul>
    <p><strong>Стек:</strong> Microservices, CI/CD, Go, SQLAlchemy, Kafka, Kubernetes.</p>
    <p><strong>Условия:</strong> полностью белая зарплата, техника на выбор, дружная инженерная культура.</p>"
90000958,IT Компания: Junior QA Automation (Python),От 1 года до 3 лет,between1And3,55000,85000,RUR,remote,"[""Git"", ""REST API"", ""FastAPI"", ""SQLAlchemy"", ""PostgreSQL""]","<p>В финтех направление открыта вакансия IT Компания: Junior QA Automation (Python).</p>
    <p><strong>Задачи:</strong></p><ul><li>Создание масштабируемых сервисов с низким latency.</li>
    <li>Интеграция с платежными шлюзами и внешними API.</li><li>Написание юнит и интеграционных тестов.</li></ul>
    <p><strong>Стек:</strong> Git, REST API, FastAPI, SQLAlchemy, PostgreSQL.</p>
    <p><strong>Условия:</strong> полностью белая зарплата, техника на выбор, дружная инженерная культура.</p>"
90000959,Удаленно: Junior Python Developer,Нет опыта,noExperience,,,RUR,remote,"[""REST API"", ""Git"", ""ClickHouse""]","<h3>О проекте:</h3><p>Мы разрабатываем высоконагруженную платформу автоматизации аналитики и бизнес-процессов.</p>
    <h3>Обязанности:</h3><ul><li>Разработка микросервисов на Python и фреймворке Flask.</li>
    <li>Проектирование архитектуры базы данных Redis и оптимизация сложных аналитических запросов.</li>
    <li>Контейнеризация и настройка пайплайнов деплоя с использованием Docker.</li></ul>
    <h3>Требования:</h3><ul><li>Опыт работы с технологиями: REST API, Git, ClickHouse.</li>
    <li>Понимание принципов чистого кода, SOLID и микросервисной архитектуры.</li>
    <li>Умение работать в Agile/Scrum команде.</li></ul>
    <h3>Мы предлагаем:</h3><ul><li>Конкурентная зарплата, гибкий график, ДМС и возможность удаленной работы.</li></ul>"
90000960,Ищем: Golang Developer (Middle),От 3 до 6 лет,between3And6,155000,230000,RUR,remote,"[""FastAPI"", ""Go"", ""Python"", ""Asyncio"", ""Django""]","<h3>О проекте:</h3><p>Мы разрабатываем высоконагруженную платформу автоматизации аналитики и бизнес-процессов.</p>
    <h3>Обязанности:</h3><ul><li>Разработка микросервисов на Go и фреймворке FastAPI.</li>
    <li>Проектирование архитектуры базы данных Redis и оптимизация сложных аналитических запросов.</li>
    <li>Контейнеризация и настройка пайплайнов деплоя с использованием Docker.</li></ul>
    <h3>Требования:</h3><ul><li>Опыт работы с технологиями: FastAPI, Go, Python, Asyncio, Django.</li>
    <li>Понимание принципов чистого кода, SOLID и микросервисной архитектуры.</li>
    <li>Умение работать в Agile/Scrum команде.</li></ul>
    <h3>Мы предлагаем:</h3><ul><li>Конкурентная зарплата, гибкий график, ДМС и возможность удаленной работы.</li></ul>"
90000961,Ищем: Senior DevOps / SRE Engineer,От 3 до 6 лет,between3And6,265000,405000,RUR,remote,"[""Linux"", ""FastAPI"", ""CI/CD"", ""Go"", ""Asyncio"", ""Kafka"", ""ClickHouse""]","<p>В финтех направление открыта вакансия Ищем: Senior DevOps / SRE Engineer.</p>
    <p><strong>Задачи:</strong></p><ul><li>Создание масштабируемых сервисов с низким latency.</li>
    <li>Интеграция с платежными шлюзами и внешними API.</li><li>Написание юнит и интеграционных тестов.</li></ul>
    <p><strong>Стек:</strong> Linux, FastAPI, CI/CD, Go, Asyncio, Kafka, ClickHouse.</p>
    <p><strong>Условия:</strong> полностью белая зарплата, техника на выбор, дружная инженерная культура.</p>"
90000962,Инженер бэкенда,Нет опыта,noExperience,40000,70000,RUR,flexible,"[""REST API"", ""FastAPI"", ""SQLAlchemy"", ""Linux""]","<h3>О проекте:</h3><p>Мы разрабатываем высоконагруженную платформу автоматизации аналитики и бизнес-процессов.</p>
    <h3>Обязанности:</h3><ul><li>Разработка микросервисов на Python и фреймворке FastAPI.</li>
    <li>Проектирование архитектуры базы данных Redis и оптимизация сложных аналитических запросов.</li>
    <li>Контейнеризация и настройка пайплайнов деплоя с использованием Docker.</li></ul>
    <h3>Требования:</h3><ul><li>Опыт работы с технологиями: REST API, FastAPI, SQLAlchemy, Linux.</li>
    <li>Понимание принципов чистого кода, SOLID и микросервисной архитектуры.</li>
    <li>Умение работать в Agile/Scrum команде.</li></ul>
    <h3>Мы предлагаем:</h3><ul><li>Конкурентная зарплата, гибкий график, ДМС и возможность удаленной работы.</li></ul>"
90000963,"IT Компания: Senior Backend Architect (Go, PostgreSQL, Kafka)",Более 6 лет,moreThan6,315000,470000,RUR,remote,"[""REST API"", ""FastAPI"", ""Linux"", ""CI/CD"", ""Go"", ""Kubernetes""]","<p>В финтех направление открыта вакансия IT Компания: Senior Backend Architect (Go, PostgreSQL, Kafka).</p>
    <p><strong>Задачи:</strong></p><ul><li>Создание масштабируемых сервисов с низким latency.</li>
    <li>Интеграция с платежными шлюзами и внешними API.</li><li>Написание юнит и интеграционных тестов.</li></ul>
    <p><strong>Стек:</strong> REST API, FastAPI, Linux, CI/CD, Go, Kubernetes.</p>
    <p><strong>Условия:</strong> полностью белая зарплата, техника на выбор, дружная инженерная культура.</p>"
90000964,DevOps Engineer,От 3 до 6 лет,between3And6,260000,,RUR,remote,"[""Linux"", ""Microservices"", ""Go"", ""Python"", ""Kafka"", ""PostgreSQL"", ""Kubernetes""]","<h3>О проекте:</h3><p>Мы разрабатываем высоконагруженную платформу автоматизации аналитики и бизнес-процессов.</p>
    <h3>Обязанности:</h3><ul><li>Разработка микросервисов на Python и фреймворке Flask.</li>
    <li>Проектирование архитектуры базы данных PostgreSQL и оптимизация сложных аналитических запросов.</li>
    <li>Контейнеризация и настройка пайплайнов деплоя с использованием Docker и Kubernetes.</li></ul>
    <h3>Требования:</h3><ul><li>Опыт работы с технологиями: Linux, Microservices, Go, Python, Kafka, PostgreSQL, Kubernetes.</li>
    <li>Понимание принципов чистого кода, SOLID и микросервисной архитектуры.</li>
    <li>Умение работать в Agile/Scrum команде.</li></ul>
    <h3>Мы предлагаем:</h3><ul><li>Конкурентная зарплата, гибкий график, ДМС и возможность удаленной работы.</li></ul>"
90000965,"Удаленно: Senior Backend Architect (Go, PostgreSQL, Kafka)",Более 6 лет,moreThan6,,,RUR,remote,"[""FastAPI"", ""Go"", ""Docker"", ""Celery"", ""Kubernetes"", ""PostgreSQL""]","<p>В финтех направление открыта вакансия Удаленно: Senior Backend Architect (Go, PostgreSQL, Kafka).</p>
    <p><strong>Задачи:</strong></p><ul><li>Создание масштабируемых сервисов с низким latency.</li>
    <li>Интеграция с платежными шлюзами и внешними API.</li><li>Написание юнит и интеграционных тестов.</li></ul>
    <p><strong>Стек:</strong> FastAPI, Go, Docker, Celery, Kubernetes, PostgreSQL.</p>
    <p><strong>Условия:</strong> полностью белая зарплата, техника на выбор, дружная инженерная культура.</p>"
90000966,Fullstack Developer (Python / Vue.js),От 1 года до 3 лет,between1And3,155000,255000,RUR,remote,"[""Redis"", ""SQLAlchemy"", ""Docker"", ""Django"", ""PostgreSQL""]","<p>В финтех направление открыта вакансия Fullstack Developer (Python / Vue.js).</p>
    <p><strong>Задачи:</strong></p><ul><li>Создание масштабируемых сервисов с низким latency.</li>
    <li>Интеграция с платежными шлюзами и внешними API.</li><li>Написание юнит и интеграционных тестов.</li></ul>
    <p><strong>Стек:</strong> Redis, SQLAlchemy, Docker, Django, PostgreSQL.</p>
    <p><strong>Условия:</strong> полностью белая зарплата, техника на выбор, дружная инженерная культура.</p>"
90000967,Ищем: Trainee / Junior Data Engineer,Нет опыта,noExperience,,,RUR,fullDay,"[""Git"", ""SQLAlchemy"", ""Python"", ""Asyncio"", ""Django"", ""ClickHouse"", ""PostgreSQL""]","<h3>О проекте:</h3><p>Мы разрабатываем высоконагруженную платформу автоматизации аналитики и бизнес-процессов.</p>
    <h3>Обязанности:</h3><ul><li>Разработка микросервисов на Python и фреймворке Django.</li>
    <li>Проектирование архитектуры базы данных PostgreSQL и оптимизация сложных аналитических запросов.</li>
    <li>Контейнеризация и настройка пайплайнов деплоя с использованием Docker.</li></ul>
    <h3>Требования:</h3><ul><li>Опыт работы с технологиями: Git, SQLAlchemy, Python, Asyncio, Django, ClickHouse, PostgreSQL.</li>
    <li>Понимание принципов чистого кода, SOLID и микросервисной архитектуры.</li>
    <li>Умение работать в Agile/Scrum команде.</li></ul>
    <h3>Мы предлагаем:</h3><ul><li>Конкурентная зарплата, гибкий график, ДМС и возможность удаленной работы.</li></ul>"
90000968,IT Компания: Senior Data Engineer / Architect,Более 6 лет,moreThan6,320000,,RUR,remote,"[""Pytest"", ""Docker"", ""Python"", ""ClickHouse"", ""PostgreSQL""]","<h3>О проекте:</h3><p>Мы разрабатываем высоконагруженную платформу автоматизации аналитики и бизнес-процессов.</p>
    <h3>Обязанности:</h3><ul><li>Разработка микросервисов на Python и фреймворке Flask.</li>
    <li>Проектирование архитектуры базы данных PostgreSQL и оптимизация сложных аналитических запросов.</li>
    <li>Контейнеризация и настройка пайплайнов деплоя с использованием Docker.</li></ul>
    <h3>Требования:</h3><ul><li>Опыт работы с технологиями: Pytest, Docker, Python, ClickHouse, PostgreSQL.</li>
    <li>Понимание принципов чистого кода, SOLID и микросервисной архитектуры.</li>
    <li>Умение работать в Agile/Scrum команде.</li></ul>
    <h3>Мы предлагаем:</h3><ul><li>Конкурентная зарплата, гибкий график, ДМС и возможность удаленной работы.</li></ul>"
90000969,IT Компания: Junior Backend Engineer (FastAPI),От 1 года до 3 лет,between1And3,,,RUR,fullDay,"[""REST API"", ""Linux"", ""SQLAlchemy"", ""Python"", ""PostgreSQL""]","<p>В финтех направление открыта вакансия IT Компания: Junior Backend Engineer (FastAPI).</p>
    <p><strong>Задачи:</strong></p><ul><li>Создание масштабируемых сервисов с низким latency.</li>
    <li>Интеграция с платежными шлюзами и внешними API.</li><li>Написание юнит и интеграционных тестов.</li></ul>
    <p><strong>Стек:</strong> REST API, Linux, SQLAlchemy, Python, PostgreSQL.</p>
    <p><strong>Условия:</strong> полностью белая зарплата, техника на выбор, дружная инженерная культура.</p>"
90000970,Удаленно: Junior Go / Golang Developer,Нет опыта,noExperience,55000,90000,RUR,fullDay,"[""REST API"", ""Git"", ""Linux"", ""Go"", ""Python"", ""Django""]","<p>В финтех направление открыта вакансия Удаленно: Junior Go / Golang Developer.</p>
    <p><strong>Задачи:</strong></p><ul><li>Создание масштабируемых сервисов с низким latency.</li>
    <li>Интеграция с платежными шлюзами и внешними API.</li><li>Написание юнит и интеграционных тестов.</li></ul>
    <p><strong>Стек:</strong> REST API, Git, Linux, Go, Python, Django.</p>
    <p><strong>Условия:</strong> полностью белая зарплата, техника на выбор, дружная инженерная культура.</p>"
90000971,Младший программист Python / Django,От 1 года до 3 лет,between1And3,,,RUR,fullDay,"[""REST API"", ""Git"", ""Linux"", ""Go"", ""Docker"", ""Python"", ""PostgreSQL""]","<p>В финтех направление открыта вакансия Младший программист Python / Django.</p>
    <p><strong>Задачи:</strong></p><ul><li>Создание масштабируемых сервисов с низким latency.</li>
    <li>Интеграция с платежными шлюзами и внешними API.</li><li>Написание юнит и интеграционных тестов.</li></ul>
    <p><strong>Стек:</strong> REST API, Git, Linux, Go, Docker, Python, PostgreSQL.</p>
    <p><strong>Условия:</strong> полностью белая зарплата, техника на выбор, дружная инженерная культура.</p>"
90000972,Младший программист Python / Django,От 1 года до 3 лет,between1And3,55000,90000,RUR,remote,"[""Git"", ""REST API"", ""Linux"", ""Python"", ""Kafka"", ""PostgreSQL""]","<h3>О проекте:</h3><p>Мы разрабатываем высоконагруженную платформу автоматизации аналитики и бизнес-процессов.</p>
    <h3>Обязанности:</h3><ul><li>Разработка микросервисов на Python и фреймворке Flask.</li>
    <li>Проектирование архитектуры базы данных PostgreSQL и оптимизация сложных аналитических запросов.</li>
    <li>Контейнеризация и настройка пайплайнов деплоя с использованием Docker.</li></ul>
    <h3>Требования:</h3><ul><li>Опыт работы с технологиями: Git, REST API, Linux, Python, Kafka, PostgreSQL.</li>
    <li>Понимание принципов чистого кода, SOLID и микросервисной архитектуры.</li>
    <li>Умение работать в Agile/Scrum команде.</li></ul>
    <h3>Мы предлагаем:</h3><ul><li>Конкурентная зарплата, гибкий график, ДМС и возможность удаленной работы.</li></ul>"
90000973,Удаленно: Middle Go Engineer (Микросервисы),От 3 до 6 лет,between3And6,180000,275000,RUR,remote,"[""Git"", ""FastAPI"", ""Pytest"", ""Go"", ""PostgreSQL""]","<p>В финтех направление открыта вакансия Удаленно: Middle Go Engineer (Микросервисы).</p>
    <p><strong>Задачи:</strong></p><ul><li>Создание масштабируемых сервисов с низким latency.</li>
    <li>Интеграция с платежными шлюзами и внешними API.</li><li>Написание юнит и интеграционных тестов.</li></ul>
    <p><strong>Стек:</strong> Git, FastAPI, Pytest, Go, PostgreSQL.</p>
    <p><strong>Условия:</strong> полностью белая зарплата, техника на выбор, дружная инженерная культура.</p>"
90000974,Software Engineer,Нет опыта,noExperience,,,RUR,fullDay,"[""PostgreSQL"", ""FastAPI"", ""SQLAlchemy"", ""Docker""]","<p>В финтех направление открыта вакансия Software Engineer.</p>
    <p><strong>Задачи:</strong></p><ul><li>Создание масштабируемых сервисов с низким latency.</li>
    <li>Интеграция с платежными шлюзами и внешними API.</li><li>Написание юнит и интеграционных тестов.</li></ul>
    <p><strong>Стек:</strong> PostgreSQL, FastAPI, SQLAlchemy, Docker.</p>
    <p><strong>Условия:</strong> полностью белая зарплата, техника на выбор, дружная инженерная культура.</p>"
90000975,Golang Developer (Middle),От 3 до 6 лет,between3And6,190000,285000,RUR,fullDay,"[""Git"", ""Pytest"", ""Go"", ""Microservices""]","<p>В финтех направление открыта вакансия Golang Developer (Middle).</p>
    <p><strong>Задачи:</strong></p><ul><li>Создание масштабируемых сервисов с низким latency.</li>
    <li>Интеграция с платежными шлюзами и внешними API.</li><li>Написание юнит и интеграционных тестов.</li></ul>
    <p><strong>Стек:</strong> Git, Pytest, Go, Microservices.</p>
    <p><strong>Условия:</strong> полностью белая зарплата, техника на выбор, дружная инженерная культура.</p>"
90000976,Ищем: Senior Golang Developer,От 3 до 6 лет,between3And6,355000,535000,RUR,remote,"[""Git"", ""FastAPI"", ""Microservices"", ""Go"", ""Docker"", ""Python"", ""Kafka""]","<p>В финтех направление открыта вакансия Ищем: Senior Golang Developer.</p>
    <p><strong>Задачи:</strong></p><ul><li>Создание масштабируемых сервисов с низким latency.</li>
    <li>Интеграция с платежными шлюзами и внешними API.</li><li>Написание юнит и интеграционных тестов.</li></ul>
    <p><strong>Стек:</strong> Git, FastAPI, Microservices, Go, Docker, Python, Kafka.</p>
    <p><strong>Условия:</strong> полностью белая зарплата, техника на выбор, дружная инженерная культура.</p>"
90000977,Junior DevOps Engineer,От 1 года до 3 лет,between1And3,,,RUR,remote,"[""Git"", ""Django"", ""Pytest"", ""Python""]","<h3>О проекте:</h3><p>Мы разрабатываем высоконагруженную платформу автоматизации аналитики и бизнес-процессов.</p>
    <h3>Обязанности:</h3><ul><li>Разработка микросервисов на Python и фреймворке Django.</li>
    <li>Проектирование архитектуры базы данных Redis и оптимизация сложных аналитических запросов.</li>
    <li>Контейнеризация и настройка пайплайнов деплоя с использованием Docker.</li></ul>
    <h3>Требования:</h3><ul><li>Опыт работы с технологиями: Git, Django, Pytest, Python.</li>
    <li>Понимание принципов чистого кода, SOLID и микросервисной архитектуры.</li>
    <li>Умение работать в Agile/Scrum команде.</li></ul>
    <h3>Мы предлагаем:</h3><ul><li>Конкурентная зарплата, гибкий график, ДМС и возможность удаленной работы.</li></ul>"
90000978,Senior Data Engineer / Architect,Более 6 лет,moreThan6,,,RUR,fullDay,"[""Microservices"", ""Kafka"", ""Docker"", ""Linux""]","<p>В финтех направление открыта вакансия Senior Data Engineer / Architect.</p>
    <p><strong>Задачи:</strong></p><ul><li>Создание масштабируемых сервисов с низким latency.</li>
    <li>Интеграция с платежными шлюзами и внешними API.</li><li>Написание юнит и интеграционных тестов.</li></ul>
    <p><strong>Стек:</strong> Microservices, Kafka, Docker, Linux.</p>
    <p><strong>Условия:</strong> полностью белая зарплата, техника на выбор, дружная инженерная культура.</p>"
90000979,Middle Data Engineer,От 3 до 6 лет,between3And6,190000,290000,RUR,remote,"[""REST API"", ""Redis"", ""Go"", ""SQLAlchemy"", ""Docker"", ""Asyncio"", ""PostgreSQL""]","<h3>О проекте:</h3><p>Мы разрабатываем высоконагруженную платформу автоматизации аналитики и бизнес-процессов.</p>
    <h3>Обязанности:</h3><ul><li>Разработка микросервисов на Python и фреймворке Flask.</li>
    <li>Проектирование архитектуры базы данных PostgreSQL и оптимизация сложных аналитических запросов.</li>
    <li>Контейнеризация и настройка пайплайнов деплоя с использованием Docker.</li></ul>
    <h3>Требования:</h3><ul><li>Опыт работы с технологиями: REST API, Redis, Go, SQLAlchemy, Docker, Asyncio, PostgreSQL.</li>
    <li>Понимание принципов чистого кода, SOLID и микросервисной архитектуры.</li>
    <li>Умение работать в Agile/Scrum команде.</li></ul>
    <h3>Мы предлагаем:</h3><ul><li>Конкурентная зарплата, гибкий график, ДМС и возможность удаленной работы.</li></ul>"
90000980,Golang Developer (Middle),От 3 до 6 лет,between3And6,200000,300000,RUR,fullDay,"[""Git"", ""CI/CD"", ""Python"", ""Asyncio"", ""PostgreSQL""]","<p>В финтех направление открыта вакансия Golang Developer (Middle).</p>
    <p><strong>Задачи:</strong></p><ul><li>Создание масштабируемых сервисов с низким latency.</li>
    <li>Интеграция с платежными шлюзами и внешними API.</li><li>Написание юнит и интеграционных тестов.</li></ul>
    <p><strong>Стек:</strong> Git, CI/CD, Python, Asyncio, PostgreSQL.</p>
    <p><strong>Условия:</strong> полностью белая зарплата, техника на выбор, дружная инженерная культура.</p>"
90000981,Trainee / Junior Data Engineer,Нет опыта,noExperience,60000,95000,RUR,fullDay,"[""Git"", ""PostgreSQL"", ""Docker""]","<h3>О проекте:</h3><p>Мы разрабатываем высоконагруженную платформу автоматизации аналитики и бизнес-процессов.</p>
    <h3>Обязанности:</h3><ul><li>Разработка микросервисов на Python и фреймворке Flask.</li>
    <li>Проектирование архитектуры базы данных PostgreSQL и оптимизация сложных аналитических запросов.</li>
    <li>Контейнеризация и настройка пайплайнов деплоя с использованием Docker.</li></ul>
    <h3>Требования:</h3><ul><li>Опыт работы с технологиями: Git, PostgreSQL, Docker.</li>
    <li>Понимание принципов чистого кода, SOLID и микросервисной архитектуры.</li>
    <li>Умение работать в Agile/Scrum команде.</li></ul>
    <h3>Мы предлагаем:</h3><ul><li>Конкурентная зарплата, гибкий график, ДМС и возможность удаленной работы.</li></ul>"
90000982,"IT Компания: Senior Backend Architect (Go, PostgreSQL, Kafka)",Более 6 лет,moreThan6,405000,605000,RUR,fullDay,"[""FastAPI"", ""Celery"", ""Asyncio"", ""Kubernetes"", ""PostgreSQL""]","<h3>О проекте:</h3><p>Мы разрабатываем высоконагруженную платформу автоматизации аналитики и бизнес-процессов.</p>
    <h3>Обязанности:</h3><ul><li>Разработка микросервисов на Python и фреймворке FastAPI.</li>
    <li>Проектирование архитектуры базы данных PostgreSQL и оптимизация сложных аналитических запросов.</li>
    <li>Контейнеризация и настройка пайплайнов деплоя с использованием Docker и Kubernetes.</li></ul>
    <h3>Требования:</h3><ul><li>Опыт работы с технологиями: FastAPI, Celery, Asyncio, Kubernetes, PostgreSQL.</li>
    <li>Понимание принципов чистого кода, SOLID и микросервисной архитектуры.</li>
    <li>Умение работать в Agile/Scrum команде.</li></ul>
    <h3>Мы предлагаем:</h3><ul><li>Конкурентная зарплата, гибкий график, ДМС и возможность удаленной работы.</li></ul>"
90000983,Ищем: Golang Developer (Middle),От 3 до 6 лет,between3And6,,,RUR,fullDay,"[""Go"", ""SQLAlchemy"", ""Docker"", ""Python"", ""Asyncio"", ""PostgreSQL""]","<p>В финтех направление открыта вакансия Ищем: Golang Developer (Middle).</p>
    <p><strong>Задачи:</strong></p><ul><li>Создание масштабируемых сервисов с низким latency.</li>
    <li>Интеграция с платежными шлюзами и внешними API.</li><li>Написание юнит и интеграционных тестов.</li></ul>
    <p><strong>Стек:</strong> Go, SQLAlchemy, Docker, Python, Asyncio, PostgreSQL.</p>
    <p><strong>Условия:</strong> полностью белая зарплата, техника на выбор, дружная инженерная культура.</p>"
90000984,Ищем: Middle Python Developer,От 1 года до 3 лет,between1And3,155000,250000,RUR,fullDay,"[""Git"", ""FastAPI"", ""Docker"", ""Python"", ""PostgreSQL""]","<h3>О проекте:</h3><p>Мы разрабатываем высоконагруженную платформу автоматизации аналитики и бизнес-процессов.</p>
    <h3>Обязанности:</h3><ul><li>Разработка микросервисов на Python и фреймворке FastAPI.</li>
    <li>Проектирование архитектуры базы данных PostgreSQL и оптимизация сложных аналитических запросов.</li>
    <li>Контейнеризация и настройка пайплайнов деплоя с использованием Docker.</li></ul>
    <h3>Требования:</h3><ul><li>Опыт работы с технологиями: Git, FastAPI, Docker, Python, PostgreSQL.</li>
    <li>Понимание принципов чистого кода, SOLID и микросервисной архитектуры.</li>
    <li>Умение работать в Agile/Scrum команде.</li></ul>
    <h3>Мы предлагаем:</h3><ul><li>Конкурентная зарплата, гибкий график, ДМС и возможность удаленной работы.</li></ul>"
90000985,Golang Developer (Middle),От 3 до 6 лет,between3And6,215000,325000,RUR,fullDay,"[""FastAPI"", ""Go"", ""Docker"", ""Python""]","<h3>О проекте:</h3><p>Мы разрабатываем высоконагруженную платформу автоматизации аналитики и бизнес-процессов.</p>
    <h3>Обязанности:</h3><ul><li>Разработка микросервисов на Go и фреймворке FastAPI.</li>
    <li>Проектирование архитектуры базы данных Redis и оптимизация сложных аналитических запросов.</li>
    <li>Контейнеризация и настройка пайплайнов деплоя с использованием Docker.</li></ul>
    <h3>Требования:</h3><ul><li>Опыт работы с технологиями: FastAPI, Go, Docker, Python.</li>
    <li>Понимание принципов чистого кода, SOLID и микросервисной архитектуры.</li>
    <li>Умение работать в Agile/Scrum команде.</li></ul>
    <h3>Мы предлагаем:</h3><ul><li>Конкурентная зарплата, гибкий график, ДМС и возможность удаленной работы.</li></ul>"
90000986,Удаленно: Младший программист Python / Django,От 1 года до 3 лет,between1And3,60000,100000,RUR,remote,"[""REST API"", ""Git"", ""Linux"", ""Microservices"", ""Pytest"", ""Python"", ""Asyncio"", ""Django""]","<h3>О проекте:</h3><p>Мы разрабатываем высоконагруженную платформу автоматизации аналитики и бизнес-процессов.</p>
    <h3>Обязанности:</h3><ul><li>Разработка микросервисов на Python и фреймворке Django.</li>
    <li>Проектирование архитектуры базы данных Redis и оптимизация сложных аналитических запросов.</li>
    <li>Контейнеризация и настройка пайплайнов деплоя с использованием Docker.</li></ul>
    <h3>Требования:</h3><ul><li>Опыт работы с технологиями: REST API, Git, Linux, Microservices, Pytest, Python, Asyncio, Django.</li>
    <li>Понимание принципов чистого кода, SOLID и микросервисной архитектуры.</li>
    <li>Умение работать в Agile/Scrum команде.</li></ul>
    <h3>Мы предлагаем:</h3><ul><li>Конкурентная зарплата, гибкий график, ДМС и возможность удаленной работы.</li></ul>"
90000987,Ищем: Junior QA Automation (Python),Нет опыта,noExperience,,,RUR,remote,"[""CI/CD"", ""PostgreSQL"", ""Linux"", ""Python""]","<h3>О проекте:</h3><p>Мы разрабатываем высоконагруженную платформу автоматизации аналитики и бизнес-процессов.</p>
    <h3>Обязанности:</h3><ul><li>Разработка микросервисов на Python и фреймворке Flask.</li>
    <li>Проектирование архитектуры базы данных PostgreSQL и оптимизация сложных аналитических запросов.</li>
    <li>Контейнеризация и настройка пайплайнов деплоя с использованием Docker.</li></ul>
    <h3>Требования:</h3><ul><li>Опыт работы с технологиями: CI/CD, PostgreSQL, Linux, Python.</li>
    <li>Понимание принципов чистого кода, SOLID и микросервисной архитектуры.</li>
    <li>Умение работать в Agile/Scrum команде.</li></ul>
    <h3>Мы предлагаем:</h3><ul><li>Конкурентная зарплата, гибкий график, ДМС и возможность удаленной работы.</li></ul>"
90000988,Middle Data Engineer,От 3 до 6 лет,between3And6,205000,,RUR,fullDay,"[""REST API"", ""Linux"", ""Redis"", ""SQLAlchemy"", ""Python""]","<p>В финтех направление открыта вакансия Middle Data Engineer.</p>
    <p><strong>Задачи:</strong></p><ul><li>Создание масштабируемых сервисов с низким latency.</li>
    <li>Интеграция с платежными шлюзами и внешними API.</li><li>Написание юнит и интеграционных тестов.</li></ul>
    <p><strong>Стек:</strong> REST API, Linux, Redis, SQLAlchemy, Python.</p>
    <p><strong>Условия:</strong> полностью белая зарплата, техника на выбор, дружная инженерная культура.</p>"
90000989,Ищем: Senior Data Engineer / Architect,Более 6 лет,moreThan6,,,RUR,remote,"[""Linux"", ""Microservices"", ""Go"", ""Docker"", ""PostgreSQL""]","<h3>О проекте:</h3><p>Мы разрабатываем высоконагруженную платформу автоматизации аналитики и бизнес-процессов.</p>
    <h3>Обязанности:</h3><ul><li>Разработка микросервисов на Python и фреймворке Flask.</li>
    <li>Проектирование архитектуры базы данных PostgreSQL и оптимизация сложных аналитических запросов.</li>
    <li>Контейнеризация и настройка пайплайнов деплоя с использованием Docker.</li></ul>
    <h3>Требования:</h3><ul><li>Опыт работы с технологиями: Linux, Microservices, Go, Docker, PostgreSQL.</li>
    <li>Понимание принципов чистого кода, SOLID и микросервисной архитектуры.</li>
    <li>Умение работать в Agile/Scrum команде.</li></ul>
    <h3>Мы предлагаем:</h3><ul><li>Конкурентная зарплата, гибкий график, ДМС и возможность удаленной работы.</li></ul>"
90000990,Инженер бэкенда,Более 6 лет,moreThan6,395000,585000,RUR,fullDay,"[""PostgreSQL"", ""ClickHouse"", ""Go""]","<h3>О проекте:</h3><p>Мы разрабатываем высоконагруженную платформу автоматизации аналитики и бизнес-процессов.</p>
    <h3>Обязанности:</h3><ul><li>Разработка микросервисов на Python и фреймворке Flask.</li>
    <li>Проектирование архитектуры базы данных PostgreSQL и оптимизация сложных аналитических запросов.</li>
    <li>Контейнеризация и настройка пайплайнов деплоя с использованием Docker.</li></ul>
    <h3>Требования:</h3><ul><li>Опыт работы с технологиями: PostgreSQL, ClickHouse, Go.</li>
    <li>Понимание принципов чистого кода, SOLID и микросервисной архитектуры.</li>
    <li>Умение работать в Agile/Scrum команде.</li></ul>
    <h3>Мы предлагаем:</h3><ul><li>Конкурентная зарплата, гибкий график, ДМС и возможность удаленной работы.</li></ul>"
90000991,Data Engineer,От 1 года до 3 лет,between1And3,65000,105000,RUR,fullDay,"[""REST API"", ""Git"", ""Linux"", ""Python"", ""ClickHouse""]","<p>В финтех направление открыта вакансия Data Engineer.</p>
    <p><strong>Задачи:</strong></p><ul><li>Создание масштабируемых сервисов с низким latency.</li>
    <li>Интеграция с платежными шлюзами и внешними API.</li><li>Написание юнит и интеграционных тестов.</li></ul>
    <p><strong>Стек:</strong> REST API, Git, Linux, Python, ClickHouse.</p>
    <p><strong>Условия:</strong> полностью белая зарплата, техника на выбор, дружная инженерная культура.</p>"
90000992,Удаленно: Fullstack Developer (Python / Vue.js),От 1 года до 3 лет,between1And3,155000,250000,RUR,remote,"[""Celery"", ""PostgreSQL"", ""Go"", ""FastAPI""]","<h3>О проекте:</h3><p>Мы разрабатываем высоконагруженную платформу автоматизации аналитики и бизнес-процессов.</p>
    <h3>Обязанности:</h3><ul><li>Разработка микросервисов на Go и фреймворке FastAPI.</li>
    <li>Проектирование архитектуры базы данных PostgreSQL и оптимизация сложных аналитических запросов.</li>
    <li>Контейнеризация и настройка пайплайнов деплоя с использованием Docker.</li></ul>
    <h3>Требования:</h3><ul><li>Опыт работы с технологиями: Celery, PostgreSQL, Go, FastAPI.</li>
    <li>Понимание принципов чистого кода, SOLID и микросервисной архитектуры.</li>
    <li>Умение работать в Agile/Scrum команде.</li></ul>
    <h3>Мы предлагаем:</h3><ul><li>Конкурентная зарплата, гибкий график, ДМС и возможность удаленной работы.</li></ul>"
90000993,Golang Developer (Middle),От 3 до 6 лет,between3And6,,,RUR,fullDay,"[""Redis"", ""SQLAlchemy"", ""Docker"", ""Python"", ""Asyncio""]","<h3>О проекте:</h3><p>Мы разрабатываем высоконагруженную платформу автоматизации аналитики и бизнес-процессов.</p>
    <h3>Обязанности:</h3><ul><li>Разработка микросервисов на Python и фреймворке Flask.</li>
    <li>Проектирование архитектуры базы данных Redis и оптимизация сложных аналитических запросов.</li>
    <li>Контейнеризация и настройка пайплайнов деплоя с использованием Docker.</li></ul>
    <h3>Требования:</h3><ul><li>Опыт работы с технологиями: Redis, SQLAlchemy, Docker, Python, Asyncio.</li>
    <li>Понимание принципов чистого кода, SOLID и микросервисной архитектуры.</li>
    <li>Умение работать в Agile/Scrum команде.</li></ul>
    <h3>Мы предлагаем:</h3><ul><li>Конкурентная зарплата, гибкий график, ДМС и возможность удаленной работы.</li></ul>"
90000994,"Senior Backend Architect (Go, PostgreSQL, Kafka)",Более 6 лет,moreThan6,380000,,RUR,fullDay,"[""Go"", ""PostgreSQL"", ""Docker""]","<p>В финтех направление открыта вакансия Senior Backend Architect (Go, PostgreSQL, Kafka).</p>
    <p><strong>Задачи:</strong></p><ul><li>Создание масштабируемых сервисов с низким latency.</li>
    <li>Интеграция с платежными шлюзами и внешними API.</li><li>Написание юнит и интеграционных тестов.</li></ul>
    <p><strong>Стек:</strong> Go, PostgreSQL, Docker.</p>
    <p><strong>Условия:</strong> полностью белая зарплата, техника на выбор, дружная инженерная культура.</p>"
90000995,Ищем: Middle Data Engineer,От 3 до 6 лет,between3And6,,315000,RUR,flexible,"[""RabbitMQ"", ""PostgreSQL"", ""Python"", ""Docker""]","<h3>О проекте:</h3><p>Мы разрабатываем высоконагруженную платформу автоматизации аналитики и бизнес-процессов.</p>
    <h3>Обязанности:</h3><ul><li>Разработка микросервисов на Python и фреймворке Flask.</li>
    <li>Проектирование архитектуры базы данных PostgreSQL и оптимизация сложных аналитических запросов.</li>
    <li>Контейнеризация и настройка пайплайнов деплоя с использованием Docker.</li></ul>
    <h3>Требования:</h3><ul><li>Опыт работы с технологиями: RabbitMQ, PostgreSQL, Python, Docker.</li>
    <li>Понимание принципов чистого кода, SOLID и микросервисной архитектуры.</li>
    <li>Умение работать в Agile/Scrum команде.</li></ul>
    <h3>Мы предлагаем:</h3><ul><li>Конкурентная зарплата, гибкий график, ДМС и возможность удаленной работы.</li></ul>"
90000996,Ищем: Middle Data Engineer,От 3 до 6 лет,between3And6,,225000,RUR,fullDay,"[""FastAPI"", ""Redis"", ""Docker"", ""Python"", ""Asyncio"", ""Kafka""]","<h3>О проекте:</h3><p>Мы разрабатываем высоконагруженную платформу автоматизации аналитики и бизнес-процессов.</p>
    <h3>Обязанности:</h3><ul><li>Разработка микросервисов на Python и фреймворке FastAPI.</li>
    <li>Проектирование архитектуры базы данных Redis и оптимизация сложных аналитических запросов.</li>
    <li>Контейнеризация и настройка пайплайнов деплоя с использованием Docker.</li></ul>
    <h3>Требования:</h3><ul><li>Опыт работы с технологиями: FastAPI, Redis, Docker, Python, Asyncio, Kafka.</li>
    <li>Понимание принципов чистого кода, SOLID и микросервисной архитектуры.</li>
    <li>Умение работать в Agile/Scrum команде.</li></ul>
    <h3>Мы предлагаем:</h3><ul><li>Конкурентная зарплата, гибкий график, ДМС и возможность удаленной работы.</li></ul>"
90000997,Удаленно: Golang Developer (Middle),От 3 до 6 лет,between3And6,200000,300000,RUR,fullDay,"[""Docker"", ""Python""]","<p>В финтех направление открыта вакансия Удаленно: Golang Developer (Middle).</p>
    <p><strong>Задачи:</strong></p><ul><li>Создание масштабируемых сервисов с низким latency.</li>
    <li>Интеграция с платежными шлюзами и внешними API.</li><li>Написание юнит и интеграционных тестов.</li></ul>
    <p><strong>Стек:</strong> Docker, Python.</p>
    <p><strong>Условия:</strong> полностью белая зарплата, техника на выбор, дружная инженерная культура.</p>"
90000998,IT Компания: Fullstack Developer (Python / Vue.js),От 1 года до 3 лет,between1And3,130000,210000,RUR,remote,"[""Git"", ""FastAPI"", ""Docker"", ""Redis""]","<p>В финтех направление открыта вакансия IT Компания: Fullstack Developer (Python / Vue.js).</p>
    <p><strong>Задачи:</strong></p><ul><li>Создание масштабируемых сервисов с низким latency.</li>
    <li>Интеграция с платежными шлюзами и внешними API.</li><li>Написание юнит и интеграционных тестов.</li></ul>
    <p><strong>Стек:</strong> Git, FastAPI, Docker, Redis.</p>
    <p><strong>Условия:</strong> полностью белая зарплата, техника на выбор, дружная инженерная культура.</p>"
90000999,Junior Backend Engineer (FastAPI),От 1 года до 3 лет,between1And3,60000,95000,RUR,fullDay,"[""Git"", ""Celery"", ""Python"", ""Kubernetes"", ""RabbitMQ""]","<h3>О проекте:</h3><p>Мы разрабатываем высоконагруженную платформу автоматизации аналитики и бизнес-процессов.</p>
    <h3>Обязанности:</h3><ul><li>Разработка микросервисов на Python и фреймворке Flask.</li>
    <li>Проектирование архитектуры базы данных Redis и оптимизация сложных аналитических запросов.</li>
    <li>Контейнеризация и настройка пайплайнов деплоя с использованием Docker и Kubernetes.</li></ul>
    <h3>Требования:</h3><ul><li>Опыт работы с технологиями: Git, Celery, Python, Kubernetes, RabbitMQ.</li>
    <li>Понимание принципов чистого кода, SOLID и микросервисной архитектуры.</li>
    <li>Умение работать в Agile/Scrum команде.</li></ul>
    <h3>Мы предлагаем:</h3><ul><li>Конкурентная зарплата, гибкий график, ДМС и возможность удаленной работы.</li></ul>"
90001000,IT Компания: Python Backend Engineer,От 1 года до 3 лет,between1And3,160000,,RUR,remote,"[""Git"", ""FastAPI"", ""Go"", ""SQLAlchemy"", ""PostgreSQL""]","<h3>О проекте:</h3><p>Мы разрабатываем высоконагруженную платформу автоматизации аналитики и бизнес-процессов.</p>
    <h3>Обязанности:</h3><ul><li>Разработка микросервисов на Go и фреймворке FastAPI.</li>
    <li>Проектирование архитектуры базы данных PostgreSQL и оптимизация сложных аналитических запросов.</li>
    <li>Контейнеризация и настройка пайплайнов деплоя с использованием Docker.</li></ul>
    <h3>Требования:</h3><ul><li>Опыт работы с технологиями: Git, FastAPI, Go, SQLAlchemy, PostgreSQL.</li>
    <li>Понимание принципов чистого кода, SOLID и микросервисной архитектуры.</li>
    <li>Умение работать в Agile/Scrum команде.</li></ul>
    <h3>Мы предлагаем:</h3><ul><li>Конкурентная зарплата, гибкий график, ДМС и возможность удаленной работы.</li></ul>"
90001001,Python Backend Engineer,Более 6 лет,moreThan6,,,RUR,remote,"[""FastAPI"", ""Redis"", ""Microservices"", ""Python"", ""Asyncio""]","<p>В финтех направление открыта вакансия Python Backend Engineer.</p>
    <p><strong>Задачи:</strong></p><ul><li>Создание масштабируемых сервисов с низким latency.</li>
    <li>Интеграция с платежными шлюзами и внешними API.</li><li>Написание юнит и интеграционных тестов.</li></ul>
    <p><strong>Стек:</strong> FastAPI, Redis, Microservices, Python, Asyncio.</p>
    <p><strong>Условия:</strong> полностью белая зарплата, техника на выбор, дружная инженерная культура.</p>"
90001002,Удаленно: Middle Go Engineer (Микросервисы),От 3 до 6 лет,between3And6,,,RUR,remote,"[""Git"", ""Redis"", ""Pytest"", ""Go"", ""Asyncio"", ""PostgreSQL"", ""RabbitMQ""]","<p>В финтех направление открыта вакансия Удаленно: Middle Go Engineer (Микросервисы).</p>
    <p><strong>Задачи:</strong></p><ul><li>Создание масштабируемых сервисов с низким latency.</li>
    <li>Интеграция с платежными шлюзами и внешними API.</li><li>Написание юнит и интеграционных тестов.</li></ul>
    <p><strong>Стек:</strong> Git, Redis, Pytest, Go, Asyncio, PostgreSQL, RabbitMQ.</p>
    <p><strong>Условия:</strong> полностью белая зарплата, техника на выбор, дружная инженерная культура.</p>"
90001003,Разработчик Python,Нет опыта,noExperience,55000,105000,RUR,remote,"[""REST API"", ""Linux"", ""Python"", ""Asyncio"", ""Django""]","<h3>О проекте:</h3><p>Мы разрабатываем высоконагруженную платформу автоматизации аналитики и бизнес-процессов.</p>
    <h3>Обязанности:</h3><ul><li>Разработка микросервисов на Python и фреймворке Django.</li>
    <li>Проектирование архитектуры базы данных Redis и оптимизация сложных аналитических запросов.</li>
    <li>Контейнеризация и настройка пайплайнов деплоя с использованием Docker.</li></ul>
    <h3>Требования:</h3><ul><li>Опыт работы с технологиями: REST API, Linux, Python, Asyncio, Django.</li>
    <li>Понимание принципов чистого кода, SOLID и микросервисной архитектуры.</li>
    <li>Умение работать в Agile/Scrum команде.</li></ul>
    <h3>Мы предлагаем:</h3><ul><li>Конкурентная зарплата, гибкий график, ДМС и возможность удаленной работы.</li></ul>"
90001004,Senior Python Developer,От 3 до 6 лет,between3And6,230000,360000,RUR,remote,"[""Go"", ""ClickHouse"", ""Linux"", ""Python""]","<p>В финтех направление открыта вакансия Senior Python Developer.</p>
    <p><strong>Задачи:</strong></p><ul><li>Создание масштабируемых сервисов с низким latency.</li>
    <li>Интеграция с платежными шлюзами и внешними API.</li><li>Написание юнит и интеграционных тестов.</li></ul>
    <p><strong>Стек:</strong> Go, ClickHouse, Linux, Python.</p>
    <p><strong>Условия:</strong> полностью белая зарплата, техника на выбор, дружная инженерная культура.</p>"
90001005,Go Backend Developer,От 3 до 6 лет,between3And6,,455000,RUR,fullDay,"[""Git"", ""FastAPI"", ""Django"", ""Python"", ""Kubernetes"", ""ClickHouse"", ""PostgreSQL""]","<h3>О проекте:</h3><p>Мы разрабатываем высоконагруженную платформу автоматизации аналитики и бизнес-процессов.</p>
    <h3>Обязанности:</h3><ul><li>Разработка микросервисов на Python и фреймворке FastAPI.</li>
    <li>Проектирование архитектуры базы данных PostgreSQL и оптимизация сложных аналитических запросов.</li>
    <li>Контейнеризация и настройка пайплайнов деплоя с использованием Docker и Kubernetes.</li></ul>
    <h3>Требования:</h3><ul><li>Опыт работы с технологиями: Git, FastAPI, Django, Python, Kubernetes, ClickHouse, PostgreSQL.</li>
    <li>Понимание принципов чистого кода, SOLID и микросервисной архитектуры.</li>
    <li>Умение работать в Agile/Scrum команде.</li></ul>
    <h3>Мы предлагаем:</h3><ul><li>Конкурентная зарплата, гибкий график, ДМС и возможность удаленной работы.</li></ul>"
90001006,Ищем: Middle Python Developer,От 3 до 6 лет,between3And6,150000,235000,RUR,fullDay,"[""Git"", ""FastAPI"", ""Go"", ""SQLAlchemy"", ""Docker"", ""PostgreSQL"", ""RabbitMQ""]","<p>В финтех направление открыта вакансия Ищем: Middle Python Developer.</p>
    <p><strong>Задачи:</strong></p><ul><li>Создание масштабируемых сервисов с низким latency.</li>
    <li>Интеграция с платежными шлюзами и внешними API.</li><li>Написание юнит и интеграционных тестов.</li></ul>
    <p><strong>Стек:</strong> Git, FastAPI, Go, SQLAlchemy, Docker, PostgreSQL, RabbitMQ.</p>
    <p><strong>Условия:</strong> полностью белая зарплата, техника на выбор, дружная инженерная культура.</p>"
90001007,IT Компания: Junior Backend Engineer (FastAPI),От 1 года до 3 лет,between1And3,,,RUR,remote,"[""REST API"", ""Linux"", ""Python"", ""Django"", ""PostgreSQL""]","<p>В финтех направление открыта вакансия IT Компания: Junior Backend Engineer (FastAPI).</p>
    <p><strong>Задачи:</strong></p><ul><li>Создание масштабируемых сервисов с низким latency.</li>
    <li>Интеграция с платежными шлюзами и внешними API.</li><li>Написание юнит и интеграционных тестов.</li></ul>
    <p><strong>Стек:</strong> REST API, Linux, Python, Django, PostgreSQL.</p>
    <p><strong>Условия:</strong> полностью белая зарплата, техника на выбор, дружная инженерная культура.</p>"
90001008,Trainee / Junior Data Engineer,Нет опыта,noExperience,55000,90000,RUR,flexible,"[""PostgreSQL"", ""Python"", ""RabbitMQ""]","<h3>О проекте:</h3><p>Мы разрабатываем высоконагруженную платформу автоматизации аналитики и бизнес-процессов.</p>
    <h3>Обязанности:</h3><ul><li>Разработка микросервисов на Python и фреймворке Flask.</li>
    <li>Проектирование архитектуры базы данных PostgreSQL и оптимизация сложных аналитических запросов.</li>
    <li>Контейнеризация и настройка пайплайнов деплоя с использованием Docker.</li></ul>
    <h3>Требования:</h3><ul><li>Опыт работы с технологиями: PostgreSQL, Python, RabbitMQ.</li>
    <li>Понимание принципов чистого кода, SOLID и микросервисной архитектуры.</li>
    <li>Умение работать в Agile/Scrum команде.</li></ul>
    <h3>Мы предлагаем:</h3><ul><li>Конкурентная зарплата, гибкий график, ДМС и возможность удаленной работы.</li></ul>"
90001009,Junior Python Developer,Нет опыта,noExperience,,95000,RUR,remote,"[""Django"", ""Celery"", ""PostgreSQL""]","<h3>О проекте:</h3><p>Мы разрабатываем высоконагруженную платформу автоматизации аналитики и бизнес-процессов.</p>
    <h3>Обязанности:</h3><ul><li>Разработка микросервисов на Python и фреймворке Django.</li>
    <li>Проектирование архитектуры базы данных PostgreSQL и оптимизация сложных аналитических запросов.</li>
    <li>Контейнеризация и настройка пайплайнов деплоя с использованием Docker.</li></ul>
    <h3>Требования:</h3><ul><li>Опыт работы с технологиями: Django, Celery, PostgreSQL.</li>
    <li>Понимание принципов чистого кода, SOLID и микросервисной архитектуры.</li>
    <li>Умение работать в Agile/Scrum команде.</li></ul>
    <h3>Мы предлагаем:</h3><ul><li>Конкурентная зарплата, гибкий график, ДМС и возможность удаленной работы.</li></ul>"
90001010,Удаленно: Junior QA Automation (Python),От 1 года до 3 лет,between1And3,70000,105000,RUR,remote,"[""Celery"", ""Linux"", ""Python""]","<p>В финтех направление открыта вакансия Удаленно: Junior QA Automation (Python).</p>
    <p><strong>Задачи:</strong></p><ul><li>Создание масштабируемых сервисов с низким latency.</li>
    <li>Интеграция с платежными шлюзами и внешними API.</li><li>Написание юнит и интеграционных тестов.</li></ul>
    <p><strong>Стек:</strong> Celery, Linux, Python.</p>
    <p><strong>Условия:</strong> полностью белая зарплата, техника на выбор, дружная инженерная культура.</p>"
90001011,Software Engineer,От 3 до 6 лет,between3And6,340000,525000,RUR,remote,"[""Microservices"", ""CI/CD"", ""Docker"", ""Asyncio"", ""Kubernetes"", ""ClickHouse"", ""PostgreSQL""]","<p>В финтех направление открыта вакансия Software Engineer.</p>
    <p><strong>Задачи:</strong></p><ul><li>Создание масштабируемых сервисов с низким latency.</li>
    <li>Интеграция с платежными шлюзами и внешними API.</li><li>Написание юнит и интеграционных тестов.</li></ul>
    <p><strong>Стек:</strong> Microservices, CI/CD, Docker, Asyncio, Kubernetes, ClickHouse, PostgreSQL.</p>
    <p><strong>Условия:</strong> полностью белая зарплата, техника на выбор, дружная инженерная культура.</p>"
90001012,Ищем: Junior Python Developer,Нет опыта,noExperience,,,RUR,remote,"[""Git"", ""REST API"", ""Linux"", ""FastAPI"", ""Python"", ""ClickHouse""]","<p>В финтех направление открыта вакансия Ищем: Junior Python Developer.</p>
    <p><strong>Задачи:</strong></p><ul><li>Создание масштабируемых сервисов с низким latency.</li>
    <li>Интеграция с платежными шлюзами и внешними API.</li><li>Написание юнит и интеграционных тестов.</li></ul>
    <p><strong>Стек:</strong> Git, REST API, Linux, FastAPI, Python, ClickHouse.</p>
    <p><strong>Условия:</strong> полностью белая зарплата, техника на выбор, дружная инженерная культура.</p>"
90001013,DevOps Engineer,Более 6 лет,moreThan6,365000,575000,RUR,remote,"[""REST API"", ""FastAPI"", ""Linux"", ""Microservices"", ""CI/CD"", ""Kubernetes"", ""ClickHouse""]","<h3>О проекте:</h3><p>Мы разрабатываем высоконагруженную платформу автоматизации аналитики и бизнес-процессов.</p>
    <h3>Обязанности:</h3><ul><li>Разработка микросервисов на Python и фреймворке FastAPI.</li>
    <li>Проектирование архитектуры базы данных Redis и оптимизация сложных аналитических запросов.</li>
    <li>Контейнеризация и настройка пайплайнов деплоя с использованием Docker и Kubernetes.</li></ul>
    <h3>Требования:</h3><ul><li>Опыт работы с технологиями: REST API, FastAPI, Linux, Microservices, CI/CD, Kubernetes, ClickHouse.</li>
    <li>Понимание принципов чистого кода, SOLID и микросервисной архитектуры.</li>
    <li>Умение работать в Agile/Scrum команде.</li></ul>
    <h3>Мы предлагаем:</h3><ul><li>Конкурентная зарплата, гибкий график, ДМС и возможность удаленной работы.</li></ul>"
90001014,Middle Python Developer,От 1 года до 3 лет,between1And3,,,RUR,flexible,"[""Git"", ""REST API"", ""FastAPI"", ""Redis"", ""Docker"", ""Python"", ""Asyncio"", ""Kubernetes""]","<p>В финтех направление открыта вакансия Middle Python Developer.</p>
    <p><strong>Задачи:</strong></p><ul><li>Создание масштабируемых сервисов с низким latency.</li>
    <li>Интеграция с платежными шлюзами и внешними API.</li><li>Написание юнит и интеграционных тестов.</li></ul>
    <p><strong>Стек:</strong> Git, REST API, FastAPI, Redis, Docker, Python, Asyncio, Kubernetes.</p>
    <p><strong>Условия:</strong> полностью белая зарплата, техника на выбор, дружная инженерная культура.</p>"
90001015,Ищем: Senior DevOps / SRE Engineer,От 3 до 6 лет,between3And6,245000,380000,RUR,fullDay,"[""FastAPI"", ""Kafka"", ""Docker"", ""SQLAlchemy"", ""Python"", ""Kubernetes"", ""ClickHouse""]","<h3>О проекте:</h3><p>Мы разрабатываем высоконагруженную платформу автоматизации аналитики и бизнес-процессов.</p>
    <h3>Обязанности:</h3><ul><li>Разработка микросервисов на Python и фреймворке FastAPI.</li>
    <li>Проектирование архитектуры базы данных Redis и оптимизация сложных аналитических запросов.</li>
    <li>Контейнеризация и настройка пайплайнов деплоя с использованием Docker и Kubernetes.</li></ul>
    <h3>Требования:</h3><ul><li>Опыт работы с технологиями: FastAPI, Kafka, Docker, SQLAlchemy, Python, Kubernetes, ClickHouse.</li>
    <li>Понимание принципов чистого кода, SOLID и микросервисной архитектуры.</li>
    <li>Умение работать в Agile/Scrum команде.</li></ul>
    <h3>Мы предлагаем:</h3><ul><li>Конкурентная зарплата, гибкий график, ДМС и возможность удаленной работы.</li></ul>"
90001016,"Удаленно: Senior Backend Architect (Go, PostgreSQL, Kafka)",Более 6 лет,moreThan6,,,RUR,remote,"[""Microservices"", ""Celery"", ""Python""]","<p>В финтех направление открыта вакансия Удаленно: Senior Backend Architect (Go, PostgreSQL, Kafka).</p>
    <p><strong>Задачи:</strong></p><ul><li>Создание масштабируемых сервисов с низким latency.</li>
    <li>Интеграция с платежными шлюзами и внешними API.</li><li>Написание юнит и интеграционных тестов.</li></ul>
    <p><strong>Стек:</strong> Microservices, Celery, Python.</p>
    <p><strong>Условия:</strong> полностью белая зарплата, техника на выбор, дружная инженерная культура.</p>"
90001017,Go Backend Developer,От 1 года до 3 лет,between1And3,,,RUR,fullDay,"[""REST API"", ""Git"", ""SQLAlchemy"", ""Celery"", ""Python""]","<h3>О проекте:</h3><p>Мы разрабатываем высоконагруженную платформу автоматизации аналитики и бизнес-процессов.</p>
    <h3>Обязанности:</h3><ul><li>Разработка микросервисов на Python и фреймворке Flask.</li>
    <li>Проектирование архитектуры базы данных Redis и оптимизация сложных аналитических запросов.</li>
    <li>Контейнеризация и настройка пайплайнов деплоя с использованием Docker.</li></ul>
    <h3>Требования:</h3><ul><li>Опыт работы с технологиями: REST API, Git, SQLAlchemy, Celery, Python.</li>
    <li>Понимание принципов чистого кода, SOLID и микросервисной архитектуры.</li>
    <li>Умение работать в Agile/Scrum команде.</li></ul>
    <h3>Мы предлагаем:</h3><ul><li>Конкурентная зарплата, гибкий график, ДМС и возможность удаленной работы.</li></ul>"
90001018,Tech Lead (Python / FastAPI / Highload),Более 6 лет,moreThan6,,,RUR,remote,"[""Linux"", ""FastAPI"", ""Pytest"", ""Go"", ""Python"", ""Kafka"", ""ClickHouse""]","<h3>О проекте:</h3><p>Мы разрабатываем высоконагруженную платформу автоматизации аналитики и бизнес-процессов.</p>
    <h3>Обязанности:</h3><ul><li>Разработка микросервисов на Python и фреймворке FastAPI.</li>
    <li>Проектирование архитектуры базы данных Redis и оптимизация сложных аналитических запросов.</li>
    <li>Контейнеризация и настройка пайплайнов деплоя с использованием Docker.</li></ul>
    <h3>Требования:</h3><ul><li>Опыт работы с технологиями: Linux, FastAPI, Pytest, Go, Python, Kafka, ClickHouse.</li>
    <li>Понимание принципов чистого кода, SOLID и микросервисной архитектуры.</li>
    <li>Умение работать в Agile/Scrum команде.</li></ul>
    <h3>Мы предлагаем:</h3><ul><li>Конкурентная зарплата, гибкий график, ДМС и возможность удаленной работы.</li></ul>"
90001019,Senior Golang Developer,От 3 до 6 лет,between3And6,350000,525000,RUR,fullDay,"[""Microservices"", ""Kafka"", ""PostgreSQL"", ""Django""]","<h3>О проекте:</h3><p>Мы разрабатываем высоконагруженную платформу автоматизации аналитики и бизнес-процессов.</p>
    <h3>Обязанности:</h3><ul><li>Разработка микросервисов на Python и фреймворке Django.</li>
    <li>Проектирование архитектуры базы данных PostgreSQL и оптимизация сложных аналитических запросов.</li>
    <li>Контейнеризация и настройка пайплайнов деплоя с использованием Docker.</li></ul>
    <h3>Требования:</h3><ul><li>Опыт работы с технологиями: Microservices, Kafka, PostgreSQL, Django.</li>
    <li>Понимание принципов чистого кода, SOLID и микросервисной архитектуры.</li>
    <li>Умение работать в Agile/Scrum команде.</li></ul>
    <h3>Мы предлагаем:</h3><ul><li>Конкурентная зарплата, гибкий график, ДМС и возможность удаленной работы.</li></ul>"
90001020,Junior QA Automation (Python),От 1 года до 3 лет,between1And3,65000,100000,RUR,flexible,"[""Git"", ""REST API"", ""Linux"", ""Pytest"", ""PostgreSQL""]","<h3>О проекте:</h3><p>Мы разрабатываем высоконагруженную платформу автоматизации аналитики и бизнес-процессов.</p>
    <h3>Обязанности:</h3><ul><li>Разработка микросервисов на Python и фреймворке Flask.</li>
    <li>Проектирование архитектуры базы данных PostgreSQL и оптимизация сложных аналитических запросов.</li>
    <li>Контейнеризация и настройка пайплайнов деплоя с использованием Docker.</li></ul>
    <h3>Требования:</h3><ul><li>Опыт работы с технологиями: Git, REST API, Linux, Pytest, PostgreSQL.</li>
    <li>Понимание принципов чистого кода, SOLID и микросервисной архитектуры.</li>
    <li>Умение работать в Agile/Scrum команде.</li></ul>
    <h3>Мы предлагаем:</h3><ul><li>Конкурентная зарплата, гибкий график, ДМС и возможность удаленной работы.</li></ul>"
90001021,"Удаленно: Middle DevOps Engineer (Docker, K8s)",От 3 до 6 лет,between3And6,170000,265000,RUR,fullDay,"[""Git"", ""FastAPI"", ""Redis"", ""Go"", ""SQLAlchemy"", ""Celery"", ""ClickHouse"", ""PostgreSQL""]","<h3>О проекте:</h3><p>Мы разрабатываем высоконагруженную платформу автоматизации аналитики и бизнес-процессов.</p>
    <h3>Обязанности:</h3><ul><li>Разработка микросервисов на Go и фреймворке FastAPI.</li>
    <li>Проектирование архитектуры базы данных PostgreSQL и оптимизация сложных аналитических запросов.</li>
    <li>Контейнеризация и настройка пайплайнов деплоя с использованием Docker.</li></ul>
    <h3>Требования:</h3><ul><li>Опыт работы с технологиями: Git, FastAPI, Redis, Go, SQLAlchemy, Celery, ClickHouse, PostgreSQL.</li>
    <li>Понимание принципов чистого кода, SOLID и микросервисной архитектуры.</li>
    <li>Умение работать в Agile/Scrum команде.</li></ul>
    <h3>Мы предлагаем:</h3><ul><li>Конкурентная зарплата, гибкий график, ДМС и возможность удаленной работы.</li></ul>"
90001022,IT Компания: Fullstack Developer (Python / Vue.js),От 1 года до 3 лет,between1And3,,,RUR,remote,"[""Git"", ""Redis"", ""SQLAlchemy"", ""Docker"", ""ClickHouse""]","<p>В финтех направление открыта вакансия IT Компания: Fullstack Developer (Python / Vue.js).</p>
    <p><strong>Задачи:</strong></p><ul><li>Создание масштабируемых сервисов с низким latency.</li>
    <li>Интеграция с платежными шлюзами и внешними API.</li><li>Написание юнит и интеграционных тестов.</li></ul>
    <p><strong>Стек:</strong> Git, Redis, SQLAlchemy, Docker, ClickHouse.</p>
    <p><strong>Условия:</strong> полностью белая зарплата, техника на выбор, дружная инженерная культура.</p>"
90001023,IT Компания: Lead / Senior Backend Engineer (Go / Python),Более 6 лет,moreThan6,300000,470000,RUR,fullDay,"[""Django"", ""CI/CD"", ""Go"", ""Docker"", ""Kafka"", ""ClickHouse""]","<p>В финтех направление открыта вакансия IT Компания: Lead / Senior Backend Engineer (Go / Python).</p>
    <p><strong>Задачи:</strong></p><ul><li>Создание масштабируемых сервисов с низким latency.</li>
    <li>Интеграция с платежными шлюзами и внешними API.</li><li>Написание юнит и интеграционных тестов.</li></ul>
    <p><strong>Стек:</strong> Django, CI/CD, Go, Docker, Kafka, ClickHouse.</p>
    <p><strong>Условия:</strong> полностью белая зарплата, техника на выбор, дружная инженерная культура.</p>"
90001024,Data Engineer,От 3 до 6 лет,between3And6,255000,395000,RUR,flexible,"[""CI/CD"", ""Go"", ""Python"", ""Kubernetes"", ""PostgreSQL"", ""RabbitMQ""]","<h3>О проекте:</h3><p>Мы разрабатываем высоконагруженную платформу автоматизации аналитики и бизнес-процессов.</p>
    <h3>Обязанности:</h3><ul><li>Разработка микросервисов на Go и фреймворке Flask.</li>
    <li>Проектирование архитектуры базы данных PostgreSQL и оптимизация сложных аналитических запросов.</li>
    <li>Контейнеризация и настройка пайплайнов деплоя с использованием Docker и Kubernetes.</li></ul>
    <h3>Требования:</h3><ul><li>Опыт работы с технологиями: CI/CD, Go, Python, Kubernetes, PostgreSQL, RabbitMQ.</li>
    <li>Понимание принципов чистого кода, SOLID и микросервисной архитектуры.</li>
    <li>Умение работать в Agile/Scrum команде.</li></ul>
    <h3>Мы предлагаем:</h3><ul><li>Конкурентная зарплата, гибкий график, ДМС и возможность удаленной работы.</li></ul>"
90001025,Ищем: Junior QA Automation (Python),От 1 года до 3 лет,between1And3,60000,90000,RUR,fullDay,"[""REST API"", ""Django"", ""Asyncio""]","<h3>О проекте:</h3><p>Мы разрабатываем высоконагруженную платформу автоматизации аналитики и бизнес-процессов.</p>
    <h3>Обязанности:</h3><ul><li>Разработка микросервисов на Python и фреймворке Django.</li>
    <li>Проектирование архитектуры базы данных Redis и оптимизация сложных аналитических запросов.</li>
    <li>Контейнеризация и настройка пайплайнов деплоя с использованием Docker.</li></ul>
    <h3>Требования:</h3><ul><li>Опыт работы с технологиями: REST API, Django, Asyncio.</li>
    <li>Понимание принципов чистого кода, SOLID и микросервисной архитектуры.</li>
    <li>Умение работать в Agile/Scrum команде.</li></ul>
    <h3>Мы предлагаем:</h3><ul><li>Конкурентная зарплата, гибкий график, ДМС и возможность удаленной работы.</li></ul>"
90001026,Разработчик Python,От 1 года до 3 лет,between1And3,125000,,RUR,remote,"[""Redis"", ""Go"", ""Docker"", ""Celery"", ""Python"", ""PostgreSQL""]","<p>В финтех направление открыта вакансия Разработчик Python.</p>
    <p><strong>Задачи:</strong></p><ul><li>Создание масштабируемых сервисов с низким latency.</li>
    <li>Интеграция с платежными шлюзами и внешними API.</li><li>Написание юнит и интеграционных тестов.</li></ul>
    <p><strong>Стек:</strong> Redis, Go, Docker, Celery, Python, PostgreSQL.</p>
    <p><strong>Условия:</strong> полностью белая зарплата, техника на выбор, дружная инженерная культура.</p>"
90001027,Software Engineer,От 3 до 6 лет,between3And6,,,RUR,fullDay,"[""Redis"", ""Go"", ""Docker"", ""Celery"", ""Python"", ""Asyncio""]","<p>В финтех направление открыта вакансия Software Engineer.</p>
    <p><strong>Задачи:</strong></p><ul><li>Создание масштабируемых сервисов с низким latency.</li>
    <li>Интеграция с платежными шлюзами и внешними API.</li><li>Написание юнит и интеграционных тестов.</li></ul>
    <p><strong>Стек:</strong> Redis, Go, Docker, Celery, Python, Asyncio.</p>
    <p><strong>Условия:</strong> полностью белая зарплата, техника на выбор, дружная инженерная культура.</p>"
90001028,Golang Developer (Middle),От 3 до 6 лет,between3And6,180000,275000,RUR,remote,"[""Go"", ""SQLAlchemy"", ""Docker"", ""Asyncio"", ""Kafka"", ""PostgreSQL""]","<p>В финтех направление открыта вакансия Golang Developer (Middle).</p>
    <p><strong>Задачи:</strong></p><ul><li>Создание масштабируемых сервисов с низким latency.</li>
    <li>Интеграция с платежными шлюзами и внешними API.</li><li>Написание юнит и интеграционных тестов.</li></ul>
    <p><strong>Стек:</strong> Go, SQLAlchemy, Docker, Asyncio, Kafka, PostgreSQL.</p>
    <p><strong>Условия:</strong> полностью белая зарплата, техника на выбор, дружная инженерная культура.</p>"
90001029,Ищем: Tech Lead (Python / FastAPI / Highload),Более 6 лет,moreThan6,,,RUR,flexible,"[""Kafka"", ""Go"", ""FastAPI"", ""Linux""]","<p>В финтех направление открыта вакансия Ищем: Tech Lead (Python / FastAPI / Highload).</p>
    <p><strong>Задачи:</strong></p><ul><li>Создание масштабируемых сервисов с низким latency.</li>
    <li>Интеграция с платежными шлюзами и внешними API.</li><li>Написание юнит и интеграционных тестов.</li></ul>
    <p><strong>Стек:</strong> Kafka, Go, FastAPI, Linux.</p>
    <p><strong>Условия:</strong> полностью белая зарплата, техника на выбор, дружная инженерная культура.</p>"
90001030,"IT Компания: Middle DevOps Engineer (Docker, K8s)",От 3 до 6 лет,between3And6,205000,320000,RUR,remote,"[""Git"", ""FastAPI"", ""Microservices"", ""Go"", ""Celery"", ""PostgreSQL""]","<h3>О проекте:</h3><p>Мы разрабатываем высоконагруженную платформу автоматизации аналитики и бизнес-процессов.</p>
    <h3>Обязанности:</h3><ul><li>Разработка микросервисов на Go и фреймворке FastAPI.</li>
    <li>Проектирование архитектуры базы данных PostgreSQL и оптимизация сложных аналитических запросов.</li>
    <li>Контейнеризация и настройка пайплайнов деплоя с использованием Docker.</li></ul>
    <h3>Требования:</h3><ul><li>Опыт работы с технологиями: Git, FastAPI, Microservices, Go, Celery, PostgreSQL.</li>
    <li>Понимание принципов чистого кода, SOLID и микросервисной архитектуры.</li>
    <li>Умение работать в Agile/Scrum команде.</li></ul>
    <h3>Мы предлагаем:</h3><ul><li>Конкурентная зарплата, гибкий график, ДМС и возможность удаленной работы.</li></ul>"
90001031,Backend Engineer,Нет опыта,noExperience,50000,90000,RUR,remote,"[""REST API"", ""Redis"", ""Python"", ""Django"", ""PostgreSQL""]","<p>В финтех направление открыта вакансия Backend Engineer.</p>
    <p><strong>Задачи:</strong></p><ul><li>Создание масштабируемых сервисов с низким latency.</li>
    <li>Интеграция с платежными шлюзами и внешними API.</li><li>Написание юнит и интеграционных тестов.</li></ul>
    <p><strong>Стек:</strong> REST API, Redis, Python, Django, PostgreSQL.</p>
    <p><strong>Условия:</strong> полностью белая зарплата, техника на выбор, дружная инженерная культура.</p>"
90001032,IT Компания: Младший программист Python / Django,От 1 года до 3 лет,between1And3,60000,,RUR,remote,"[""Git"", ""Kubernetes"", ""REST API""]","<p>В финтех направление открыта вакансия IT Компания: Младший программист Python / Django.</p>
    <p><strong>Задачи:</strong></p><ul><li>Создание масштабируемых сервисов с низким latency.</li>
    <li>Интеграция с платежными шлюзами и внешними API.</li><li>Написание юнит и интеграционных тестов.</li></ul>
    <p><strong>Стек:</strong> Git, Kubernetes, REST API.</p>
    <p><strong>Условия:</strong> полностью белая зарплата, техника на выбор, дружная инженерная культура.</p>"
90001033,IT Компания: Junior QA Automation (Python),От 1 года до 3 лет,between1And3,70000,,RUR,fullDay,"[""REST API"", ""Git"", ""PostgreSQL"", ""Linux""]","<h3>О проекте:</h3><p>Мы разрабатываем высоконагруженную платформу автоматизации аналитики и бизнес-процессов.</p>
    <h3>Обязанности:</h3><ul><li>Разработка микросервисов на Python и фреймворке Flask.</li>
    <li>Проектирование архитектуры базы данных PostgreSQL и оптимизация сложных аналитических запросов.</li>
    <li>Контейнеризация и настройка пайплайнов деплоя с использованием Docker.</li></ul>
    <h3>Требования:</h3><ul><li>Опыт работы с технологиями: REST API, Git, PostgreSQL, Linux.</li>
    <li>Понимание принципов чистого кода, SOLID и микросервисной архитектуры.</li>
    <li>Умение работать в Agile/Scrum команде.</li></ul>
    <h3>Мы предлагаем:</h3><ul><li>Конкурентная зарплата, гибкий график, ДМС и возможность удаленной работы.</li></ul>"
90001034,Удаленно: Senior Python Developer,От 3 до 6 лет,between3And6,330000,,RUR,fullDay,"[""Microservices"", ""Kubernetes"", ""Docker"", ""Linux""]","<h3>О проекте:</h3><p>Мы разрабатываем высоконагруженную платформу автоматизации аналитики и бизнес-процессов.</p>
    <h3>Обязанности:</h3><ul><li>Разработка микросервисов на Python и фреймворке Flask.</li>
    <li>Проектирование архитектуры базы данных Redis и оптимизация сложных аналитических запросов.</li>
    <li>Контейнеризация и настройка пайплайнов деплоя с использованием Docker и Kubernetes.</li></ul>
    <h3>Требования:</h3><ul><li>Опыт работы с технологиями: Microservices, Kubernetes, Docker, Linux.</li>
    <li>Понимание принципов чистого кода, SOLID и микросервисной архитектуры.</li>
    <li>Умение работать в Agile/Scrum команде.</li></ul>
    <h3>Мы предлагаем:</h3><ul><li>Конкурентная зарплата, гибкий график, ДМС и возможность удаленной работы.</li></ul>"
90001035,Junior Backend Engineer (FastAPI),От 1 года до 3 лет,between1And3,70000,110000,RUR,fullDay,"[""Django"", ""Linux"", ""Kubernetes""]","<p>В финтех направление открыта вакансия Junior Backend Engineer (FastAPI).</p>
    <p><strong>Задачи:</strong></p><ul><li>Создание масштабируемых сервисов с низким latency.</li>
    <li>Интеграция с платежными шлюзами и внешними API.</li><li>Написание юнит и интеграционных тестов.</li></ul>
    <p><strong>Стек:</strong> Django, Linux, Kubernetes.</p>
    <p><strong>Условия:</strong> полностью белая зарплата, техника на выбор, дружная инженерная культура.</p>"
90001036,Senior Data Engineer / Architect,Более 6 лет,moreThan6,350000,565000,RUR,remote,"[""Kubernetes"", ""Go"", ""ClickHouse""]","<h3>О проекте:</h3><p>Мы разрабатываем высоконагруженную платформу автоматизации аналитики и бизнес-процессов.</p>
    <h3>Обязанности:</h3><ul><li>Разработка микросервисов на Python и фреймворке Flask.</li>
    <li>Проектирование архитектуры базы данных Redis и оптимизация сложных аналитических запросов.</li>
    <li>Контейнеризация и настройка пайплайнов деплоя с использованием Docker и Kubernetes.</li></ul>
    <h3>Требования:</h3><ul><li>Опыт работы с технологиями: Kubernetes, Go, ClickHouse.</li>
    <li>Понимание принципов чистого кода, SOLID и микросервисной архитектуры.</li>
    <li>Умение работать в Agile/Scrum команде.</li></ul>
    <h3>Мы предлагаем:</h3><ul><li>Конкурентная зарплата, гибкий график, ДМС и возможность удаленной работы.</li></ul>"
90001037,IT Компания: Стажер-разработчик Python,Нет опыта,noExperience,,,RUR,fullDay,"[""REST API"", ""Git"", ""Go"", ""Python"", ""PostgreSQL""]","<h3>О проекте:</h3><p>Мы разрабатываем высоконагруженную платформу автоматизации аналитики и бизнес-процессов.</p>
    <h3>Обязанности:</h3><ul><li>Разработка микросервисов на Go и фреймворке Flask.</li>
    <li>Проектирование архитектуры базы данных PostgreSQL и оптимизация сложных аналитических запросов.</li>
    <li>Контейнеризация и настройка пайплайнов деплоя с использованием Docker.</li></ul>
    <h3>Требования:</h3><ul><li>Опыт работы с технологиями: REST API, Git, Go, Python, PostgreSQL.</li>
    <li>Понимание принципов чистого кода, SOLID и микросервисной архитектуры.</li>
    <li>Умение работать в Agile/Scrum команде.</li></ul>
    <h3>Мы предлагаем:</h3><ul><li>Конкурентная зарплата, гибкий график, ДМС и возможность удаленной работы.</li></ul>"
90001038,Senior Python Developer,От 3 до 6 лет,between3And6,260000,405000,RUR,remote,"[""Linux"", ""Go"", ""Docker"", ""Kubernetes"", ""ClickHouse"", ""RabbitMQ""]","<h3>О проекте:</h3><p>Мы разрабатываем высоконагруженную платформу автоматизации аналитики и бизнес-процессов.</p>
    <h3>Обязанности:</h3><ul><li>Разработка микросервисов на Go и фреймворке Flask.</li>
    <li>Проектирование архитектуры базы данных Redis и оптимизация сложных аналитических запросов.</li>
    <li>Контейнеризация и настройка пайплайнов деплоя с использованием Docker и Kubernetes.</li></ul>
    <h3>Требования:</h3><ul><li>Опыт работы с технологиями: Linux, Go, Docker, Kubernetes, ClickHouse, RabbitMQ.</li>
    <li>Понимание принципов чистого кода, SOLID и микросервисной архитектуры.</li>
    <li>Умение работать в Agile/Scrum команде.</li></ul>
    <h3>Мы предлагаем:</h3><ul><li>Конкурентная зарплата, гибкий график, ДМС и возможность удаленной работы.</li></ul>"
90001039,Удаленно: Lead / Senior Backend Engineer (Go / Python),Более 6 лет,moreThan6,325000,515000,RUR,fullDay,"[""FastAPI"", ""Microservices"", ""CI/CD"", ""Go"", ""ClickHouse"", ""PostgreSQL""]","<p>В финтех направление открыта вакансия Удаленно: Lead / Senior Backend Engineer (Go / Python).</p>
    <p><strong>Задачи:</strong></p><ul><li>Создание масштабируемых сервисов с низким latency.</li>
    <li>Интеграция с платежными шлюзами и внешними API.</li><li>Написание юнит и интеграционных тестов.</li></ul>
    <p><strong>Стек:</strong> FastAPI, Microservices, CI/CD, Go, ClickHouse, PostgreSQL.</p>
    <p><strong>Условия:</strong> полностью белая зарплата, техника на выбор, дружная инженерная культура.</p>"
90001040,Ищем: Tech Lead (Python / FastAPI / Highload),Более 6 лет,moreThan6,405000,635000,RUR,fullDay,"[""FastAPI"", ""Redis"", ""Linux"", ""Microservices"", ""ClickHouse""]","<p>В финтех направление открыта вакансия Ищем: Tech Lead (Python / FastAPI / Highload).</p>
    <p><strong>Задачи:</strong></p><ul><li>Создание масштабируемых сервисов с низким latency.</li>
    <li>Интеграция с платежными шлюзами и внешними API.</li><li>Написание юнит и интеграционных тестов.</li></ul>
    <p><strong>Стек:</strong> FastAPI, Redis, Linux, Microservices, ClickHouse.</p>
    <p><strong>Условия:</strong> полностью белая зарплата, техника на выбор, дружная инженерная культура.</p>"
90001041,Senior DevOps / SRE Engineer,От 3 до 6 лет,between3And6,330000,510000,RUR,flexible,"[""FastAPI"", ""Linux"", ""CI/CD"", ""Docker"", ""Kubernetes"", ""ClickHouse"", ""PostgreSQL""]","<h3>О проекте:</h3><p>Мы разрабатываем высоконагруженную платформу автоматизации аналитики и бизнес-процессов.</p>
    <h3>Обязанности:</h3><ul><li>Разработка микросервисов на Python и фреймворке FastAPI.</li>
    <li>Проектирование архитектуры базы данных PostgreSQL и оптимизация сложных аналитических запросов.</li>
    <li>Контейнеризация и настройка пайплайнов деплоя с использованием Docker и Kubernetes.</li></ul>
    <h3>Требования:</h3><ul><li>Опыт работы с технологиями: FastAPI, Linux, CI/CD, Docker, Kubernetes, ClickHouse, PostgreSQL.</li>
    <li>Понимание принципов чистого кода, SOLID и микросервисной архитектуры.</li>
    <li>Умение работать в Agile/Scrum команде.</li></ul>
    <h3>Мы предлагаем:</h3><ul><li>Конкурентная зарплата, гибкий график, ДМС и возможность удаленной работы.</li></ul>"
90001042,Senior Python Developer,От 3 до 6 лет,between3And6,,,RUR,remote,"[""FastAPI"", ""Microservices"", ""Go"", ""Celery"", ""Python"", ""Kafka"", ""PostgreSQL""]","<h3>О проекте:</h3><p>Мы разрабатываем высоконагруженную платформу автоматизации аналитики и бизнес-процессов.</p>
    <h3>Обязанности:</h3><ul><li>Разработка микросервисов на Go и фреймворке FastAPI.</li>
    <li>Проектирование архитектуры базы данных PostgreSQL и оптимизация сложных аналитических запросов.</li>
    <li>Контейнеризация и настройка пайплайнов деплоя с использованием Docker.</li></ul>
    <h3>Требования:</h3><ul><li>Опыт работы с технологиями: FastAPI, Microservices, Go, Celery, Python, Kafka, PostgreSQL.</li>
    <li>Понимание принципов чистого кода, SOLID и микросервисной архитектуры.</li>
    <li>Умение работать в Agile/Scrum команде.</li></ul>
    <h3>Мы предлагаем:</h3><ul><li>Конкурентная зарплата, гибкий график, ДМС и возможность удаленной работы.</li></ul>"
90001043,Разработчик Python,От 1 года до 3 лет,between1And3,,,RUR,remote,"[""REST API"", ""Linux"", ""Microservices"", ""Python"", ""Django"", ""PostgreSQL""]","<p>В финтех направление открыта вакансия Разработчик Python.</p>
    <p><strong>Задачи:</strong></p><ul><li>Создание масштабируемых сервисов с низким latency.</li>
    <li>Интеграция с платежными шлюзами и внешними API.</li><li>Написание юнит и интеграционных тестов.</li></ul>
    <p><strong>Стек:</strong> REST API, Linux, Microservices, Python, Django, PostgreSQL.</p>
    <p><strong>Условия:</strong> полностью белая зарплата, техника на выбор, дружная инженерная культура.</p>"
90001044,Data Engineer,От 3 до 6 лет,between3And6,,,RUR,remote,"[""FastAPI"", ""CI/CD"", ""Docker"", ""Python"", ""Kubernetes"", ""PostgreSQL""]","<h3>О проекте:</h3><p>Мы разрабатываем высоконагруженную платформу автоматизации аналитики и бизнес-процессов.</p>
    <h3>Обязанности:</h3><ul><li>Разработка микросервисов на Python и фреймворке FastAPI.</li>
    <li>Проектирование архитектуры базы данных PostgreSQL и оптимизация сложных аналитических запросов.</li>
    <li>Контейнеризация и настройка пайплайнов деплоя с использованием Docker и Kubernetes.</li></ul>
    <h3>Требования:</h3><ul><li>Опыт работы с технологиями: FastAPI, CI/CD, Docker, Python, Kubernetes, PostgreSQL.</li>
    <li>Понимание принципов чистого кода, SOLID и микросервисной архитектуры.</li>
    <li>Умение работать в Agile/Scrum команде.</li></ul>
    <h3>Мы предлагаем:</h3><ul><li>Конкурентная зарплата, гибкий график, ДМС и возможность удаленной работы.</li></ul>"
90001045,Удаленно: Middle Go Engineer (Микросервисы),От 3 до 6 лет,between3And6,210000,320000,RUR,fullDay,"[""FastAPI"", ""CI/CD"", ""Go"", ""SQLAlchemy"", ""Python""]","<h3>О проекте:</h3><p>Мы разрабатываем высоконагруженную платформу автоматизации аналитики и бизнес-процессов.</p>
    <h3>Обязанности:</h3><ul><li>Разработка микросервисов на Go и фреймворке FastAPI.</li>
    <li>Проектирование архитектуры базы данных Redis и оптимизация сложных аналитических запросов.</li>
    <li>Контейнеризация и настройка пайплайнов деплоя с использованием Docker.</li></ul>
    <h3>Требования:</h3><ul><li>Опыт работы с технологиями: FastAPI, CI/CD, Go, SQLAlchemy, Python.</li>
    <li>Понимание принципов чистого кода, SOLID и микросервисной архитектуры.</li>
    <li>Умение работать в Agile/Scrum команде.</li></ul>
    <h3>Мы предлагаем:</h3><ul><li>Конкурентная зарплата, гибкий график, ДМС и возможность удаленной работы.</li></ul>"
90001046,Удаленно: Middle Data Engineer,От 3 до 6 лет,between3And6,170000,,RUR,remote,"[""Redis"", ""Go"", ""SQLAlchemy"", ""Asyncio"", ""RabbitMQ""]","<h3>О проекте:</h3><p>Мы разрабатываем высоконагруженную платформу автоматизации аналитики и бизнес-процессов.</p>
    <h3>Обязанности:</h3><ul><li>Разработка микросервисов на Python и фреймворке Flask.</li>
    <li>Проектирование архитектуры базы данных Redis и оптимизация сложных аналитических запросов.</li>
    <li>Контейнеризация и настройка пайплайнов деплоя с использованием Docker.</li></ul>
    <h3>Требования:</h3><ul><li>Опыт работы с технологиями: Redis, Go, SQLAlchemy, Asyncio, RabbitMQ.</li>
    <li>Понимание принципов чистого кода, SOLID и микросервисной архитектуры.</li>
    <li>Умение работать в Agile/Scrum команде.</li></ul>
    <h3>Мы предлагаем:</h3><ul><li>Конкурентная зарплата, гибкий график, ДМС и возможность удаленной работы.</li></ul>"
90001047,IT Компания: Senior Data Engineer / Architect,Более 6 лет,moreThan6,,,RUR,remote,"[""Microservices"", ""CI/CD"", ""SQLAlchemy"", ""Python"", ""Kubernetes""]","<p>В финтех направление открыта вакансия IT Компания: Senior Data Engineer / Architect.</p>
    <p><strong>Задачи:</strong></p><ul><li>Создание масштабируемых сервисов с низким latency.</li>
    <li>Интеграция с платежными шлюзами и внешними API.</li><li>Написание юнит и интеграционных тестов.</li></ul>
    <p><strong>Стек:</strong> Microservices, CI/CD, SQLAlchemy, Python, Kubernetes.</p>
    <p><strong>Условия:</strong> полностью белая зарплата, техника на выбор, дружная инженерная культура.</p>"
90001048,Data Engineer,От 1 года до 3 лет,between1And3,370000,585000,RUR,remote,"[""FastAPI"", ""Microservices"", ""Docker"", ""Celery"", ""Python"", ""Kafka""]","<p>В финтех направление открыта вакансия Data Engineer.</p>
    <p><strong>Задачи:</strong></p><ul><li>Создание масштабируемых сервисов с низким latency.</li>
    <li>Интеграция с платежными шлюзами и внешними API.</li><li>Написание юнит и интеграционных тестов.</li></ul>
    <p><strong>Стек:</strong> FastAPI, Microservices, Docker, Celery, Python, Kafka.</p>
    <p><strong>Условия:</strong> полностью белая зарплата, техника на выбор, дружная инженерная культура.</p>"
90001049,Ищем: Lead / Senior Backend Engineer (Go / Python),Более 6 лет,moreThan6,,,RUR,remote,"[""Git"", ""FastAPI"", ""Go"", ""Python"", ""Asyncio"", ""Kubernetes"", ""ClickHouse"", ""RabbitMQ""]","<h3>О проекте:</h3><p>Мы разрабатываем высоконагруженную платформу автоматизации аналитики и бизнес-процессов.</p>
    <h3>Обязанности:</h3><ul><li>Разработка микросервисов на Go и фреймворке FastAPI.</li>
    <li>Проектирование архитектуры базы данных Redis и оптимизация сложных аналитических запросов.</li>
    <li>Контейнеризация и настройка пайплайнов деплоя с использованием Docker и Kubernetes.</li></ul>
    <h3>Требования:</h3><ul><li>Опыт работы с технологиями: Git, FastAPI, Go, Python, Asyncio, Kubernetes, ClickHouse, RabbitMQ.</li>
    <li>Понимание принципов чистого кода, SOLID и микросервисной архитектуры.</li>
    <li>Умение работать в Agile/Scrum команде.</li></ul>
    <h3>Мы предлагаем:</h3><ul><li>Конкурентная зарплата, гибкий график, ДМС и возможность удаленной работы.</li></ul>"
90001050,IT Компания: Senior Golang Developer,От 1 года до 3 лет,between1And3,,,RUR,flexible,"[""FastAPI"", ""Microservices"", ""Kafka"", ""CI/CD"", ""Kubernetes"", ""PostgreSQL""]","<h3>О проекте:</h3><p>Мы разрабатываем высоконагруженную платформу автоматизации аналитики и бизнес-процессов.</p>
    <h3>Обязанности:</h3><ul><li>Разработка микросервисов на Python и фреймворке FastAPI.</li>
    <li>Проектирование архитектуры базы данных PostgreSQL и оптимизация сложных аналитических запросов.</li>
    <li>Контейнеризация и настройка пайплайнов деплоя с использованием Docker и Kubernetes.</li></ul>
    <h3>Требования:</h3><ul><li>Опыт работы с технологиями: FastAPI, Microservices, Kafka, CI/CD, Kubernetes, PostgreSQL.</li>
    <li>Понимание принципов чистого кода, SOLID и микросервисной архитектуры.</li>
    <li>Умение работать в Agile/Scrum команде.</li></ul>
    <h3>Мы предлагаем:</h3><ul><li>Конкурентная зарплата, гибкий график, ДМС и возможность удаленной работы.</li></ul>"
90001051,Lead / Senior Backend Engineer (Go / Python),Более 6 лет,moreThan6,390000,610000,RUR,remote,"[""FastAPI"", ""Microservices"", ""CI/CD"", ""Go"", ""Docker"", ""ClickHouse""]","<p>В финтех направление открыта вакансия Lead / Senior Backend Engineer (Go / Python).</p>
    <p><strong>Задачи:</strong></p><ul><li>Создание масштабируемых сервисов с низким latency.</li>
    <li>Интеграция с платежными шлюзами и внешними API.</li><li>Написание юнит и интеграционных тестов.</li></ul>
    <p><strong>Стек:</strong> FastAPI, Microservices, CI/CD, Go, Docker, ClickHouse.</p>
    <p><strong>Условия:</strong> полностью белая зарплата, техника на выбор, дружная инженерная культура.</p>"
90001052,Tech Lead (Python / FastAPI / Highload),От 1 года до 3 лет,between1And3,380000,600000,RUR,remote,"[""Microservices"", ""ClickHouse"", ""FastAPI""]","<h3>О проекте:</h3><p>Мы разрабатываем высоконагруженную платформу автоматизации аналитики и бизнес-процессов.</p>
    <h3>Обязанности:</h3><ul><li>Разработка микросервисов на Python и фреймворке FastAPI.</li>
    <li>Проектирование архитектуры базы данных Redis и оптимизация сложных аналитических запросов.</li>
    <li>Контейнеризация и настройка пайплайнов деплоя с использованием Docker.</li></ul>
    <h3>Требования:</h3><ul><li>Опыт работы с технологиями: Microservices, ClickHouse, FastAPI.</li>
    <li>Понимание принципов чистого кода, SOLID и микросервисной архитектуры.</li>
    <li>Умение работать в Agile/Scrum команде.</li></ul>
    <h3>Мы предлагаем:</h3><ul><li>Конкурентная зарплата, гибкий график, ДМС и возможность удаленной работы.</li></ul>"
90001053,Python Backend Engineer,От 1 года до 3 лет,between1And3,150000,235000,RUR,remote,"[""Git"", ""Redis"", ""Microservices"", ""Docker"", ""Python"", ""RabbitMQ""]","<h3>О проекте:</h3><p>Мы разрабатываем высоконагруженную платформу автоматизации аналитики и бизнес-процессов.</p>
    <h3>Обязанности:</h3><ul><li>Разработка микросервисов на Python и фреймворке Flask.</li>
    <li>Проектирование архитектуры базы данных Redis и оптимизация сложных аналитических запросов.</li>
    <li>Контейнеризация и настройка пайплайнов деплоя с использованием Docker.</li></ul>
    <h3>Требования:</h3><ul><li>Опыт работы с технологиями: Git, Redis, Microservices, Docker, Python, RabbitMQ.</li>
    <li>Понимание принципов чистого кода, SOLID и микросервисной архитектуры.</li>
    <li>Умение работать в Agile/Scrum команде.</li></ul>
    <h3>Мы предлагаем:</h3><ul><li>Конкурентная зарплата, гибкий график, ДМС и возможность удаленной работы.</li></ul>"
90001054,Software Engineer,Нет опыта,noExperience,40000,75000,RUR,remote,"[""Linux"", ""CI/CD"", ""Go"", ""Django"", ""PostgreSQL""]","<h3>О проекте:</h3><p>Мы разрабатываем высоконагруженную платформу автоматизации аналитики и бизнес-процессов.</p>
    <h3>Обязанности:</h3><ul><li>Разработка микросервисов на Python и фреймворке Django.</li>
    <li>Проектирование архитектуры базы данных PostgreSQL и оптимизация сложных аналитических запросов.</li>
    <li>Контейнеризация и настройка пайплайнов деплоя с использованием Docker.</li></ul>
    <h3>Требования:</h3><ul><li>Опыт работы с технологиями: Linux, CI/CD, Go, Django, PostgreSQL.</li>
    <li>Понимание принципов чистого кода, SOLID и микросервисной архитектуры.</li>
    <li>Умение работать в Agile/Scrum команде.</li></ul>
    <h3>Мы предлагаем:</h3><ul><li>Конкурентная зарплата, гибкий график, ДМС и возможность удаленной работы.</li></ul>"
90001055,IT Компания: Middle Python Developer,От 1 года до 3 лет,between1And3,150000,240000,RUR,remote,"[""PostgreSQL"", ""SQLAlchemy"", ""Redis""]","<p>В финтех направление открыта вакансия IT Компания: Middle Python Developer.</p>
    <p><strong>Задачи:</strong></p><ul><li>Создание масштабируемых сервисов с низким latency.</li>
    <li>Интеграция с платежными шлюзами и внешними API.</li><li>Написание юнит и интеграционных тестов.</li></ul>
    <p><strong>Стек:</strong> PostgreSQL, SQLAlchemy, Redis.</p>
    <p><strong>Условия:</strong> полностью белая зарплата, техника на выбор, дружная инженерная культура.</p>"
90001056,Backend Engineer,От 3 до 6 лет,between3And6,,,RUR,remote,"[""Asyncio"", ""Django"", ""Git"", ""Python""]","<p>В финтех направление открыта вакансия Backend Engineer.</p>
    <p><strong>Задачи:</strong></p><ul><li>Создание масштабируемых сервисов с низким latency.</li>
    <li>Интеграция с платежными шлюзами и внешними API.</li><li>Написание юнит и интеграционных тестов.</li></ul>
    <p><strong>Стек:</strong> Asyncio, Django, Git, Python.</p>
    <p><strong>Условия:</strong> полностью белая зарплата, техника на выбор, дружная инженерная культура.</p>"
90001057,Junior Backend Engineer (FastAPI),От 1 года до 3 лет,between1And3,60000,95000,RUR,fullDay,"[""REST API"", ""Git"", ""Go""]","<h3>О проекте:</h3><p>Мы разрабатываем высоконагруженную платформу автоматизации аналитики и бизнес-процессов.</p>
    <h3>Обязанности:</h3><ul><li>Разработка микросервисов на Python и фреймворке Flask.</li>
    <li>Проектирование архитектуры базы данных Redis и оптимизация сложных аналитических запросов.</li>
    <li>Контейнеризация и настройка пайплайнов деплоя с использованием Docker.</li></ul>
    <h3>Требования:</h3><ul><li>Опыт работы с технологиями: REST API, Git, Go.</li>
    <li>Понимание принципов чистого кода, SOLID и микросервисной архитектуры.</li>
    <li>Умение работать в Agile/Scrum команде.</li></ul>
    <h3>Мы предлагаем:</h3><ul><li>Конкурентная зарплата, гибкий график, ДМС и возможность удаленной работы.</li></ul>"
90001058,"Ищем: Middle DevOps Engineer (Docker, K8s)",Более 6 лет,moreThan6,,,RUR,fullDay,"[""Git"", ""Django"", ""Go"", ""Kafka"", ""Kubernetes""]","<h3>О проекте:</h3><p>Мы разрабатываем высоконагруженную платформу автоматизации аналитики и бизнес-процессов.</p>
    <h3>Обязанности:</h3><ul><li>Разработка микросервисов на Go и фреймворке Django.</li>
    <li>Проектирование архитектуры базы данных Redis и оптимизация сложных аналитических запросов.</li>
    <li>Контейнеризация и настройка пайплайнов деплоя с использованием Docker и Kubernetes.</li></ul>
    <h3>Требования:</h3><ul><li>Опыт работы с технологиями: Git, Django, Go, Kafka, Kubernetes.</li>
    <li>Понимание принципов чистого кода, SOLID и микросервисной архитектуры.</li>
    <li>Умение работать в Agile/Scrum команде.</li></ul>
    <h3>Мы предлагаем:</h3><ul><li>Конкурентная зарплата, гибкий график, ДМС и возможность удаленной работы.</li></ul>"
90001059,Ищем: Senior Golang Developer,От 3 до 6 лет,between3And6,355000,535000,RUR,remote,"[""REST API"", ""Microservices"", ""Go"", ""Docker"", ""Kafka""]","<p>В финтех направление открыта вакансия Ищем: Senior Golang Developer.</p>
    <p><strong>Задачи:</strong></p><ul><li>Создание масштабируемых сервисов с низким latency.</li>
    <li>Интеграция с платежными шлюзами и внешними API.</li><li>Написание юнит и интеграционных тестов.</li></ul>
    <p><strong>Стек:</strong> REST API, Microservices, Go, Docker, Kafka.</p>
    <p><strong>Условия:</strong> полностью белая зарплата, техника на выбор, дружная инженерная культура.</p>"
90001060,Lead / Senior Backend Engineer (Go / Python),Более 6 лет,moreThan6,275000,430000,RUR,fullDay,"[""FastAPI"", ""Microservices"", ""Go"", ""Asyncio"", ""ClickHouse"", ""PostgreSQL""]","<h3>О проекте:</h3><p>Мы разрабатываем высоконагруженную платформу автоматизации аналитики и бизнес-процессов.</p>
    <h3>Обязанности:</h3><ul><li>Разработка микросервисов на Go и фреймворке FastAPI.</li>
    <li>Проектирование архитектуры базы данных PostgreSQL и оптимизация сложных аналитических запросов.</li>
    <li>Контейнеризация и настройка пайплайнов деплоя с использованием Docker.</li></ul>
    <h3>Требования:</h3><ul><li>Опыт работы с технологиями: FastAPI, Microservices, Go, Asyncio, ClickHouse, PostgreSQL.</li>
    <li>Понимание принципов чистого кода, SOLID и микросервисной архитектуры.</li>
    <li>Умение работать в Agile/Scrum команде.</li></ul>
    <h3>Мы предлагаем:</h3><ul><li>Конкурентная зарплата, гибкий график, ДМС и возможность удаленной работы.</li></ul>"
90001061,Golang Developer (Middle),От 3 до 6 лет,between3And6,180000,275000,RUR,fullDay,"[""Git"", ""Go"", ""Docker"", ""Django"", ""PostgreSQL""]","<p>В финтех направление открыта вакансия Golang Developer (Middle).</p>
    <p><strong>Задачи:</strong></p><ul><li>Создание масштабируемых сервисов с низким latency.</li>
    <li>Интеграция с платежными шлюзами и внешними API.</li><li>Написание юнит и интеграционных тестов.</li></ul>
    <p><strong>Стек:</strong> Git, Go, Docker, Django, PostgreSQL.</p>
    <p><strong>Условия:</strong> полностью белая зарплата, техника на выбор, дружная инженерная культура.</p>"
90001062,Удаленно: Senior Data Engineer / Architect,Более 6 лет,moreThan6,,,RUR,remote,"[""FastAPI"", ""Django"", ""Docker"", ""Python"", ""Asyncio"", ""Kafka"", ""PostgreSQL"", ""Kubernetes""]","<p>В финтех направление открыта вакансия Удаленно: Senior Data Engineer / Architect.</p>
    <p><strong>Задачи:</strong></p><ul><li>Создание масштабируемых сервисов с низким latency.</li>
    <li>Интеграция с платежными шлюзами и внешними API.</li><li>Написание юнит и интеграционных тестов.</li></ul>
    <p><strong>Стек:</strong> FastAPI, Django, Docker, Python, Asyncio, Kafka, PostgreSQL, Kubernetes.</p>
    <p><strong>Условия:</strong> полностью белая зарплата, техника на выбор, дружная инженерная культура.</p>"
90001063,Fullstack Developer (Python / Vue.js),От 1 года до 3 лет,between1And3,140000,225000,RUR,fullDay,"[""Git"", ""SQLAlchemy"", ""Python"", ""Kubernetes"", ""PostgreSQL""]","<h3>О проекте:</h3><p>Мы разрабатываем высоконагруженную платформу автоматизации аналитики и бизнес-процессов.</p>
    <h3>Обязанности:</h3><ul><li>Разработка микросервисов на Python и фреймворке Flask.</li>
    <li>Проектирование архитектуры базы данных PostgreSQL и оптимизация сложных аналитических запросов.</li>
    <li>Контейнеризация и настройка пайплайнов деплоя с использованием Docker и Kubernetes.</li></ul>
    <h3>Требования:</h3><ul><li>Опыт работы с технологиями: Git, SQLAlchemy, Python, Kubernetes, PostgreSQL.</li>
    <li>Понимание принципов чистого кода, SOLID и микросервисной архитектуры.</li>
    <li>Умение работать в Agile/Scrum команде.</li></ul>
    <h3>Мы предлагаем:</h3><ul><li>Конкурентная зарплата, гибкий график, ДМС и возможность удаленной работы.</li></ul>"
90001064,Junior Go / Golang Developer,Нет опыта,noExperience,65000,105000,RUR,fullDay,"[""Git"", ""REST API"", ""Pytest"", ""Python"", ""Asyncio"", ""Django"", ""PostgreSQL""]","<h3>О проекте:</h3><p>Мы разрабатываем высоконагруженную платформу автоматизации аналитики и бизнес-процессов.</p>
    <h3>Обязанности:</h3><ul><li>Разработка микросервисов на Python и фреймворке Django.</li>
    <li>Проектирование архитектуры базы данных PostgreSQL и оптимизация сложных аналитических запросов.</li>
    <li>Контейнеризация и настройка пайплайнов деплоя с использованием Docker.</li></ul>
    <h3>Требования:</h3><ul><li>Опыт работы с технологиями: Git, REST API, Pytest, Python, Asyncio, Django, PostgreSQL.</li>
    <li>Понимание принципов чистого кода, SOLID и микросервисной архитектуры.</li>
    <li>Умение работать в Agile/Scrum команде.</li></ul>
    <h3>Мы предлагаем:</h3><ul><li>Конкурентная зарплата, гибкий график, ДМС и возможность удаленной работы.</li></ul>"
90001065,Удаленно: Golang Developer (Middle),От 1 года до 3 лет,between1And3,215000,325000,RUR,flexible,"[""FastAPI"", ""Go"", ""Docker"", ""Python"", ""Django""]","<h3>О проекте:</h3><p>Мы разрабатываем высоконагруженную платформу автоматизации аналитики и бизнес-процессов.</p>
    <h3>Обязанности:</h3><ul><li>Разработка микросервисов на Python и фреймворке FastAPI.</li>
    <li>Проектирование архитектуры базы данных Redis и оптимизация сложных аналитических запросов.</li>
    <li>Контейнеризация и настройка пайплайнов деплоя с использованием Docker.</li></ul>
    <h3>Требования:</h3><ul><li>Опыт работы с технологиями: FastAPI, Go, Docker, Python, Django.</li>
    <li>Понимание принципов чистого кода, SOLID и микросервисной архитектуры.</li>
    <li>Умение работать в Agile/Scrum команде.</li></ul>
    <h3>Мы предлагаем:</h3><ul><li>Конкурентная зарплата, гибкий график, ДМС и возможность удаленной работы.</li></ul>"
90001066,"Senior Backend Architect (Go, PostgreSQL, Kafka)",Более 6 лет,moreThan6,390000,580000,RUR,fullDay,"[""Microservices"", ""REST API"", ""Docker""]","<h3>О проекте:</h3><p>Мы разрабатываем высоконагруженную платформу автоматизации аналитики и бизнес-процессов.</p>
    <h3>Обязанности:</h3><ul><li>Разработка микросервисов на Python и фреймворке Flask.</li>
    <li>Проектирование архитектуры базы данных Redis и оптимизация сложных аналитических запросов.</li>
    <li>Контейнеризация и настройка пайплайнов деплоя с использованием Docker.</li></ul>
    <h3>Требования:</h3><ul><li>Опыт работы с технологиями: Microservices, REST API, Docker.</li>
    <li>Понимание принципов чистого кода, SOLID и микросервисной архитектуры.</li>
    <li>Умение работать в Agile/Scrum команде.</li></ul>
    <h3>Мы предлагаем:</h3><ul><li>Конкурентная зарплата, гибкий график, ДМС и возможность удаленной работы.</li></ul>"
90001067,Python Backend Engineer,От 1 года до 3 лет,between1And3,195000,305000,RUR,remote,"[""Linux"", ""FastAPI"", ""SQLAlchemy"", ""Python"", ""Kafka""]","<p>В финтех направление открыта вакансия Python Backend Engineer.</p>
    <p><strong>Задачи:</strong></p><ul><li>Создание масштабируемых сервисов с низким latency.</li>
    <li>Интеграция с платежными шлюзами и внешними API.</li><li>Написание юнит и интеграционных тестов.</li></ul>
    <p><strong>Стек:</strong> Linux, FastAPI, SQLAlchemy, Python, Kafka.</p>
    <p><strong>Условия:</strong> полностью белая зарплата, техника на выбор, дружная инженерная культура.</p>"
90001068,"Senior Backend Architect (Go, PostgreSQL, Kafka)",Более 6 лет,moreThan6,,,RUR,remote,"[""Microservices"", ""Kafka"", ""PostgreSQL""]","<p>В финтех направление открыта вакансия Senior Backend Architect (Go, PostgreSQL, Kafka).</p>
    <p><strong>Задачи:</strong></p><ul><li>Создание масштабируемых сервисов с низким latency.</li>
    <li>Интеграция с платежными шлюзами и внешними API.</li><li>Написание юнит и интеграционных тестов.</li></ul>
    <p><strong>Стек:</strong> Microservices, Kafka, PostgreSQL.</p>
    <p><strong>Условия:</strong> полностью белая зарплата, техника на выбор, дружная инженерная культура.</p>"
90001069,Junior Go / Golang Developer,Нет опыта,noExperience,70000,120000,RUR,fullDay,"[""Git"", ""Linux"", ""Go"", ""Docker"", ""Django"", ""PostgreSQL""]","<h3>О проекте:</h3><p>Мы разрабатываем высоконагруженную платформу автоматизации аналитики и бизнес-процессов.</p>
    <h3>Обязанности:</h3><ul><li>Разработка микросервисов на Python и фреймворке Django.</li>
    <li>Проектирование архитектуры базы данных PostgreSQL и оптимизация сложных аналитических запросов.</li>
    <li>Контейнеризация и настройка пайплайнов деплоя с использованием Docker.</li></ul>
    <h3>Требования:</h3><ul><li>Опыт работы с технологиями: Git, Linux, Go, Docker, Django, PostgreSQL.</li>
    <li>Понимание принципов чистого кода, SOLID и микросервисной архитектуры.</li>
    <li>Умение работать в Agile/Scrum команде.</li></ul>
    <h3>Мы предлагаем:</h3><ul><li>Конкурентная зарплата, гибкий график, ДМС и возможность удаленной работы.</li></ul>"
90001070,Стажер-разработчик Python,Нет опыта,noExperience,30000,,RUR,fullDay,"[""REST API"", ""CI/CD"", ""Linux"", ""Redis""]","<h3>О проекте:</h3><p>Мы разрабатываем высоконагруженную платформу автоматизации аналитики и бизнес-процессов.</p>
    <h3>Обязанности:</h3><ul><li>Разработка микросервисов на Python и фреймворке Flask.</li>
    <li>Проектирование архитектуры базы данных Redis и оптимизация сложных аналитических запросов.</li>
    <li>Контейнеризация и настройка пайплайнов деплоя с использованием Docker.</li></ul>
    <h3>Требования:</h3><ul><li>Опыт работы с технологиями: REST API, CI/CD, Linux, Redis.</li>
    <li>Понимание принципов чистого кода, SOLID и микросервисной архитектуры.</li>
    <li>Умение работать в Agile/Scrum команде.</li></ul>
    <h3>Мы предлагаем:</h3><ul><li>Конкурентная зарплата, гибкий график, ДМС и возможность удаленной работы.</li></ul>"
90001071,Ведущий разработчик Python,Более 6 лет,moreThan6,260000,405000,RUR,remote,"[""SQLAlchemy"", ""Python"", ""Kubernetes"", ""ClickHouse"", ""PostgreSQL""]","<p>В финтех направление открыта вакансия Ведущий разработчик Python.</p>
    <p><strong>Задачи:</strong></p><ul><li>Создание масштабируемых сервисов с низким latency.</li>
    <li>Интеграция с платежными шлюзами и внешними API.</li><li>Написание юнит и интеграционных тестов.</li></ul>
    <p><strong>Стек:</strong> SQLAlchemy, Python, Kubernetes, ClickHouse, PostgreSQL.</p>
    <p><strong>Условия:</strong> полностью белая зарплата, техника на выбор, дружная инженерная культура.</p>"
90001072,IT Компания: Python Backend Engineer,От 1 года до 3 лет,between1And3,135000,210000,RUR,remote,"[""Asyncio"", ""SQLAlchemy"", ""PostgreSQL"", ""Redis""]","<h3>О проекте:</h3><p>Мы разрабатываем высоконагруженную платформу автоматизации аналитики и бизнес-процессов.</p>
    <h3>Обязанности:</h3><ul><li>Разработка микросервисов на Python и фреймворке Flask.</li>
    <li>Проектирование архитектуры базы данных PostgreSQL и оптимизация сложных аналитических запросов.</li>
    <li>Контейнеризация и настройка пайплайнов деплоя с использованием Docker.</li></ul>
    <h3>Требования:</h3><ul><li>Опыт работы с технологиями: Asyncio, SQLAlchemy, PostgreSQL, Redis.</li>
    <li>Понимание принципов чистого кода, SOLID и микросервисной архитектуры.</li>
    <li>Умение работать в Agile/Scrum команде.</li></ul>
    <h3>Мы предлагаем:</h3><ul><li>Конкурентная зарплата, гибкий график, ДМС и возможность удаленной работы.</li></ul>"
90001073,"Backend Разработчик (Python, FastAPI, PostgreSQL)",От 1 года до 3 лет,between1And3,165000,260000,RUR,fullDay,"[""Git"", ""FastAPI"", ""Redis"", ""Asyncio""]","<h3>О проекте:</h3><p>Мы разрабатываем высоконагруженную платформу автоматизации аналитики и бизнес-процессов.</p>
    <h3>Обязанности:</h3><ul><li>Разработка микросервисов на Python и фреймворке FastAPI.</li>
    <li>Проектирование архитектуры базы данных Redis и оптимизация сложных аналитических запросов.</li>
    <li>Контейнеризация и настройка пайплайнов деплоя с использованием Docker.</li></ul>
    <h3>Требования:</h3><ul><li>Опыт работы с технологиями: Git, FastAPI, Redis, Asyncio.</li>
    <li>Понимание принципов чистого кода, SOLID и микросервисной архитектуры.</li>
    <li>Умение работать в Agile/Scrum команде.</li></ul>
    <h3>Мы предлагаем:</h3><ul><li>Конкурентная зарплата, гибкий график, ДМС и возможность удаленной работы.</li></ul>"
90001074,"Senior Backend Architect (Go, PostgreSQL, Kafka)",Более 6 лет,moreThan6,410000,,RUR,remote,"[""FastAPI"", ""CI/CD"", ""Go"", ""Docker"", ""Python"", ""PostgreSQL""]","<p>В финтех направление открыта вакансия Senior Backend Architect (Go, PostgreSQL, Kafka).</p>
    <p><strong>Задачи:</strong></p><ul><li>Создание масштабируемых сервисов с низким latency.</li>
    <li>Интеграция с платежными шлюзами и внешними API.</li><li>Написание юнит и интеграционных тестов.</li></ul>
    <p><strong>Стек:</strong> FastAPI, CI/CD, Go, Docker, Python, PostgreSQL.</p>
    <p><strong>Условия:</strong> полностью белая зарплата, техника на выбор, дружная инженерная культура.</p>"
90001075,Junior QA Automation (Python),От 3 до 6 лет,between3And6,75000,120000,RUR,flexible,"[""REST API"", ""Git"", ""Linux"", ""Python"", ""Kafka"", ""ClickHouse"", ""RabbitMQ""]","<h3>О проекте:</h3><p>Мы разрабатываем высоконагруженную платформу автоматизации аналитики и бизнес-процессов.</p>
    <h3>Обязанности:</h3><ul><li>Разработка микросервисов на Python и фреймворке Flask.</li>
    <li>Проектирование архитектуры базы данных Redis и оптимизация сложных аналитических запросов.</li>
    <li>Контейнеризация и настройка пайплайнов деплоя с использованием Docker.</li></ul>
    <h3>Требования:</h3><ul><li>Опыт работы с технологиями: REST API, Git, Linux, Python, Kafka, ClickHouse, RabbitMQ.</li>
    <li>Понимание принципов чистого кода, SOLID и микросервисной архитектуры.</li>
    <li>Умение работать в Agile/Scrum команде.</li></ul>
    <h3>Мы предлагаем:</h3><ul><li>Конкурентная зарплата, гибкий график, ДМС и возможность удаленной работы.</li></ul>"
90001076,Fullstack Developer (Python / Vue.js),От 1 года до 3 лет,between1And3,,245000,RUR,fullDay,"[""Redis"", ""CI/CD"", ""SQLAlchemy"", ""Python"", ""PostgreSQL""]","<h3>О проекте:</h3><p>Мы разрабатываем высоконагруженную платформу автоматизации аналитики и бизнес-процессов.</p>
    <h3>Обязанности:</h3><ul><li>Разработка микросервисов на Python и фреймворке Flask.</li>
    <li>Проектирование архитектуры базы данных PostgreSQL и оптимизация сложных аналитических запросов.</li>
    <li>Контейнеризация и настройка пайплайнов деплоя с использованием Docker.</li></ul>
    <h3>Требования:</h3><ul><li>Опыт работы с технологиями: Redis, CI/CD, SQLAlchemy, Python, PostgreSQL.</li>
    <li>Понимание принципов чистого кода, SOLID и микросервисной архитектуры.</li>
    <li>Умение работать в Agile/Scrum команде.</li></ul>
    <h3>Мы предлагаем:</h3><ul><li>Конкурентная зарплата, гибкий график, ДМС и возможность удаленной работы.</li></ul>"
90001077,Software Engineer,Нет опыта,noExperience,,,RUR,fullDay,"[""Git"", ""Django"", ""Pytest"", ""Linux""]","<h3>О проекте:</h3><p>Мы разрабатываем высоконагруженную платформу автоматизации аналитики и бизнес-процессов.</p>
    <h3>Обязанности:</h3><ul><li>Разработка микросервисов на Python и фреймворке Django.</li>
    <li>Проектирование архитектуры базы данных Redis и оптимизация сложных аналитических запросов.</li>
    <li>Контейнеризация и настройка пайплайнов деплоя с использованием Docker.</li></ul>
    <h3>Требования:</h3><ul><li>Опыт работы с технологиями: Git, Django, Pytest, Linux.</li>
    <li>Понимание принципов чистого кода, SOLID и микросервисной архитектуры.</li>
    <li>Умение работать в Agile/Scrum команде.</li></ul>
    <h3>Мы предлагаем:</h3><ul><li>Конкурентная зарплата, гибкий график, ДМС и возможность удаленной работы.</li></ul>"
90001078,Удаленно: Junior Go / Golang Developer,Нет опыта,noExperience,,,RUR,fullDay,"[""Django"", ""Pytest"", ""PostgreSQL"", ""RabbitMQ""]","<h3>О проекте:</h3><p>Мы разрабатываем высоконагруженную платформу автоматизации аналитики и бизнес-процессов.</p>
    <h3>Обязанности:</h3><ul><li>Разработка микросервисов на Python и фреймворке Django.</li>
    <li>Проектирование архитектуры базы данных PostgreSQL и оптимизация сложных аналитических запросов.</li>
    <li>Контейнеризация и настройка пайплайнов деплоя с использованием Docker.</li></ul>
    <h3>Требования:</h3><ul><li>Опыт работы с технологиями: Django, Pytest, PostgreSQL, RabbitMQ.</li>
    <li>Понимание принципов чистого кода, SOLID и микросервисной архитектуры.</li>
    <li>Умение работать в Agile/Scrum команде.</li></ul>
    <h3>Мы предлагаем:</h3><ul><li>Конкурентная зарплата, гибкий график, ДМС и возможность удаленной работы.</li></ul>"
90001079,IT Компания: Senior Python Developer,От 3 до 6 лет,between3And6,235000,370000,RUR,fullDay,"[""FastAPI"", ""Django"", ""Go"", ""Python"", ""Kafka"", ""Kubernetes""]","<p>В финтех направление открыта вакансия IT Компания: Senior Python Developer.</p>
    <p><strong>Задачи:</strong></p><ul><li>Создание масштабируемых сервисов с низким latency.</li>
    <li>Интеграция с платежными шлюзами и внешними API.</li><li>Написание юнит и интеграционных тестов.</li></ul>
    <p><strong>Стек:</strong> FastAPI, Django, Go, Python, Kafka, Kubernetes.</p>
    <p><strong>Условия:</strong> полностью белая зарплата, техника на выбор, дружная инженерная культура.</p>"
90001080,Ищем: Lead / Senior Backend Engineer (Go / Python),Более 6 лет,moreThan6,290000,455000,RUR,remote,"[""Git"", ""REST API"", ""Go"", ""Docker"", ""Python"", ""Kubernetes""]","<h3>О проекте:</h3><p>Мы разрабатываем высоконагруженную платформу автоматизации аналитики и бизнес-процессов.</p>
    <h3>Обязанности:</h3><ul><li>Разработка микросервисов на Python и фреймворке Flask.</li>
    <li>Проектирование архитектуры базы данных Redis и оптимизация сложных аналитических запросов.</li>
    <li>Контейнеризация и настройка пайплайнов деплоя с использованием Docker и Kubernetes.</li></ul>
    <h3>Требования:</h3><ul><li>Опыт работы с технологиями: Git, REST API, Go, Docker, Python, Kubernetes.</li>
    <li>Понимание принципов чистого кода, SOLID и микросервисной архитектуры.</li>
    <li>Умение работать в Agile/Scrum команде.</li></ul>
    <h3>Мы предлагаем:</h3><ul><li>Конкурентная зарплата, гибкий график, ДМС и возможность удаленной работы.</li></ul>"
90001081,Ищем: Trainee / Junior Data Engineer,Нет опыта,noExperience,,,RUR,flexible,"[""Git"", ""FastAPI"", ""Redis"", ""Python"", ""Django""]","<p>В финтех направление открыта вакансия Ищем: Trainee / Junior Data Engineer.</p>
    <p><strong>Задачи:</strong></p><ul><li>Создание масштабируемых сервисов с низким latency.</li>
    <li>Интеграция с платежными шлюзами и внешними API.</li><li>Написание юнит и интеграционных тестов.</li></ul>
    <p><strong>Стек:</strong> Git, FastAPI, Redis, Python, Django.</p>
    <p><strong>Условия:</strong> полностью белая зарплата, техника на выбор, дружная инженерная культура.</p>"
90001082,Удаленно: Middle Go Engineer (Микросервисы),От 3 до 6 лет,between3And6,,345000,RUR,flexible,"[""Redis"", ""Go"", ""Docker"", ""Python"", ""PostgreSQL""]","<h3>О проекте:</h3><p>Мы разрабатываем высоконагруженную платформу автоматизации аналитики и бизнес-процессов.</p>
    <h3>Обязанности:</h3><ul><li>Разработка микросервисов на Go и фреймворке Flask.</li>
    <li>Проектирование архитектуры базы данных PostgreSQL и оптимизация сложных аналитических запросов.</li>
    <li>Контейнеризация и настройка пайплайнов деплоя с использованием Docker.</li></ul>
    <h3>Требования:</h3><ul><li>Опыт работы с технологиями: Redis, Go, Docker, Python, PostgreSQL.</li>
    <li>Понимание принципов чистого кода, SOLID и микросервисной архитектуры.</li>
    <li>Умение работать в Agile/Scrum команде.</li></ul>
    <h3>Мы предлагаем:</h3><ul><li>Конкурентная зарплата, гибкий график, ДМС и возможность удаленной работы.</li></ul>"
90001083,Middle Python Developer,От 1 года до 3 лет,between1And3,145000,230000,RUR,fullDay,"[""FastAPI"", ""Docker"", ""Python"", ""Asyncio"", ""Django"", ""RabbitMQ""]","<h3>О проекте:</h3><p>Мы разрабатываем высоконагруженную платформу автоматизации аналитики и бизнес-процессов.</p>
    <h3>Обязанности:</h3><ul><li>Разработка микросервисов на Python и фреймворке FastAPI.</li>
    <li>Проектирование архитектуры базы данных Redis и оптимизация сложных аналитических запросов.</li>
    <li>Контейнеризация и настройка пайплайнов деплоя с использованием Docker.</li></ul>
    <h3>Требования:</h3><ul><li>Опыт работы с технологиями: FastAPI, Docker, Python, Asyncio, Django, RabbitMQ.</li>
    <li>Понимание принципов чистого кода, SOLID и микросервисной архитектуры.</li>
    <li>Умение работать в Agile/Scrum команде.</li></ul>
    <h3>Мы предлагаем:</h3><ul><li>Конкурентная зарплата, гибкий график, ДМС и возможность удаленной работы.</li></ul>"
90001084,"Удаленно: Middle DevOps Engineer (Docker, K8s)",Нет опыта,noExperience,210000,325000,RUR,remote,"[""Git"", ""FastAPI"", ""Redis"", ""Go"", ""Docker"", ""Python"", ""RabbitMQ""]","<h3>О проекте:</h3><p>Мы разрабатываем высоконагруженную платформу автоматизации аналитики и бизнес-процессов.</p>
    <h3>Обязанности:</h3><ul><li>Разработка микросервисов на Go и фреймворке FastAPI.</li>
    <li>Проектирование архитектуры базы данных Redis и оптимизация сложных аналитических запросов.</li>
    <li>Контейнеризация и настройка пайплайнов деплоя с использованием Docker.</li></ul>
    <h3>Требования:</h3><ul><li>Опыт работы с технологиями: Git, FastAPI, Redis, Go, Docker, Python, RabbitMQ.</li>
    <li>Понимание принципов чистого кода, SOLID и микросервисной архитектуры.</li>
    <li>Умение работать в Agile/Scrum команде.</li></ul>
    <h3>Мы предлагаем:</h3><ul><li>Конкурентная зарплата, гибкий график, ДМС и возможность удаленной работы.</li></ul>"
90001085,Удаленно: Middle Go Engineer (Микросервисы),От 3 до 6 лет,between3And6,170000,260000,RUR,remote,"[""Git"", ""SQLAlchemy"", ""Docker"", ""Python""]","<h3>О проекте:</h3><p>Мы разрабатываем высоконагруженную платформу автоматизации аналитики и бизнес-процессов.</p>
    <h3>Обязанности:</h3><ul><li>Разработка микросервисов на Python и фреймворке Flask.</li>
    <li>Проектирование архитектуры базы данных Redis и оптимизация сложных аналитических запросов.</li>
    <li>Контейнеризация и настройка пайплайнов деплоя с использованием Docker.</li></ul>
    <h3>Требования:</h3><ul><li>Опыт работы с технологиями: Git, SQLAlchemy, Docker, Python.</li>
    <li>Понимание принципов чистого кода, SOLID и микросервисной архитектуры.</li>
    <li>Умение работать в Agile/Scrum команде.</li></ul>
    <h3>Мы предлагаем:</h3><ul><li>Конкурентная зарплата, гибкий график, ДМС и возможность удаленной работы.</li></ul>"
90001086,Senior Golang Developer,От 3 до 6 лет,between3And6,,,RUR,remote,"[""SQLAlchemy"", ""Asyncio"", ""Kafka"", ""RabbitMQ"", ""Kubernetes""]","<p>В финтех направление открыта вакансия Senior Golang Developer.</p>
    <p><strong>Задачи:</strong></p><ul><li>Создание масштабируемых сервисов с низким latency.</li>
    <li>Интеграция с платежными шлюзами и внешними API.</li><li>Написание юнит и интеграционных тестов.</li></ul>
    <p><strong>Стек:</strong> SQLAlchemy, Asyncio, Kafka, RabbitMQ, Kubernetes.</p>
    <p><strong>Условия:</strong> полностью белая зарплата, техника на выбор, дружная инженерная культура.</p>"
90001087,IT Компания: Стажер-разработчик Python,Нет опыта,noExperience,,,RUR,fullDay,"[""Linux"", ""Redis"", ""Kafka"", ""Python"", ""Django"", ""PostgreSQL""]","<h3>О проекте:</h3><p>Мы разрабатываем высоконагруженную платформу автоматизации аналитики и бизнес-процессов.</p>
    <h3>Обязанности:</h3><ul><li>Разработка микросервисов на Python и фреймворке Django.</li>
    <li>Проектирование архитектуры базы данных PostgreSQL и оптимизация сложных аналитических запросов.</li>
    <li>Контейнеризация и настройка пайплайнов деплоя с использованием Docker.</li></ul>
    <h3>Требования:</h3><ul><li>Опыт работы с технологиями: Linux, Redis, Kafka, Python, Django, PostgreSQL.</li>
    <li>Понимание принципов чистого кода, SOLID и микросервисной архитектуры.</li>
    <li>Умение работать в Agile/Scrum команде.</li></ul>
    <h3>Мы предлагаем:</h3><ul><li>Конкурентная зарплата, гибкий график, ДМС и возможность удаленной работы.</li></ul>"
90001088,IT Компания: Python Backend Engineer,От 1 года до 3 лет,between1And3,185000,285000,RUR,remote,"[""FastAPI"", ""Redis"", ""SQLAlchemy"", ""Docker"", ""Asyncio"", ""PostgreSQL"", ""RabbitMQ""]","<h3>О проекте:</h3><p>Мы разрабатываем высоконагруженную платформу автоматизации аналитики и бизнес-процессов.</p>
    <h3>Обязанности:</h3><ul><li>Разработка микросервисов на Python и фреймворке FastAPI.</li>
    <li>Проектирование архитектуры базы данных PostgreSQL и оптимизация сложных аналитических запросов.</li>
    <li>Контейнеризация и настройка пайплайнов деплоя с использованием Docker.</li></ul>
    <h3>Требования:</h3><ul><li>Опыт работы с технологиями: FastAPI, Redis, SQLAlchemy, Docker, Asyncio, PostgreSQL, RabbitMQ.</li>
    <li>Понимание принципов чистого кода, SOLID и микросервисной архитектуры.</li>
    <li>Умение работать в Agile/Scrum команде.</li></ul>
    <h3>Мы предлагаем:</h3><ul><li>Конкурентная зарплата, гибкий график, ДМС и возможность удаленной работы.</li></ul>"
90001089,Удаленно: Junior Go / Golang Developer,Нет опыта,noExperience,65000,110000,RUR,flexible,"[""Git"", ""Microservices"", ""Go"", ""Celery"", ""Python"", ""Django"", ""PostgreSQL""]","<h3>О проекте:</h3><p>Мы разрабатываем высоконагруженную платформу автоматизации аналитики и бизнес-процессов.</p>
    <h3>Обязанности:</h3><ul><li>Разработка микросервисов на Go и фреймворке Django.</li>
    <li>Проектирование архитектуры базы данных PostgreSQL и оптимизация сложных аналитических запросов.</li>
    <li>Контейнеризация и настройка пайплайнов деплоя с использованием Docker.</li></ul>
    <h3>Требования:</h3><ul><li>Опыт работы с технологиями: Git, Microservices, Go, Celery, Python, Django, PostgreSQL.</li>
    <li>Понимание принципов чистого кода, SOLID и микросервисной архитектуры.</li>
    <li>Умение работать в Agile/Scrum команде.</li></ul>
    <h3>Мы предлагаем:</h3><ul><li>Конкурентная зарплата, гибкий график, ДМС и возможность удаленной работы.</li></ul>"
90001090,"Ищем: Senior Backend Architect (Go, PostgreSQL, Kafka)",Более 6 лет,moreThan6,,,RUR,remote,"[""Linux"", ""Redis"", ""SQLAlchemy"", ""Kubernetes"", ""ClickHouse""]","<h3>О проекте:</h3><p>Мы разрабатываем высоконагруженную платформу автоматизации аналитики и бизнес-процессов.</p>
    <h3>Обязанности:</h3><ul><li>Разработка микросервисов на Python и фреймворке Flask.</li>
    <li>Проектирование архитектуры базы данных Redis и оптимизация сложных аналитических запросов.</li>
    <li>Контейнеризация и настройка пайплайнов деплоя с использованием Docker и Kubernetes.</li></ul>
    <h3>Требования:</h3><ul><li>Опыт работы с технологиями: Linux, Redis, SQLAlchemy, Kubernetes, ClickHouse.</li>
    <li>Понимание принципов чистого кода, SOLID и микросервисной архитектуры.</li>
    <li>Умение работать в Agile/Scrum команде.</li></ul>
    <h3>Мы предлагаем:</h3><ul><li>Конкурентная зарплата, гибкий график, ДМС и возможность удаленной работы.</li></ul>"
90001091,Удаленно: Lead / Senior Backend Engineer (Go / Python),Более 6 лет,moreThan6,395000,615000,RUR,flexible,"[""Kubernetes"", ""CI/CD""]","<h3>О проекте:</h3><p>Мы разрабатываем высоконагруженную платформу автоматизации аналитики и бизнес-процессов.</p>
    <h3>Обязанности:</h3><ul><li>Разработка микросервисов на Python и фреймворке Flask.</li>
    <li>Проектирование архитектуры базы данных Redis и оптимизация сложных аналитических запросов.</li>
    <li>Контейнеризация и настройка пайплайнов деплоя с использованием Docker и Kubernetes.</li></ul>
    <h3>Требования:</h3><ul><li>Опыт работы с технологиями: Kubernetes, CI/CD.</li>
    <li>Понимание принципов чистого кода, SOLID и микросервисной архитектуры.</li>
    <li>Умение работать в Agile/Scrum команде.</li></ul>
    <h3>Мы предлагаем:</h3><ul><li>Конкурентная зарплата, гибкий график, ДМС и возможность удаленной работы.</li></ul>"
90001092,Middle Python Developer,От 1 года до 3 лет,between1And3,,,RUR,fullDay,"[""Redis"", ""CI/CD"", ""Go"", ""SQLAlchemy"", ""Python"", ""Asyncio"", ""PostgreSQL""]","<p>В финтех направление открыта вакансия Middle Python Developer.</p>
    <p><strong>Задачи:</strong></p><ul><li>Создание масштабируемых сервисов с низким latency.</li>
    <li>Интеграция с платежными шлюзами и внешними API.</li><li>Написание юнит и интеграционных тестов.</li></ul>
    <p><strong>Стек:</strong> Redis, CI/CD, Go, SQLAlchemy, Python, Asyncio, PostgreSQL.</p>
    <p><strong>Условия:</strong> полностью белая зарплата, техника на выбор, дружная инженерная культура.</p>"
90001093,Удаленно: Middle Go Engineer (Микросервисы),От 3 до 6 лет,between3And6,215000,330000,RUR,flexible,"[""REST API"", ""FastAPI"", ""Redis"", ""Go"", ""Docker"", ""ClickHouse""]","<p>В финтех направление открыта вакансия Удаленно: Middle Go Engineer (Микросервисы).</p>
    <p><strong>Задачи:</strong></p><ul><li>Создание масштабируемых сервисов с низким latency.</li>
    <li>Интеграция с платежными шлюзами и внешними API.</li><li>Написание юнит и интеграционных тестов.</li></ul>
    <p><strong>Стек:</strong> REST API, FastAPI, Redis, Go, Docker, ClickHouse.</p>
    <p><strong>Условия:</strong> полностью белая зарплата, техника на выбор, дружная инженерная культура.</p>"
90001094,IT Компания: Fullstack Developer (Python / Vue.js),От 1 года до 3 лет,between1And3,160000,,RUR,remote,"[""FastAPI"", ""SQLAlchemy"", ""Python"", ""Asyncio"", ""PostgreSQL""]","<h3>О проекте:</h3><p>Мы разрабатываем высоконагруженную платформу автоматизации аналитики и бизнес-процессов.</p>
    <h3>Обязанности:</h3><ul><li>Разработка микросервисов на Python и фреймворке FastAPI.</li>
    <li>Проектирование архитектуры базы данных PostgreSQL и оптимизация сложных аналитических запросов.</li>
    <li>Контейнеризация и настройка пайплайнов деплоя с использованием Docker.</li></ul>
    <h3>Требования:</h3><ul><li>Опыт работы с технологиями: FastAPI, SQLAlchemy, Python, Asyncio, PostgreSQL.</li>
    <li>Понимание принципов чистого кода, SOLID и микросервисной архитектуры.</li>
    <li>Умение работать в Agile/Scrum команде.</li></ul>
    <h3>Мы предлагаем:</h3><ul><li>Конкурентная зарплата, гибкий график, ДМС и возможность удаленной работы.</li></ul>"
90001095,Удаленно: Senior Golang Developer,От 3 до 6 лет,between3And6,290000,,RUR,remote,"[""Kafka"", ""Kubernetes"", ""CI/CD"", ""Linux""]","<h3>О проекте:</h3><p>Мы разрабатываем высоконагруженную платформу автоматизации аналитики и бизнес-процессов.</p>
    <h3>Обязанности:</h3><ul><li>Разработка микросервисов на Python и фреймворке Flask.</li>
    <li>Проектирование архитектуры базы данных Redis и оптимизация сложных аналитических запросов.</li>
    <li>Контейнеризация и настройка пайплайнов деплоя с использованием Docker и Kubernetes.</li></ul>
    <h3>Требования:</h3><ul><li>Опыт работы с технологиями: Kafka, Kubernetes, CI/CD, Linux.</li>
    <li>Понимание принципов чистого кода, SOLID и микросервисной архитектуры.</li>
    <li>Умение работать в Agile/Scrum команде.</li></ul>
    <h3>Мы предлагаем:</h3><ul><li>Конкурентная зарплата, гибкий график, ДМС и возможность удаленной работы.</li></ul>"
90001096,Software Engineer,От 1 года до 3 лет,between1And3,,,RUR,remote,"[""Git"", ""Linux"", ""Redis"", ""Python"", ""Django""]","<h3>О проекте:</h3><p>Мы разрабатываем высоконагруженную платформу автоматизации аналитики и бизнес-процессов.</p>
    <h3>Обязанности:</h3><ul><li>Разработка микросервисов на Python и фреймворке Django.</li>
    <li>Проектирование архитектуры базы данных Redis и оптимизация сложных аналитических запросов.</li>
    <li>Контейнеризация и настройка пайплайнов деплоя с использованием Docker.</li></ul>
    <h3>Требования:</h3><ul><li>Опыт работы с технологиями: Git, Linux, Redis, Python, Django.</li>
    <li>Понимание принципов чистого кода, SOLID и микросервисной архитектуры.</li>
    <li>Умение работать в Agile/Scrum команде.</li></ul>
    <h3>Мы предлагаем:</h3><ul><li>Конкурентная зарплата, гибкий график, ДМС и возможность удаленной работы.</li></ul>"
90001097,Junior QA Automation (Python),От 1 года до 3 лет,between1And3,60000,95000,RUR,remote,"[""Git"", ""Django"", ""Linux"", ""Python""]","<h3>О проекте:</h3><p>Мы разрабатываем высоконагруженную платформу автоматизации аналитики и бизнес-процессов.</p>
    <h3>Обязанности:</h3><ul><li>Разработка микросервисов на Python и фреймворке Django.</li>
    <li>Проектирование архитектуры базы данных Redis и оптимизация сложных аналитических запросов.</li>
    <li>Контейнеризация и настройка пайплайнов деплоя с использованием Docker.</li></ul>
    <h3>Требования:</h3><ul><li>Опыт работы с технологиями: Git, Django, Linux, Python.</li>
    <li>Понимание принципов чистого кода, SOLID и микросервисной архитектуры.</li>
    <li>Умение работать в Agile/Scrum команде.</li></ul>
    <h3>Мы предлагаем:</h3><ul><li>Конкурентная зарплата, гибкий график, ДМС и возможность удаленной работы.</li></ul>"
90001098,Lead / Senior Backend Engineer (Go / Python),Более 6 лет,moreThan6,,455000,RUR,fullDay,"[""Git"", ""CI/CD"", ""Docker"", ""Linux""]","<p>В финтех направление открыта вакансия Lead / Senior Backend Engineer (Go / Python).</p>
    <p><strong>Задачи:</strong></p><ul><li>Создание масштабируемых сервисов с низким latency.</li>
    <li>Интеграция с платежными шлюзами и внешними API.</li><li>Написание юнит и интеграционных тестов.</li></ul>
    <p><strong>Стек:</strong> Git, CI/CD, Docker, Linux.</p>
    <p><strong>Условия:</strong> полностью белая зарплата, техника на выбор, дружная инженерная культура.</p>"
90001099,Удаленно: Senior DevOps / SRE Engineer,От 3 до 6 лет,between3And6,290000,450000,RUR,fullDay,"[""Microservices"", ""Go"", ""Python"", ""Kubernetes"", ""PostgreSQL""]","<p>В финтех направление открыта вакансия Удаленно: Senior DevOps / SRE Engineer.</p>
    <p><strong>Задачи:</strong></p><ul><li>Создание масштабируемых сервисов с низким latency.</li>
    <li>Интеграция с платежными шлюзами и внешними API.</li><li>Написание юнит и интеграционных тестов.</li></ul>
    <p><strong>Стек:</strong> Microservices, Go, Python, Kubernetes, PostgreSQL.</p>
    <p><strong>Условия:</strong> полностью белая зарплата, техника на выбор, дружная инженерная культура.</p>"
90001100,Golang Developer (Middle),От 3 до 6 лет,between3And6,190000,290000,RUR,remote,"[""Git"", ""Go"", ""FastAPI""]","<p>В финтех направление открыта вакансия Golang Developer (Middle).</p>
    <p><strong>Задачи:</strong></p><ul><li>Создание масштабируемых сервисов с низким latency.</li>
    <li>Интеграция с платежными шлюзами и внешними API.</li><li>Написание юнит и интеграционных тестов.</li></ul>
    <p><strong>Стек:</strong> Git, Go, FastAPI.</p>
    <p><strong>Условия:</strong> полностью белая зарплата, техника на выбор, дружная инженерная культура.</p>"
90001101,IT Компания: Младший программист Python / Django,От 3 до 6 лет,between3And6,,100000,RUR,flexible,"[""Git"", ""Django"", ""Python""]","<p>В финтех направление открыта вакансия IT Компания: Младший программист Python / Django.</p>
    <p><strong>Задачи:</strong></p><ul><li>Создание масштабируемых сервисов с низким latency.</li>
    <li>Интеграция с платежными шлюзами и внешними API.</li><li>Написание юнит и интеграционных тестов.</li></ul>
    <p><strong>Стек:</strong> Git, Django, Python.</p>
    <p><strong>Условия:</strong> полностью белая зарплата, техника на выбор, дружная инженерная культура.</p>"
90001102,Разработчик Python,От 3 до 6 лет,between3And6,,,RUR,fullDay,"[""Git"", ""Kafka"", ""CI/CD"", ""Go""]","<h3>О проекте:</h3><p>Мы разрабатываем высоконагруженную платформу автоматизации аналитики и бизнес-процессов.</p>
    <h3>Обязанности:</h3><ul><li>Разработка микросервисов на Python и фреймворке Flask.</li>
    <li>Проектирование архитектуры базы данных Redis и оптимизация сложных аналитических запросов.</li>
    <li>Контейнеризация и настройка пайплайнов деплоя с использованием Docker.</li></ul>
    <h3>Требования:</h3><ul><li>Опыт работы с технологиями: Git, Kafka, CI/CD, Go.</li>
    <li>Понимание принципов чистого кода, SOLID и микросервисной архитектуры.</li>
    <li>Умение работать в Agile/Scrum команде.</li></ul>
    <h3>Мы предлагаем:</h3><ul><li>Конкурентная зарплата, гибкий график, ДМС и возможность удаленной работы.</li></ul>"
90001103,Ищем: Fullstack Developer (Python / Vue.js),От 1 года до 3 лет,between1And3,,210000,RUR,fullDay,"[""FastAPI"", ""Redis"", ""Linux"", ""SQLAlchemy"", ""Docker"", ""Asyncio"", ""Kubernetes"", ""PostgreSQL""]","<h3>О проекте:</h3><p>Мы разрабатываем высоконагруженную платформу автоматизации аналитики и бизнес-процессов.</p>
    <h3>Обязанности:</h3><ul><li>Разработка микросервисов на Python и фреймворке FastAPI.</li>
    <li>Проектирование архитектуры базы данных PostgreSQL и оптимизация сложных аналитических запросов.</li>
    <li>Контейнеризация и настройка пайплайнов деплоя с использованием Docker и Kubernetes.</li></ul>
    <h3>Требования:</h3><ul><li>Опыт работы с технологиями: FastAPI, Redis, Linux, SQLAlchemy, Docker, Asyncio, Kubernetes, PostgreSQL.</li>
    <li>Понимание принципов чистого кода, SOLID и микросервисной архитектуры.</li>
    <li>Умение работать в Agile/Scrum команде.</li></ul>
    <h3>Мы предлагаем:</h3><ul><li>Конкурентная зарплата, гибкий график, ДМС и возможность удаленной работы.</li></ul>"
90001104,Trainee / Junior Data Engineer,Нет опыта,noExperience,60000,95000,RUR,fullDay,"[""Git"", ""REST API"", ""Linux"", ""Docker"", ""PostgreSQL""]","<h3>О проекте:</h3><p>Мы разрабатываем высоконагруженную платформу автоматизации аналитики и бизнес-процессов.</p>
    <h3>Обязанности:</h3><ul><li>Разработка микросервисов на Python и фреймворке Flask.</li>
    <li>Проектирование архитектуры базы данных PostgreSQL и оптимизация сложных аналитических запросов.</li>
    <li>Контейнеризация и настройка пайплайнов деплоя с использованием Docker.</li></ul>
    <h3>Требования:</h3><ul><li>Опыт работы с технологиями: Git, REST API, Linux, Docker, PostgreSQL.</li>
    <li>Понимание принципов чистого кода, SOLID и микросервисной архитектуры.</li>
    <li>Умение работать в Agile/Scrum команде.</li></ul>
    <h3>Мы предлагаем:</h3><ul><li>Конкурентная зарплата, гибкий график, ДМС и возможность удаленной работы.</li></ul>"
90001105,Go Backend Developer,От 3 до 6 лет,between3And6,155000,,RUR,flexible,"[""Asyncio"", ""Go"", ""SQLAlchemy"", ""Microservices""]","<h3>О проекте:</h3><p>Мы разрабатываем высоконагруженную платформу автоматизации аналитики и бизнес-процессов.</p>
    <h3>Обязанности:</h3><ul><li>Разработка микросервисов на Go и фреймворке Flask.</li>
    <li>Проектирование архитектуры базы данных Redis и оптимизация сложных аналитических запросов.</li>
    <li>Контейнеризация и настройка пайплайнов деплоя с использованием Docker.</li></ul>
    <h3>Требования:</h3><ul><li>Опыт работы с технологиями: Asyncio, Go, SQLAlchemy, Microservices.</li>
    <li>Понимание принципов чистого кода, SOLID и микросервисной архитектуры.</li>
    <li>Умение работать в Agile/Scrum команде.</li></ul>
    <h3>Мы предлагаем:</h3><ul><li>Конкурентная зарплата, гибкий график, ДМС и возможность удаленной работы.</li></ul>"
90001106,Backend Engineer,От 1 года до 3 лет,between1And3,125000,205000,RUR,fullDay,"[""FastAPI"", ""Redis"", ""SQLAlchemy"", ""Celery"", ""RabbitMQ""]","<p>В финтех направление открыта вакансия Backend Engineer.</p>
    <p><strong>Задачи:</strong></p><ul><li>Создание масштабируемых сервисов с низким latency.</li>
    <li>Интеграция с платежными шлюзами и внешними API.</li><li>Написание юнит и интеграционных тестов.</li></ul>
    <p><strong>Стек:</strong> FastAPI, Redis, SQLAlchemy, Celery, RabbitMQ.</p>
    <p><strong>Условия:</strong> полностью белая зарплата, техника на выбор, дружная инженерная культура.</p>"
90001107,IT Компания: Fullstack Developer (Python / Vue.js),От 1 года до 3 лет,between1And3,,,RUR,remote,"[""Redis"", ""Go"", ""Python"", ""Kafka"", ""PostgreSQL""]","<h3>О проекте:</h3><p>Мы разрабатываем высоконагруженную платформу автоматизации аналитики и бизнес-процессов.</p>
    <h3>Обязанности:</h3><ul><li>Разработка микросервисов на Python и фреймворке Flask.</li>
    <li>Проектирование архитектуры базы данных PostgreSQL и оптимизация сложных аналитических запросов.</li>
    <li>Контейнеризация и настройка пайплайнов деплоя с использованием Docker.</li></ul>
    <h3>Требования:</h3><ul><li>Опыт работы с технологиями: Redis, Go, Python, Kafka, PostgreSQL.</li>
    <li>Понимание принципов чистого кода, SOLID и микросервисной архитектуры.</li>
    <li>Умение работать в Agile/Scrum команде.</li></ul>
    <h3>Мы предлагаем:</h3><ul><li>Конкурентная зарплата, гибкий график, ДМС и возможность удаленной работы.</li></ul>"
90001108,Ищем: Middle Data Engineer,От 3 до 6 лет,between3And6,190000,295000,RUR,fullDay,"[""FastAPI"", ""Linux"", ""Docker"", ""Python"", ""Asyncio"", ""Django""]","<h3>О проекте:</h3><p>Мы разрабатываем высоконагруженную платформу автоматизации аналитики и бизнес-процессов.</p>
    <h3>Обязанности:</h3><ul><li>Разработка микросервисов на Python и фреймворке FastAPI.</li>
    <li>Проектирование архитектуры базы данных Redis и оптимизация сложных аналитических запросов.</li>
    <li>Контейнеризация и настройка пайплайнов деплоя с использованием Docker.</li></ul>
    <h3>Требования:</h3><ul><li>Опыт работы с технологиями: FastAPI, Linux, Docker, Python, Asyncio, Django.</li>
    <li>Понимание принципов чистого кода, SOLID и микросервисной архитектуры.</li>
    <li>Умение работать в Agile/Scrum команде.</li></ul>
    <h3>Мы предлагаем:</h3><ul><li>Конкурентная зарплата, гибкий график, ДМС и возможность удаленной работы.</li></ul>"
90001109,Fullstack Developer (Python / Vue.js),От 1 года до 3 лет,between1And3,155000,250000,RUR,remote,"[""Asyncio"", ""PostgreSQL"", ""SQLAlchemy"", ""Python""]","<p>В финтех направление открыта вакансия Fullstack Developer (Python / Vue.js).</p>
    <p><strong>Задачи:</strong></p><ul><li>Создание масштабируемых сервисов с низким latency.</li>
    <li>Интеграция с платежными шлюзами и внешними API.</li><li>Написание юнит и интеграционных тестов.</li></ul>
    <p><strong>Стек:</strong> Asyncio, PostgreSQL, SQLAlchemy, Python.</p>
    <p><strong>Условия:</strong> полностью белая зарплата, техника на выбор, дружная инженерная культура.</p>"
90001110,Удаленно: Senior DevOps / SRE Engineer,От 3 до 6 лет,between3And6,250000,385000,RUR,fullDay,"[""FastAPI"", ""Linux"", ""Microservices"", ""Go"", ""Kafka""]","<h3>О проекте:</h3><p>Мы разрабатываем высоконагруженную платформу автоматизации аналитики и бизнес-процессов.</p>
    <h3>Обязанности:</h3><ul><li>Разработка микросервисов на Go и фреймворке FastAPI.</li>
    <li>Проектирование архитектуры базы данных Redis и оптимизация сложных аналитических запросов.</li>
    <li>Контейнеризация и настройка пайплайнов деплоя с использованием Docker.</li></ul>
    <h3>Требования:</h3><ul><li>Опыт работы с технологиями: FastAPI, Linux, Microservices, Go, Kafka.</li>
    <li>Понимание принципов чистого кода, SOLID и микросервисной архитектуры.</li>
    <li>Умение работать в Agile/Scrum команде.</li></ul>
    <h3>Мы предлагаем:</h3><ul><li>Конкурентная зарплата, гибкий график, ДМС и возможность удаленной работы.</li></ul>"
90001111,IT Компания: Senior Golang Developer,От 3 до 6 лет,between3And6,285000,430000,RUR,remote,"[""Kubernetes"", ""Go"", ""Linux"", ""RabbitMQ""]","<p>В финтех направление открыта вакансия IT Компания: Senior Golang Developer.</p>
    <p><strong>Задачи:</strong></p><ul><li>Создание масштабируемых сервисов с низким latency.</li>
    <li>Интеграция с платежными шлюзами и внешними API.</li><li>Написание юнит и интеграционных тестов.</li></ul>
    <p><strong>Стек:</strong> Kubernetes, Go, Linux, RabbitMQ.</p>
    <p><strong>Условия:</strong> полностью белая зарплата, техника на выбор, дружная инженерная культура.</p>"
90001112,Junior Go / Golang Developer,Нет опыта,noExperience,60000,,RUR,flexible,"[""REST API"", ""Git"", ""Linux"", ""Go"", ""Django"", ""PostgreSQL""]","<h3>О проекте:</h3><p>Мы разрабатываем высоконагруженную платформу автоматизации аналитики и бизнес-процессов.</p>
    <h3>Обязанности:</h3><ul><li>Разработка микросервисов на Go и фреймворке Django.</li>
    <li>Проектирование архитектуры базы данных PostgreSQL и оптимизация сложных аналитических запросов.</li>
    <li>Контейнеризация и настройка пайплайнов деплоя с использованием Docker.</li></ul>
    <h3>Требования:</h3><ul><li>Опыт работы с технологиями: REST API, Git, Linux, Go, Django, PostgreSQL.</li>
    <li>Понимание принципов чистого кода, SOLID и микросервисной архитектуры.</li>
    <li>Умение работать в Agile/Scrum команде.</li></ul>
    <h3>Мы предлагаем:</h3><ul><li>Конкурентная зарплата, гибкий график, ДМС и возможность удаленной работы.</li></ul>"
90001113,Младший программист Python / Django,От 1 года до 3 лет,between1And3,,,RUR,remote,"[""Git"", ""Kafka"", ""Python""]","<h3>О проекте:</h3><p>Мы разрабатываем высоконагруженную платформу автоматизации аналитики и бизнес-процессов.</p>
    <h3>Обязанности:</h3><ul><li>Разработка микросервисов на Python и фреймворке Flask.</li>
    <li>Проектирование архитектуры базы данных Redis и оптимизация сложных аналитических запросов.</li>
    <li>Контейнеризация и настройка пайплайнов деплоя с использованием Docker.</li></ul>
    <h3>Требования:</h3><ul><li>Опыт работы с технологиями: Git, Kafka, Python.</li>
    <li>Понимание принципов чистого кода, SOLID и микросервисной архитектуры.</li>
    <li>Умение работать в Agile/Scrum команде.</li></ul>
    <h3>Мы предлагаем:</h3><ul><li>Конкурентная зарплата, гибкий график, ДМС и возможность удаленной работы.</li></ul>"
90001114,Ищем: Junior DevOps Engineer,От 1 года до 3 лет,between1And3,75000,125000,RUR,remote,"[""Git"", ""Linux"", ""FastAPI"", ""Python"", ""Django"", ""PostgreSQL"", ""Kubernetes""]","<h3>О проекте:</h3><p>Мы разрабатываем высоконагруженную платформу автоматизации аналитики и бизнес-процессов.</p>
    <h3>Обязанности:</h3><ul><li>Разработка микросервисов на Python и фреймворке FastAPI.</li>
    <li>Проектирование архитектуры базы данных PostgreSQL и оптимизация сложных аналитических запросов.</li>
    <li>Контейнеризация и настройка пайплайнов деплоя с использованием Docker и Kubernetes.</li></ul>
    <h3>Требования:</h3><ul><li>Опыт работы с технологиями: Git, Linux, FastAPI, Python, Django, PostgreSQL, Kubernetes.</li>
    <li>Понимание принципов чистого кода, SOLID и микросервисной архитектуры.</li>
    <li>Умение работать в Agile/Scrum команде.</li></ul>
    <h3>Мы предлагаем:</h3><ul><li>Конкурентная зарплата, гибкий график, ДМС и возможность удаленной работы.</li></ul>"
90001115,IT Компания: Младший программист Python / Django,От 1 года до 3 лет,between1And3,,,RUR,flexible,"[""Git"", ""REST API"", ""Linux"", ""Django"", ""PostgreSQL""]","<h3>О проекте:</h3><p>Мы разрабатываем высоконагруженную платформу автоматизации аналитики и бизнес-процессов.</p>
    <h3>Обязанности:</h3><ul><li>Разработка микросервисов на Python и фреймворке Django.</li>
    <li>Проектирование архитектуры базы данных PostgreSQL и оптимизация сложных аналитических запросов.</li>
    <li>Контейнеризация и настройка пайплайнов деплоя с использованием Docker.</li></ul>
    <h3>Требования:</h3><ul><li>Опыт работы с технологиями: Git, REST API, Linux, Django, PostgreSQL.</li>
    <li>Понимание принципов чистого кода, SOLID и микросервисной архитектуры.</li>
    <li>Умение работать в Agile/Scrum команде.</li></ul>
    <h3>Мы предлагаем:</h3><ul><li>Конкурентная зарплата, гибкий график, ДМС и возможность удаленной работы.</li></ul>"
90001116,IT Компания: Senior Data Engineer / Architect,Более 6 лет,moreThan6,335000,535000,RUR,remote,"[""Asyncio"", ""Go"", ""FastAPI"", ""Python""]","<p>В финтех направление открыта вакансия IT Компания: Senior Data Engineer / Architect.</p>
    <p><strong>Задачи:</strong></p><ul><li>Создание масштабируемых сервисов с низким latency.</li>
    <li>Интеграция с платежными шлюзами и внешними API.</li><li>Написание юнит и интеграционных тестов.</li></ul>
    <p><strong>Стек:</strong> Asyncio, Go, FastAPI, Python.</p>
    <p><strong>Условия:</strong> полностью белая зарплата, техника на выбор, дружная инженерная культура.</p>"
90001117,Удаленно: Fullstack Developer (Python / Vue.js),От 1 года до 3 лет,between1And3,155000,255000,RUR,remote,"[""Git"", ""SQLAlchemy"", ""Docker"", ""Asyncio"", ""Kafka"", ""PostgreSQL""]","<p>В финтех направление открыта вакансия Удаленно: Fullstack Developer (Python / Vue.js).</p>
    <p><strong>Задачи:</strong></p><ul><li>Создание масштабируемых сервисов с низким latency.</li>
    <li>Интеграция с платежными шлюзами и внешними API.</li><li>Написание юнит и интеграционных тестов.</li></ul>
    <p><strong>Стек:</strong> Git, SQLAlchemy, Docker, Asyncio, Kafka, PostgreSQL.</p>
    <p><strong>Условия:</strong> полностью белая зарплата, техника на выбор, дружная инженерная культура.</p>"
90001118,IT Компания: Senior Golang Developer,От 3 до 6 лет,between3And6,,,RUR,fullDay,"[""Kafka"", ""Docker"", ""Python"", ""Kubernetes""]","<p>В финтех направление открыта вакансия IT Компания: Senior Golang Developer.</p>
    <p><strong>Задачи:</strong></p><ul><li>Создание масштабируемых сервисов с низким latency.</li>
    <li>Интеграция с платежными шлюзами и внешними API.</li><li>Написание юнит и интеграционных тестов.</li></ul>
    <p><strong>Стек:</strong> Kafka, Docker, Python, Kubernetes.</p>
    <p><strong>Условия:</strong> полностью белая зарплата, техника на выбор, дружная инженерная культура.</p>"
90001119,Удаленно: Junior QA Automation (Python),От 1 года до 3 лет,between1And3,,,RUR,fullDay,"[""REST API"", ""Git"", ""Linux"", ""FastAPI"", ""Django"", ""PostgreSQL""]","<p>В финтех направление открыта вакансия Удаленно: Junior QA Automation (Python).</p>
    <p><strong>Задачи:</strong></p><ul><li>Создание масштабируемых сервисов с низким latency.</li>
    <li>Интеграция с платежными шлюзами и внешними API.</li><li>Написание юнит и интеграционных тестов.</li></ul>
    <p><strong>Стек:</strong> REST API, Git, Linux, FastAPI, Django, PostgreSQL.</p>
    <p><strong>Условия:</strong> полностью белая зарплата, техника на выбор, дружная инженерная культура.</p>"
90001120,Ищем: Младший программист Python / Django,От 1 года до 3 лет,between1And3,,,RUR,fullDay,"[""Git"", ""PostgreSQL""]","<h3>О проекте:</h3><p>Мы разрабатываем высоконагруженную платформу автоматизации аналитики и бизнес-процессов.</p>
    <h3>Обязанности:</h3><ul><li>Разработка микросервисов на Python и фреймворке Flask.</li>
    <li>Проектирование архитектуры базы данных PostgreSQL и оптимизация сложных аналитических запросов.</li>
    <li>Контейнеризация и настройка пайплайнов деплоя с использованием Docker.</li></ul>
    <h3>Требования:</h3><ul><li>Опыт работы с технологиями: Git, PostgreSQL.</li>
    <li>Понимание принципов чистого кода, SOLID и микросервисной архитектуры.</li>
    <li>Умение работать в Agile/Scrum команде.</li></ul>
    <h3>Мы предлагаем:</h3><ul><li>Конкурентная зарплата, гибкий график, ДМС и возможность удаленной работы.</li></ul>"
90001121,IT Компания: Python Backend Engineer,От 1 года до 3 лет,between1And3,,,RUR,remote,"[""Git"", ""Redis"", ""Go"", ""Docker"", ""Kafka"", ""RabbitMQ""]","<h3>О проекте:</h3><p>Мы разрабатываем высоконагруженную платформу автоматизации аналитики и бизнес-процессов.</p>
    <h3>Обязанности:</h3><ul><li>Разработка микросервисов на Go и фреймворке Flask.</li>
    <li>Проектирование архитектуры базы данных Redis и оптимизация сложных аналитических запросов.</li>
    <li>Контейнеризация и настройка пайплайнов деплоя с использованием Docker.</li></ul>
    <h3>Требования:</h3><ul><li>Опыт работы с технологиями: Git, Redis, Go, Docker, Kafka, RabbitMQ.</li>
    <li>Понимание принципов чистого кода, SOLID и микросервисной архитектуры.</li>
    <li>Умение работать в Agile/Scrum команде.</li></ul>
    <h3>Мы предлагаем:</h3><ul><li>Конкурентная зарплата, гибкий график, ДМС и возможность удаленной работы.</li></ul>"
90001122,"Удаленно: Backend Разработчик (Python, FastAPI, PostgreSQL)",От 1 года до 3 лет,between1And3,145000,230000,RUR,fullDay,"[""Redis"", ""Docker"", ""Asyncio"", ""Kubernetes"", ""ClickHouse""]","<p>В финтех направление открыта вакансия Удаленно: Backend Разработчик (Python, FastAPI, PostgreSQL).</p>
    <p><strong>Задачи:</strong></p><ul><li>Создание масштабируемых сервисов с низким latency.</li>
    <li>Интеграция с платежными шлюзами и внешними API.</li><li>Написание юнит и интеграционных тестов.</li></ul>
    <p><strong>Стек:</strong> Redis, Docker, Asyncio, Kubernetes, ClickHouse.</p>
    <p><strong>Условия:</strong> полностью белая зарплата, техника на выбор, дружная инженерная культура.</p>"
90001123,"Backend Разработчик (Python, FastAPI, PostgreSQL)",От 1 года до 3 лет,between1And3,125000,205000,RUR,fullDay,"[""Git"", ""Microservices"", ""Docker"", ""Python"", ""RabbitMQ""]","<h3>О проекте:</h3><p>Мы разрабатываем высоконагруженную платформу автоматизации аналитики и бизнес-процессов.</p>
    <h3>Обязанности:</h3><ul><li>Разработка микросервисов на Python и фреймворке Flask.</li>
    <li>Проектирование архитектуры базы данных Redis и оптимизация сложных аналитических запросов.</li>
    <li>Контейнеризация и настройка пайплайнов деплоя с использованием Docker.</li></ul>
    <h3>Требования:</h3><ul><li>Опыт работы с технологиями: Git, Microservices, Docker, Python, RabbitMQ.</li>
    <li>Понимание принципов чистого кода, SOLID и микросервисной архитектуры.</li>
    <li>Умение работать в Agile/Scrum команде.</li></ul>
    <h3>Мы предлагаем:</h3><ul><li>Конкурентная зарплата, гибкий график, ДМС и возможность удаленной работы.</li></ul>"
90001124,IT Компания: Tech Lead (Python / FastAPI / Highload),Более 6 лет,moreThan6,410000,645000,RUR,fullDay,"[""FastAPI"", ""PostgreSQL"", ""Python""]","<p>В финтех направление открыта вакансия IT Компания: Tech Lead (Python / FastAPI / Highload).</p>
    <p><strong>Задачи:</strong></p><ul><li>Создание масштабируемых сервисов с низким latency.</li>
    <li>Интеграция с платежными шлюзами и внешними API.</li><li>Написание юнит и интеграционных тестов.</li></ul>
    <p><strong>Стек:</strong> FastAPI, PostgreSQL, Python.</p>
    <p><strong>Условия:</strong> полностью белая зарплата, техника на выбор, дружная инженерная культура.</p>"
90001125,Младший программист Python / Django,От 1 года до 3 лет,between1And3,50000,80000,RUR,remote,"[""Git"", ""Linux"", ""Docker"", ""Django"", ""ClickHouse"", ""PostgreSQL""]","<h3>О проекте:</h3><p>Мы разрабатываем высоконагруженную платформу автоматизации аналитики и бизнес-процессов.</p>
    <h3>Обязанности:</h3><ul><li>Разработка микросервисов на Python и фреймворке Django.</li>
    <li>Проектирование архитектуры базы данных PostgreSQL и оптимизация сложных аналитических запросов.</li>
    <li>Контейнеризация и настройка пайплайнов деплоя с использованием Docker.</li></ul>
    <h3>Требования:</h3><ul><li>Опыт работы с технологиями: Git, Linux, Docker, Django, ClickHouse, PostgreSQL.</li>
    <li>Понимание принципов чистого кода, SOLID и микросервисной архитектуры.</li>
    <li>Умение работать в Agile/Scrum команде.</li></ul>
    <h3>Мы предлагаем:</h3><ul><li>Конкурентная зарплата, гибкий график, ДМС и возможность удаленной работы.</li></ul>"
90001126,Go Backend Developer,Нет опыта,noExperience,35000,65000,RUR,fullDay,"[""Git"", ""PostgreSQL"", ""Docker""]","<h3>О проекте:</h3><p>Мы разрабатываем высоконагруженную платформу автоматизации аналитики и бизнес-процессов.</p>
    <h3>Обязанности:</h3><ul><li>Разработка микросервисов на Python и фреймворке Flask.</li>
    <li>Проектирование архитектуры базы данных PostgreSQL и оптимизация сложных аналитических запросов.</li>
    <li>Контейнеризация и настройка пайплайнов деплоя с использованием Docker.</li></ul>
    <h3>Требования:</h3><ul><li>Опыт работы с технологиями: Git, PostgreSQL, Docker.</li>
    <li>Понимание принципов чистого кода, SOLID и микросервисной архитектуры.</li>
    <li>Умение работать в Agile/Scrum команде.</li></ul>
    <h3>Мы предлагаем:</h3><ul><li>Конкурентная зарплата, гибкий график, ДМС и возможность удаленной работы.</li></ul>"
90001127,IT Компания: Junior DevOps Engineer,От 1 года до 3 лет,between1And3,75000,130000,RUR,remote,"[""REST API"", ""ClickHouse"", ""Linux""]","<h3>О проекте:</h3><p>Мы разрабатываем высоконагруженную платформу автоматизации аналитики и бизнес-процессов.</p>
    <h3>Обязанности:</h3><ul><li>Разработка микросервисов на Python и фреймворке Flask.</li>
    <li>Проектирование архитектуры базы данных Redis и оптимизация сложных аналитических запросов.</li>
    <li>Контейнеризация и настройка пайплайнов деплоя с использованием Docker.</li></ul>
    <h3>Требования:</h3><ul><li>Опыт работы с технологиями: REST API, ClickHouse, Linux.</li>
    <li>Понимание принципов чистого кода, SOLID и микросервисной архитектуры.</li>
    <li>Умение работать в Agile/Scrum команде.</li></ul>
    <h3>Мы предлагаем:</h3><ul><li>Конкурентная зарплата, гибкий график, ДМС и возможность удаленной работы.</li></ul>"
90001128,Удаленно: Junior Go / Golang Developer,Нет опыта,noExperience,,,RUR,fullDay,"[""Git"", ""REST API"", ""Linux"", ""Python"", ""Django""]","<p>В финтех направление открыта вакансия Удаленно: Junior Go / Golang Developer.</p>
    <p><strong>Задачи:</strong></p><ul><li>Создание масштабируемых сервисов с низким latency.</li>
    <li>Интеграция с платежными шлюзами и внешними API.</li><li>Написание юнит и интеграционных тестов.</li></ul>
    <p><strong>Стек:</strong> Git, REST API, Linux, Python, Django.</p>
    <p><strong>Условия:</strong> полностью белая зарплата, техника на выбор, дружная инженерная культура.</p>"
90001129,Trainee / Junior Data Engineer,Нет опыта,noExperience,45000,75000,RUR,remote,"[""Git"", ""Linux"", ""CI/CD"", ""Python"", ""Django"", ""Kubernetes""]","<p>В финтех направление открыта вакансия Trainee / Junior Data Engineer.</p>
    <p><strong>Задачи:</strong></p><ul><li>Создание масштабируемых сервисов с низким latency.</li>
    <li>Интеграция с платежными шлюзами и внешними API.</li><li>Написание юнит и интеграционных тестов.</li></ul>
    <p><strong>Стек:</strong> Git, Linux, CI/CD, Python, Django, Kubernetes.</p>
    <p><strong>Условия:</strong> полностью белая зарплата, техника на выбор, дружная инженерная культура.</p>"
90001130,IT Компания: Senior Python Developer,От 3 до 6 лет,between3And6,,,RUR,fullDay,"[""FastAPI"", ""Go"", ""Docker"", ""Kafka"", ""ClickHouse""]","<p>В финтех направление открыта вакансия IT Компания: Senior Python Developer.</p>
    <p><strong>Задачи:</strong></p><ul><li>Создание масштабируемых сервисов с низким latency.</li>
    <li>Интеграция с платежными шлюзами и внешними API.</li><li>Написание юнит и интеграционных тестов.</li></ul>
    <p><strong>Стек:</strong> FastAPI, Go, Docker, Kafka, ClickHouse.</p>
    <p><strong>Условия:</strong> полностью белая зарплата, техника на выбор, дружная инженерная культура.</p>"
90001131,Go Backend Developer,От 1 года до 3 лет,between1And3,,,RUR,remote,"[""Git"", ""Go"", ""Docker"", ""Asyncio"", ""PostgreSQL""]","<p>В финтех направление открыта вакансия Go Backend Developer.</p>
    <p><strong>Задачи:</strong></p><ul><li>Создание масштабируемых сервисов с низким latency.</li>
    <li>Интеграция с платежными шлюзами и внешними API.</li><li>Написание юнит и интеграционных тестов.</li></ul>
    <p><strong>Стек:</strong> Git, Go, Docker, Asyncio, PostgreSQL.</p>
    <p><strong>Условия:</strong> полностью белая зарплата, техника на выбор, дружная инженерная культура.</p>"
90001132,"IT Компания: Middle DevOps Engineer (Docker, K8s)",От 3 до 6 лет,between3And6,215000,335000,RUR,remote,"[""FastAPI"", ""Docker"", ""Python""]","<p>В финтех направление открыта вакансия IT Компания: Middle DevOps Engineer (Docker, K8s).</p>
    <p><strong>Задачи:</strong></p><ul><li>Создание масштабируемых сервисов с низким latency.</li>
    <li>Интеграция с платежными шлюзами и внешними API.</li><li>Написание юнит и интеграционных тестов.</li></ul>
    <p><strong>Стек:</strong> FastAPI, Docker, Python.</p>
    <p><strong>Условия:</strong> полностью белая зарплата, техника на выбор, дружная инженерная культура.</p>"
90001133,Ищем: Fullstack Developer (Python / Vue.js),От 1 года до 3 лет,between1And3,120000,195000,RUR,remote,"[""Asyncio"", ""CI/CD"", ""SQLAlchemy"", ""Python""]","<p>В финтех направление открыта вакансия Ищем: Fullstack Developer (Python / Vue.js).</p>
    <p><strong>Задачи:</strong></p><ul><li>Создание масштабируемых сервисов с низким latency.</li>
    <li>Интеграция с платежными шлюзами и внешними API.</li><li>Написание юнит и интеграционных тестов.</li></ul>
    <p><strong>Стек:</strong> Asyncio, CI/CD, SQLAlchemy, Python.</p>
    <p><strong>Условия:</strong> полностью белая зарплата, техника на выбор, дружная инженерная культура.</p>"
90001134,IT Компания: Младший программист Python / Django,От 1 года до 3 лет,between1And3,55000,90000,RUR,fullDay,"[""Git"", ""ClickHouse"", ""Python""]","<p>В финтех направление открыта вакансия IT Компания: Младший программист Python / Django.</p>
    <p><strong>Задачи:</strong></p><ul><li>Создание масштабируемых сервисов с низким latency.</li>
    <li>Интеграция с платежными шлюзами и внешними API.</li><li>Написание юнит и интеграционных тестов.</li></ul>
    <p><strong>Стек:</strong> Git, ClickHouse, Python.</p>
    <p><strong>Условия:</strong> полностью белая зарплата, техника на выбор, дружная инженерная культура.</p>"
90001135,Middle Go Engineer (Микросервисы),От 3 до 6 лет,between3And6,230000,,RUR,remote,"[""FastAPI"", ""Go"", ""SQLAlchemy"", ""Docker"", ""Python""]","<p>В финтех направление открыта вакансия Middle Go Engineer (Микросервисы).</p>
    <p><strong>Задачи:</strong></p><ul><li>Создание масштабируемых сервисов с низким latency.</li>
    <li>Интеграция с платежными шлюзами и внешними API.</li><li>Написание юнит и интеграционных тестов.</li></ul>
    <p><strong>Стек:</strong> FastAPI, Go, SQLAlchemy, Docker, Python.</p>
    <p><strong>Условия:</strong> полностью белая зарплата, техника на выбор, дружная инженерная культура.</p>"
90001136,IT Компания: Стажер-разработчик Python,Нет опыта,noExperience,35000,65000,RUR,fullDay,"[""Git"", ""REST API"", ""Linux"", ""Pytest"", ""Django"", ""PostgreSQL""]","<h3>О проекте:</h3><p>Мы разрабатываем высоконагруженную платформу автоматизации аналитики и бизнес-процессов.</p>
    <h3>Обязанности:</h3><ul><li>Разработка микросервисов на Python и фреймворке Django.</li>
    <li>Проектирование архитектуры базы данных PostgreSQL и оптимизация сложных аналитических запросов.</li>
    <li>Контейнеризация и настройка пайплайнов деплоя с использованием Docker.</li></ul>
    <h3>Требования:</h3><ul><li>Опыт работы с технологиями: Git, REST API, Linux, Pytest, Django, PostgreSQL.</li>
    <li>Понимание принципов чистого кода, SOLID и микросервисной архитектуры.</li>
    <li>Умение работать в Agile/Scrum команде.</li></ul>
    <h3>Мы предлагаем:</h3><ul><li>Конкурентная зарплата, гибкий график, ДМС и возможность удаленной работы.</li></ul>"
90001137,Middle Python Developer,От 1 года до 3 лет,between1And3,,,RUR,fullDay,"[""Git"", ""FastAPI"", ""Go"", ""SQLAlchemy"", ""Docker"", ""PostgreSQL""]","<h3>О проекте:</h3><p>Мы разрабатываем высоконагруженную платформу автоматизации аналитики и бизнес-процессов.</p>
    <h3>Обязанности:</h3><ul><li>Разработка микросервисов на Python и фреймворке FastAPI.</li>
    <li>Проектирование архитектуры базы данных PostgreSQL и оптимизация сложных аналитических запросов.</li>
    <li>Контейнеризация и настройка пайплайнов деплоя с использованием Docker.</li></ul>
    <h3>Требования:</h3><ul><li>Опыт работы с технологиями: Git, FastAPI, Go, SQLAlchemy, Docker, PostgreSQL.</li>
    <li>Понимание принципов чистого кода, SOLID и микросервисной архитектуры.</li>
    <li>Умение работать в Agile/Scrum команде.</li></ul>
    <h3>Мы предлагаем:</h3><ul><li>Конкурентная зарплата, гибкий график, ДМС и возможность удаленной работы.</li></ul>"
90001138,Удаленно: Senior Golang Developer,От 3 до 6 лет,between3And6,285000,425000,RUR,flexible,"[""Git"", ""Linux"", ""FastAPI"", ""Microservices"", ""PostgreSQL""]","<h3>О проекте:</h3><p>Мы разрабатываем высоконагруженную платформу автоматизации аналитики и бизнес-процессов.</p>
    <h3>Обязанности:</h3><ul><li>Разработка микросервисов на Python и фреймворке FastAPI.</li>
    <li>Проектирование архитектуры базы данных PostgreSQL и оптимизация сложных аналитических запросов.</li>
    <li>Контейнеризация и настройка пайплайнов деплоя с использованием Docker.</li></ul>
    <h3>Требования:</h3><ul><li>Опыт работы с технологиями: Git, Linux, FastAPI, Microservices, PostgreSQL.</li>
    <li>Понимание принципов чистого кода, SOLID и микросервисной архитектуры.</li>
    <li>Умение работать в Agile/Scrum команде.</li></ul>
    <h3>Мы предлагаем:</h3><ul><li>Конкурентная зарплата, гибкий график, ДМС и возможность удаленной работы.</li></ul>"
90001139,Junior Go / Golang Developer,Нет опыта,noExperience,60000,105000,RUR,fullDay,"[""REST API"", ""Django"", ""Go"", ""Python""]","<h3>О проекте:</h3><p>Мы разрабатываем высоконагруженную платформу автоматизации аналитики и бизнес-процессов.</p>
    <h3>Обязанности:</h3><ul><li>Разработка микросервисов на Python и фреймворке Django.</li>
    <li>Проектирование архитектуры базы данных Redis и оптимизация сложных аналитических запросов.</li>
    <li>Контейнеризация и настройка пайплайнов деплоя с использованием Docker.</li></ul>
    <h3>Требования:</h3><ul><li>Опыт работы с технологиями: REST API, Django, Go, Python.</li>
    <li>Понимание принципов чистого кода, SOLID и микросервисной архитектуры.</li>
    <li>Умение работать в Agile/Scrum команде.</li></ul>
    <h3>Мы предлагаем:</h3><ul><li>Конкурентная зарплата, гибкий график, ДМС и возможность удаленной работы.</li></ul>"
90001140,Senior Data Engineer / Architect,Более 6 лет,moreThan6,325000,525000,RUR,fullDay,"[""Microservices"", ""Git"", ""Go""]","<p>В финтех направление открыта вакансия Senior Data Engineer / Architect.</p>
    <p><strong>Задачи:</strong></p><ul><li>Создание масштабируемых сервисов с низким latency.</li>
    <li>Интеграция с платежными шлюзами и внешними API.</li><li>Написание юнит и интеграционных тестов.</li></ul>
    <p><strong>Стек:</strong> Microservices, Git, Go.</p>
    <p><strong>Условия:</strong> полностью белая зарплата, техника на выбор, дружная инженерная культура.</p>"
90001141,Удаленно: Fullstack Developer (Python / Vue.js),От 1 года до 3 лет,between1And3,,,RUR,remote,"[""FastAPI"", ""SQLAlchemy"", ""PostgreSQL"", ""Docker""]","<p>В финтех направление открыта вакансия Удаленно: Fullstack Developer (Python / Vue.js).</p>
    <p><strong>Задачи:</strong></p><ul><li>Создание масштабируемых сервисов с низким latency.</li>
    <li>Интеграция с платежными шлюзами и внешними API.</li><li>Написание юнит и интеграционных тестов.</li></ul>
    <p><strong>Стек:</strong> FastAPI, SQLAlchemy, PostgreSQL, Docker.</p>
    <p><strong>Условия:</strong> полностью белая зарплата, техника на выбор, дружная инженерная культура.</p>"
90001142,Удаленно: Senior DevOps / SRE Engineer,От 3 до 6 лет,between3And6,255000,395000,RUR,fullDay,"[""Linux"", ""Docker"", ""Python"", ""Kafka"", ""ClickHouse""]","<p>В финтех направление открыта вакансия Удаленно: Senior DevOps / SRE Engineer.</p>
    <p><strong>Задачи:</strong></p><ul><li>Создание масштабируемых сервисов с низким latency.</li>
    <li>Интеграция с платежными шлюзами и внешними API.</li><li>Написание юнит и интеграционных тестов.</li></ul>
    <p><strong>Стек:</strong> Linux, Docker, Python, Kafka, ClickHouse.</p>
    <p><strong>Условия:</strong> полностью белая зарплата, техника на выбор, дружная инженерная культура.</p>"
90001143,Ищем: Senior Python Developer,От 3 до 6 лет,between3And6,,,RUR,remote,"[""Microservices"", ""SQLAlchemy"", ""Asyncio"", ""Kubernetes"", ""ClickHouse""]","<h3>О проекте:</h3><p>Мы разрабатываем высоконагруженную платформу автоматизации аналитики и бизнес-процессов.</p>
    <h3>Обязанности:</h3><ul><li>Разработка микросервисов на Python и фреймворке Flask.</li>
    <li>Проектирование архитектуры базы данных Redis и оптимизация сложных аналитических запросов.</li>
    <li>Контейнеризация и настройка пайплайнов деплоя с использованием Docker и Kubernetes.</li></ul>
    <h3>Требования:</h3><ul><li>Опыт работы с технологиями: Microservices, SQLAlchemy, Asyncio, Kubernetes, ClickHouse.</li>
    <li>Понимание принципов чистого кода, SOLID и микросервисной архитектуры.</li>
    <li>Умение работать в Agile/Scrum команде.</li></ul>
    <h3>Мы предлагаем:</h3><ul><li>Конкурентная зарплата, гибкий график, ДМС и возможность удаленной работы.</li></ul>"
90001144,Удаленно: Tech Lead (Python / FastAPI / Highload),Более 6 лет,moreThan6,380000,600000,RUR,fullDay,"[""Kafka"", ""Kubernetes"", ""ClickHouse"", ""Redis""]","<h3>О проекте:</h3><p>Мы разрабатываем высоконагруженную платформу автоматизации аналитики и бизнес-процессов.</p>
    <h3>Обязанности:</h3><ul><li>Разработка микросервисов на Python и фреймворке Flask.</li>
    <li>Проектирование архитектуры базы данных Redis и оптимизация сложных аналитических запросов.</li>
    <li>Контейнеризация и настройка пайплайнов деплоя с использованием Docker и Kubernetes.</li></ul>
    <h3>Требования:</h3><ul><li>Опыт работы с технологиями: Kafka, Kubernetes, ClickHouse, Redis.</li>
    <li>Понимание принципов чистого кода, SOLID и микросервисной архитектуры.</li>
    <li>Умение работать в Agile/Scrum команде.</li></ul>
    <h3>Мы предлагаем:</h3><ul><li>Конкурентная зарплата, гибкий график, ДМС и возможность удаленной работы.</li></ul>"
90001145,IT Компания: Python Backend Engineer,От 1 года до 3 лет,between1And3,,,RUR,remote,"[""Asyncio"", ""Celery"", ""FastAPI""]","<h3>О проекте:</h3><p>Мы разрабатываем высоконагруженную платформу автоматизации аналитики и бизнес-процессов.</p>
    <h3>Обязанности:</h3><ul><li>Разработка микросервисов на Python и фреймворке FastAPI.</li>
    <li>Проектирование архитектуры базы данных Redis и оптимизация сложных аналитических запросов.</li>
    <li>Контейнеризация и настройка пайплайнов деплоя с использованием Docker.</li></ul>
    <h3>Требования:</h3><ul><li>Опыт работы с технологиями: Asyncio, Celery, FastAPI.</li>
    <li>Понимание принципов чистого кода, SOLID и микросервисной архитектуры.</li>
    <li>Умение работать в Agile/Scrum команде.</li></ul>
    <h3>Мы предлагаем:</h3><ul><li>Конкурентная зарплата, гибкий график, ДМС и возможность удаленной работы.</li></ul>"
90001146,DevOps Engineer,От 1 года до 3 лет,between1And3,50000,85000,RUR,remote,"[""Git"", ""SQLAlchemy"", ""Python"", ""ClickHouse"", ""PostgreSQL""]","<h3>О проекте:</h3><p>Мы разрабатываем высоконагруженную платформу автоматизации аналитики и бизнес-процессов.</p>
    <h3>Обязанности:</h3><ul><li>Разработка микросервисов на Python и фреймворке Flask.</li>
    <li>Проектирование архитектуры базы данных PostgreSQL и оптимизация сложных аналитических запросов.</li>
    <li>Контейнеризация и настройка пайплайнов деплоя с использованием Docker.</li></ul>
    <h3>Требования:</h3><ul><li>Опыт работы с технологиями: Git, SQLAlchemy, Python, ClickHouse, PostgreSQL.</li>
    <li>Понимание принципов чистого кода, SOLID и микросервисной архитектуры.</li>
    <li>Умение работать в Agile/Scrum команде.</li></ul>
    <h3>Мы предлагаем:</h3><ul><li>Конкурентная зарплата, гибкий график, ДМС и возможность удаленной работы.</li></ul>"
90001147,"Middle DevOps Engineer (Docker, K8s)",От 3 до 6 лет,between3And6,,,RUR,remote,"[""Docker"", ""Python"", ""Asyncio"", ""Django"", ""PostgreSQL""]","<p>В финтех направление открыта вакансия Middle DevOps Engineer (Docker, K8s).</p>
    <p><strong>Задачи:</strong></p><ul><li>Создание масштабируемых сервисов с низким latency.</li>
    <li>Интеграция с платежными шлюзами и внешними API.</li><li>Написание юнит и интеграционных тестов.</li></ul>
    <p><strong>Стек:</strong> Docker, Python, Asyncio, Django, PostgreSQL.</p>
    <p><strong>Условия:</strong> полностью белая зарплата, техника на выбор, дружная инженерная культура.</p>"
90001148,DevOps Engineer,Более 6 лет,moreThan6,,,RUR,remote,"[""Redis"", ""CI/CD"", ""Linux"", ""Python""]","<h3>О проекте:</h3><p>Мы разрабатываем высоконагруженную платформу автоматизации аналитики и бизнес-процессов.</p>
    <h3>Обязанности:</h3><ul><li>Разработка микросервисов на Python и фреймворке Flask.</li>
    <li>Проектирование архитектуры базы данных Redis и оптимизация сложных аналитических запросов.</li>
    <li>Контейнеризация и настройка пайплайнов деплоя с использованием Docker.</li></ul>
    <h3>Требования:</h3><ul><li>Опыт работы с технологиями: Redis, CI/CD, Linux, Python.</li>
    <li>Понимание принципов чистого кода, SOLID и микросервисной архитектуры.</li>
    <li>Умение работать в Agile/Scrum команде.</li></ul>
    <h3>Мы предлагаем:</h3><ul><li>Конкурентная зарплата, гибкий график, ДМС и возможность удаленной работы.</li></ul>"
90001149,DevOps Engineer,От 1 года до 3 лет,between1And3,,,RUR,fullDay,"[""CI/CD"", ""Go"", ""Docker"", ""Celery"", ""Kubernetes"", ""RabbitMQ""]","<p>В финтех направление открыта вакансия DevOps Engineer.</p>
    <p><strong>Задачи:</strong></p><ul><li>Создание масштабируемых сервисов с низким latency.</li>
    <li>Интеграция с платежными шлюзами и внешними API.</li><li>Написание юнит и интеграционных тестов.</li></ul>
    <p><strong>Стек:</strong> CI/CD, Go, Docker, Celery, Kubernetes, RabbitMQ.</p>
    <p><strong>Условия:</strong> полностью белая зарплата, техника на выбор, дружная инженерная культура.</p>"
90001150,Удаленно: Fullstack Developer (Python / Vue.js),От 1 года до 3 лет,between1And3,135000,220000,RUR,remote,"[""Git"", ""Go"", ""Python"", ""Asyncio"", ""ClickHouse""]","<p>В финтех направление открыта вакансия Удаленно: Fullstack Developer (Python / Vue.js).</p>
    <p><strong>Задачи:</strong></p><ul><li>Создание масштабируемых сервисов с низким latency.</li>
    <li>Интеграция с платежными шлюзами и внешними API.</li><li>Написание юнит и интеграционных тестов.</li></ul>
    <p><strong>Стек:</strong> Git, Go, Python, Asyncio, ClickHouse.</p>
    <p><strong>Условия:</strong> полностью белая зарплата, техника на выбор, дружная инженерная культура.</p>"
90001151,Ищем: Python Backend Engineer,От 1 года до 3 лет,between1And3,185000,290000,RUR,remote,"[""FastAPI"", ""Redis"", ""Go"", ""Asyncio"", ""Kafka""]","<h3>О проекте:</h3><p>Мы разрабатываем высоконагруженную платформу автоматизации аналитики и бизнес-процессов.</p>
    <h3>Обязанности:</h3><ul><li>Разработка микросервисов на Go и фреймворке FastAPI.</li>
    <li>Проектирование архитектуры базы данных Redis и оптимизация сложных аналитических запросов.</li>
    <li>Контейнеризация и настройка пайплайнов деплоя с использованием Docker.</li></ul>
    <h3>Требования:</h3><ul><li>Опыт работы с технологиями: FastAPI, Redis, Go, Asyncio, Kafka.</li>
    <li>Понимание принципов чистого кода, SOLID и микросервисной архитектуры.</li>
    <li>Умение работать в Agile/Scrum команде.</li></ul>
    <h3>Мы предлагаем:</h3><ul><li>Конкурентная зарплата, гибкий график, ДМС и возможность удаленной работы.</li></ul>"
90001152,Tech Lead (Python / FastAPI / Highload),Более 6 лет,moreThan6,,,RUR,remote,"[""Kafka"", ""Go"", ""Docker""]","<p>В финтех направление открыта вакансия Tech Lead (Python / FastAPI / Highload).</p>
    <p><strong>Задачи:</strong></p><ul><li>Создание масштабируемых сервисов с низким latency.</li>
    <li>Интеграция с платежными шлюзами и внешними API.</li><li>Написание юнит и интеграционных тестов.</li></ul>
    <p><strong>Стек:</strong> Kafka, Go, Docker.</p>
    <p><strong>Условия:</strong> полностью белая зарплата, техника на выбор, дружная инженерная культура.</p>"
90001153,Lead / Senior Backend Engineer (Go / Python),Более 6 лет,moreThan6,390000,610000,RUR,fullDay,"[""Microservices"", ""ClickHouse"", ""Docker"", ""RabbitMQ""]","<p>В финтех направление открыта вакансия Lead / Senior Backend Engineer (Go / Python).</p>
    <p><strong>Задачи:</strong></p><ul><li>Создание масштабируемых сервисов с низким latency.</li>
    <li>Интеграция с платежными шлюзами и внешними API.</li><li>Написание юнит и интеграционных тестов.</li></ul>
    <p><strong>Стек:</strong> Microservices, ClickHouse, Docker, RabbitMQ.</p>
    <p><strong>Условия:</strong> полностью белая зарплата, техника на выбор, дружная инженерная культура.</p>"
90001154,Инженер бэкенда,От 3 до 6 лет,between3And6,,,RUR,fullDay,"[""Kafka"", ""PostgreSQL"", ""Python"", ""RabbitMQ""]","<h3>О проекте:</h3><p>Мы разрабатываем высоконагруженную платформу автоматизации аналитики и бизнес-процессов.</p>
    <h3>Обязанности:</h3><ul><li>Разработка микросервисов на Python и фреймворке Flask.</li>
    <li>Проектирование архитектуры базы данных PostgreSQL и оптимизация сложных аналитических запросов.</li>
    <li>Контейнеризация и настройка пайплайнов деплоя с использованием Docker.</li></ul>
    <h3>Требования:</h3><ul><li>Опыт работы с технологиями: Kafka, PostgreSQL, Python, RabbitMQ.</li>
    <li>Понимание принципов чистого кода, SOLID и микросервисной архитектуры.</li>
    <li>Умение работать в Agile/Scrum команде.</li></ul>
    <h3>Мы предлагаем:</h3><ul><li>Конкурентная зарплата, гибкий график, ДМС и возможность удаленной работы.</li></ul>"
90001155,Go Backend Developer,Более 6 лет,moreThan6,305000,475000,RUR,fullDay,"[""FastAPI"", ""Linux"", ""Microservices"", ""Python"", ""Kubernetes""]","<h3>О проекте:</h3><p>Мы разрабатываем высоконагруженную платформу автоматизации аналитики и бизнес-процессов.</p>
    <h3>Обязанности:</h3><ul><li>Разработка микросервисов на Python и фреймворке FastAPI.</li>
    <li>Проектирование архитектуры базы данных Redis и оптимизация сложных аналитических запросов.</li>
    <li>Контейнеризация и настройка пайплайнов деплоя с использованием Docker и Kubernetes.</li></ul>
    <h3>Требования:</h3><ul><li>Опыт работы с технологиями: FastAPI, Linux, Microservices, Python, Kubernetes.</li>
    <li>Понимание принципов чистого кода, SOLID и микросервисной архитектуры.</li>
    <li>Умение работать в Agile/Scrum команде.</li></ul>
    <h3>Мы предлагаем:</h3><ul><li>Конкурентная зарплата, гибкий график, ДМС и возможность удаленной работы.</li></ul>"
90001156,Lead / Senior Backend Engineer (Go / Python),Более 6 лет,moreThan6,,,RUR,remote,"[""CI/CD"", ""ClickHouse"", ""Linux"", ""Python""]","<p>В финтех направление открыта вакансия Lead / Senior Backend Engineer (Go / Python).</p>
    <p><strong>Задачи:</strong></p><ul><li>Создание масштабируемых сервисов с низким latency.</li>
    <li>Интеграция с платежными шлюзами и внешними API.</li><li>Написание юнит и интеграционных тестов.</li></ul>
    <p><strong>Стек:</strong> CI/CD, ClickHouse, Linux, Python.</p>
    <p><strong>Условия:</strong> полностью белая зарплата, техника на выбор, дружная инженерная культура.</p>"
90001157,IT Компания: Lead / Senior Backend Engineer (Go / Python),Более 6 лет,moreThan6,300000,470000,RUR,flexible,"[""Linux"", ""FastAPI"", ""Microservices"", ""CI/CD"", ""Django"", ""ClickHouse"", ""PostgreSQL""]","<h3>О проекте:</h3><p>Мы разрабатываем высоконагруженную платформу автоматизации аналитики и бизнес-процессов.</p>
    <h3>Обязанности:</h3><ul><li>Разработка микросервисов на Python и фреймворке FastAPI.</li>
    <li>Проектирование архитектуры базы данных PostgreSQL и оптимизация сложных аналитических запросов.</li>
    <li>Контейнеризация и настройка пайплайнов деплоя с использованием Docker.</li></ul>
    <h3>Требования:</h3><ul><li>Опыт работы с технологиями: Linux, FastAPI, Microservices, CI/CD, Django, ClickHouse, PostgreSQL.</li>
    <li>Понимание принципов чистого кода, SOLID и микросервисной архитектуры.</li>
    <li>Умение работать в Agile/Scrum команде.</li></ul>
    <h3>Мы предлагаем:</h3><ul><li>Конкурентная зарплата, гибкий график, ДМС и возможность удаленной работы.</li></ul>"
90001158,Ищем: Senior Data Engineer / Architect,Более 6 лет,moreThan6,275000,440000,RUR,fullDay,"[""Microservices"", ""Go"", ""PostgreSQL""]","<h3>О проекте:</h3><p>Мы разрабатываем высоконагруженную платформу автоматизации аналитики и бизнес-процессов.</p>
    <h3>Обязанности:</h3><ul><li>Разработка микросервисов на Go и фреймворке Flask.</li>
    <li>Проектирование архитектуры базы данных PostgreSQL и оптимизация сложных аналитических запросов.</li>
    <li>Контейнеризация и настройка пайплайнов деплоя с использованием Docker.</li></ul>
    <h3>Требования:</h3><ul><li>Опыт работы с технологиями: Microservices, Go, PostgreSQL.</li>
    <li>Понимание принципов чистого кода, SOLID и микросервисной архитектуры.</li>
    <li>Умение работать в Agile/Scrum команде.</li></ul>
    <h3>Мы предлагаем:</h3><ul><li>Конкурентная зарплата, гибкий график, ДМС и возможность удаленной работы.</li></ul>"
90001159,Ищем: Junior QA Automation (Python),От 1 года до 3 лет,between1And3,70000,110000,RUR,remote,"[""Git"", ""Linux"", ""Go"", ""Python"", ""Django"", ""PostgreSQL""]","<p>В финтех направление открыта вакансия Ищем: Junior QA Automation (Python).</p>
    <p><strong>Задачи:</strong></p><ul><li>Создание масштабируемых сервисов с низким latency.</li>
    <li>Интеграция с платежными шлюзами и внешними API.</li><li>Написание юнит и интеграционных тестов.</li></ul>
    <p><strong>Стек:</strong> Git, Linux, Go, Python, Django, PostgreSQL.</p>
    <p><strong>Условия:</strong> полностью белая зарплата, техника на выбор, дружная инженерная культура.</p>"
90001160,Data Engineer,От 3 до 6 лет,between3And6,,525000,RUR,remote,"[""FastAPI"", ""Microservices"", ""Go"", ""Celery"", ""Kafka"", ""ClickHouse"", ""RabbitMQ""]","<p>В финтех направление открыта вакансия Data Engineer.</p>
    <p><strong>Задачи:</strong></p><ul><li>Создание масштабируемых сервисов с низким latency.</li>
    <li>Интеграция с платежными шлюзами и внешними API.</li><li>Написание юнит и интеграционных тестов.</li></ul>
    <p><strong>Стек:</strong> FastAPI, Microservices, Go, Celery, Kafka, ClickHouse, RabbitMQ.</p>
    <p><strong>Условия:</strong> полностью белая зарплата, техника на выбор, дружная инженерная культура.</p>"
90001161,IT Компания: Middle Data Engineer,От 3 до 6 лет,between3And6,200000,305000,RUR,remote,"[""Git"", ""FastAPI"", ""Redis"", ""Linux"", ""CI/CD"", ""Python"", ""PostgreSQL""]","<p>В финтех направление открыта вакансия IT Компания: Middle Data Engineer.</p>
    <p><strong>Задачи:</strong></p><ul><li>Создание масштабируемых сервисов с низким latency.</li>
    <li>Интеграция с платежными шлюзами и внешними API.</li><li>Написание юнит и интеграционных тестов.</li></ul>
    <p><strong>Стек:</strong> Git, FastAPI, Redis, Linux, CI/CD, Python, PostgreSQL.</p>
    <p><strong>Условия:</strong> полностью белая зарплата, техника на выбор, дружная инженерная культура.</p>"
90001162,Ищем: Tech Lead (Python / FastAPI / Highload),Более 6 лет,moreThan6,,,RUR,remote,"[""Linux"", ""Microservices"", ""Docker"", ""Python"", ""Kafka""]","<p>В финтех направление открыта вакансия Ищем: Tech Lead (Python / FastAPI / Highload).</p>
    <p><strong>Задачи:</strong></p><ul><li>Создание масштабируемых сервисов с низким latency.</li>
    <li>Интеграция с платежными шлюзами и внешними API.</li><li>Написание юнит и интеграционных тестов.</li></ul>
    <p><strong>Стек:</strong> Linux, Microservices, Docker, Python, Kafka.</p>
    <p><strong>Условия:</strong> полностью белая зарплата, техника на выбор, дружная инженерная культура.</p>"
90001163,Data Engineer,От 1 года до 3 лет,between1And3,170000,,RUR,remote,"[""Git"", ""REST API"", ""CI/CD"", ""Go"", ""SQLAlchemy"", ""Python"", ""Asyncio"", ""Kafka""]","<p>В финтех направление открыта вакансия Data Engineer.</p>
    <p><strong>Задачи:</strong></p><ul><li>Создание масштабируемых сервисов с низким latency.</li>
    <li>Интеграция с платежными шлюзами и внешними API.</li><li>Написание юнит и интеграционных тестов.</li></ul>
    <p><strong>Стек:</strong> Git, REST API, CI/CD, Go, SQLAlchemy, Python, Asyncio, Kafka.</p>
    <p><strong>Условия:</strong> полностью белая зарплата, техника на выбор, дружная инженерная культура.</p>"
90001164,Ищем: Senior DevOps / SRE Engineer,От 3 до 6 лет,between3And6,,,RUR,flexible,"[""Microservices"", ""CI/CD"", ""Go"", ""Kafka"", ""PostgreSQL""]","<p>В финтех направление открыта вакансия Ищем: Senior DevOps / SRE Engineer.</p>
    <p><strong>Задачи:</strong></p><ul><li>Создание масштабируемых сервисов с низким latency.</li>
    <li>Интеграция с платежными шлюзами и внешними API.</li><li>Написание юнит и интеграционных тестов.</li></ul>
    <p><strong>Стек:</strong> Microservices, CI/CD, Go, Kafka, PostgreSQL.</p>
    <p><strong>Условия:</strong> полностью белая зарплата, техника на выбор, дружная инженерная культура.</p>"
90001165,IT Компания: Junior DevOps Engineer,От 1 года до 3 лет,between1And3,85000,140000,RUR,remote,"[""REST API"", ""Git"", ""Microservices"", ""SQLAlchemy"", ""Python"", ""PostgreSQL""]","<p>В финтех направление открыта вакансия IT Компания: Junior DevOps Engineer.</p>
    <p><strong>Задачи:</strong></p><ul><li>Создание масштабируемых сервисов с низким latency.</li>
    <li>Интеграция с платежными шлюзами и внешними API.</li><li>Написание юнит и интеграционных тестов.</li></ul>
    <p><strong>Стек:</strong> REST API, Git, Microservices, SQLAlchemy, Python, PostgreSQL.</p>
    <p><strong>Условия:</strong> полностью белая зарплата, техника на выбор, дружная инженерная культура.</p>"
90001166,Trainee / Junior Data Engineer,Нет опыта,noExperience,,,RUR,remote,"[""Django"", ""Celery"", ""Go"", ""Linux""]","<h3>О проекте:</h3><p>Мы разрабатываем высоконагруженную платформу автоматизации аналитики и бизнес-процессов.</p>
    <h3>Обязанности:</h3><ul><li>Разработка микросервисов на Python и фреймворке Django.</li>
    <li>Проектирование архитектуры базы данных Redis и оптимизация сложных аналитических запросов.</li>
    <li>Контейнеризация и настройка пайплайнов деплоя с использованием Docker.</li></ul>
    <h3>Требования:</h3><ul><li>Опыт работы с технологиями: Django, Celery, Go, Linux.</li>
    <li>Понимание принципов чистого кода, SOLID и микросервисной архитектуры.</li>
    <li>Умение работать в Agile/Scrum команде.</li></ul>
    <h3>Мы предлагаем:</h3><ul><li>Конкурентная зарплата, гибкий график, ДМС и возможность удаленной работы.</li></ul>"
90001167,Ищем: Middle Python Developer,От 1 года до 3 лет,between1And3,,,RUR,remote,"[""Redis"", ""Pytest"", ""Docker"", ""Celery"", ""Python""]","<h3>О проекте:</h3><p>Мы разрабатываем высоконагруженную платформу автоматизации аналитики и бизнес-процессов.</p>
    <h3>Обязанности:</h3><ul><li>Разработка микросервисов на Python и фреймворке Flask.</li>
    <li>Проектирование архитектуры базы данных Redis и оптимизация сложных аналитических запросов.</li>
    <li>Контейнеризация и настройка пайплайнов деплоя с использованием Docker.</li></ul>
    <h3>Требования:</h3><ul><li>Опыт работы с технологиями: Redis, Pytest, Docker, Celery, Python.</li>
    <li>Понимание принципов чистого кода, SOLID и микросервисной архитектуры.</li>
    <li>Умение работать в Agile/Scrum команде.</li></ul>
    <h3>Мы предлагаем:</h3><ul><li>Конкурентная зарплата, гибкий график, ДМС и возможность удаленной работы.</li></ul>"
90001168,Ищем: Tech Lead (Python / FastAPI / Highload),Более 6 лет,moreThan6,435000,685000,RUR,fullDay,"[""Microservices"", ""Kubernetes"", ""Python""]","<h3>О проекте:</h3><p>Мы разрабатываем высоконагруженную платформу автоматизации аналитики и бизнес-процессов.</p>
    <h3>Обязанности:</h3><ul><li>Разработка микросервисов на Python и фреймворке Flask.</li>
    <li>Проектирование архитектуры базы данных Redis и оптимизация сложных аналитических запросов.</li>
    <li>Контейнеризация и настройка пайплайнов деплоя с использованием Docker и Kubernetes.</li></ul>
    <h3>Требования:</h3><ul><li>Опыт работы с технологиями: Microservices, Kubernetes, Python.</li>
    <li>Понимание принципов чистого кода, SOLID и микросервисной архитектуры.</li>
    <li>Умение работать в Agile/Scrum команде.</li></ul>
    <h3>Мы предлагаем:</h3><ul><li>Конкурентная зарплата, гибкий график, ДМС и возможность удаленной работы.</li></ul>"
90001169,Удаленно: Стажер-разработчик Python,Нет опыта,noExperience,40000,75000,RUR,fullDay,"[""REST API"", ""Linux"", ""Python"", ""ClickHouse"", ""PostgreSQL""]","<p>В финтех направление открыта вакансия Удаленно: Стажер-разработчик Python.</p>
    <p><strong>Задачи:</strong></p><ul><li>Создание масштабируемых сервисов с низким latency.</li>
    <li>Интеграция с платежными шлюзами и внешними API.</li><li>Написание юнит и интеграционных тестов.</li></ul>
    <p><strong>Стек:</strong> REST API, Linux, Python, ClickHouse, PostgreSQL.</p>
    <p><strong>Условия:</strong> полностью белая зарплата, техника на выбор, дружная инженерная культура.</p>"
90001170,Удаленно: Lead / Senior Backend Engineer (Go / Python),Более 6 лет,moreThan6,,520000,RUR,remote,"[""Kafka"", ""ClickHouse"", ""Linux"", ""Python""]","<p>В финтех направление открыта вакансия Удаленно: Lead / Senior Backend Engineer (Go / Python).</p>
    <p><strong>Задачи:</strong></p><ul><li>Создание масштабируемых сервисов с низким latency.</li>
    <li>Интеграция с платежными шлюзами и внешними API.</li><li>Написание юнит и интеграционных тестов.</li></ul>
    <p><strong>Стек:</strong> Kafka, ClickHouse, Linux, Python.</p>
    <p><strong>Условия:</strong> полностью белая зарплата, техника на выбор, дружная инженерная культура.</p>"
90001171,Go Backend Developer,От 3 до 6 лет,between3And6,210000,,RUR,fullDay,"[""Git"", ""Redis"", ""SQLAlchemy"", ""Docker"", ""Asyncio"", ""PostgreSQL""]","<p>В финтех направление открыта вакансия Go Backend Developer.</p>
    <p><strong>Задачи:</strong></p><ul><li>Создание масштабируемых сервисов с низким latency.</li>
    <li>Интеграция с платежными шлюзами и внешними API.</li><li>Написание юнит и интеграционных тестов.</li></ul>
    <p><strong>Стек:</strong> Git, Redis, SQLAlchemy, Docker, Asyncio, PostgreSQL.</p>
    <p><strong>Условия:</strong> полностью белая зарплата, техника на выбор, дружная инженерная культура.</p>"
90001172,Software Engineer,Нет опыта,noExperience,35000,65000,RUR,remote,"[""Git"", ""Django"", ""Python"", ""Kubernetes""]","<h3>О проекте:</h3><p>Мы разрабатываем высоконагруженную платформу автоматизации аналитики и бизнес-процессов.</p>
    <h3>Обязанности:</h3><ul><li>Разработка микросервисов на Python и фреймворке Django.</li>
    <li>Проектирование архитектуры базы данных Redis и оптимизация сложных аналитических запросов.</li>
    <li>Контейнеризация и настройка пайплайнов деплоя с использованием Docker и Kubernetes.</li></ul>
    <h3>Требования:</h3><ul><li>Опыт работы с технологиями: Git, Django, Python, Kubernetes.</li>
    <li>Понимание принципов чистого кода, SOLID и микросервисной архитектуры.</li>
    <li>Умение работать в Agile/Scrum команде.</li></ul>
    <h3>Мы предлагаем:</h3><ul><li>Конкурентная зарплата, гибкий график, ДМС и возможность удаленной работы.</li></ul>"
90001173,Удаленно: Senior Data Engineer / Architect,Более 6 лет,moreThan6,360000,580000,RUR,fullDay,"[""Kafka"", ""ClickHouse"", ""PostgreSQL"", ""Kubernetes""]","<h3>О проекте:</h3><p>Мы разрабатываем высоконагруженную платформу автоматизации аналитики и бизнес-процессов.</p>
    <h3>Обязанности:</h3><ul><li>Разработка микросервисов на Python и фреймворке Flask.</li>
    <li>Проектирование архитектуры базы данных PostgreSQL и оптимизация сложных аналитических запросов.</li>
    <li>Контейнеризация и настройка пайплайнов деплоя с использованием Docker и Kubernetes.</li></ul>
    <h3>Требования:</h3><ul><li>Опыт работы с технологиями: Kafka, ClickHouse, PostgreSQL, Kubernetes.</li>
    <li>Понимание принципов чистого кода, SOLID и микросервисной архитектуры.</li>
    <li>Умение работать в Agile/Scrum команде.</li></ul>
    <h3>Мы предлагаем:</h3><ul><li>Конкурентная зарплата, гибкий график, ДМС и возможность удаленной работы.</li></ul>"
90001174,Lead / Senior Backend Engineer (Go / Python),Более 6 лет,moreThan6,,,RUR,remote,"[""FastAPI"", ""Go"", ""Python"", ""Kubernetes"", ""PostgreSQL""]","<h3>О проекте:</h3><p>Мы разрабатываем высоконагруженную платформу автоматизации аналитики и бизнес-процессов.</p>
    <h3>Обязанности:</h3><ul><li>Разработка микросервисов на Python и фреймворке FastAPI.</li>
    <li>Проектирование архитектуры базы данных PostgreSQL и оптимизация сложных аналитических запросов.</li>
    <li>Контейнеризация и настройка пайплайнов деплоя с использованием Docker и Kubernetes.</li></ul>
    <h3>Требования:</h3><ul><li>Опыт работы с технологиями: FastAPI, Go, Python, Kubernetes, PostgreSQL.</li>
    <li>Понимание принципов чистого кода, SOLID и микросервисной архитектуры.</li>
    <li>Умение работать в Agile/Scrum команде.</li></ul>
    <h3>Мы предлагаем:</h3><ul><li>Конкурентная зарплата, гибкий график, ДМС и возможность удаленной работы.</li></ul>"
90001175,Junior Go / Golang Developer,Нет опыта,noExperience,,,RUR,fullDay,"[""Git"", ""REST API"", ""Linux"", ""Celery"", ""Python"", ""Asyncio"", ""Django""]","<p>В финтех направление открыта вакансия Junior Go / Golang Developer.</p>
    <p><strong>Задачи:</strong></p><ul><li>Создание масштабируемых сервисов с низким latency.</li>
    <li>Интеграция с платежными шлюзами и внешними API.</li><li>Написание юнит и интеграционных тестов.</li></ul>
    <p><strong>Стек:</strong> Git, REST API, Linux, Celery, Python, Asyncio, Django.</p>
    <p><strong>Условия:</strong> полностью белая зарплата, техника на выбор, дружная инженерная культура.</p>"
90001176,Удаленно: Lead / Senior Backend Engineer (Go / Python),Более 6 лет,moreThan6,355000,560000,RUR,remote,"[""Asyncio"", ""Kubernetes"", ""CI/CD"", ""FastAPI""]","<p>В финтех направление открыта вакансия Удаленно: Lead / Senior Backend Engineer (Go / Python).</p>
    <p><strong>Задачи:</strong></p><ul><li>Создание масштабируемых сервисов с низким latency.</li>
    <li>Интеграция с платежными шлюзами и внешними API.</li><li>Написание юнит и интеграционных тестов.</li></ul>
    <p><strong>Стек:</strong> Asyncio, Kubernetes, CI/CD, FastAPI.</p>
    <p><strong>Условия:</strong> полностью белая зарплата, техника на выбор, дружная инженерная культура.</p>"
90001177,Junior Go / Golang Developer,Нет опыта,noExperience,65000,105000,RUR,remote,"[""Git"", ""Microservices"", ""CI/CD"", ""Python"", ""Django"", ""PostgreSQL""]","<p>В финтех направление открыта вакансия Junior Go / Golang Developer.</p>
    <p><strong>Задачи:</strong></p><ul><li>Создание масштабируемых сервисов с низким latency.</li>
    <li>Интеграция с платежными шлюзами и внешними API.</li><li>Написание юнит и интеграционных тестов.</li></ul>
    <p><strong>Стек:</strong> Git, Microservices, CI/CD, Python, Django, PostgreSQL.</p>
    <p><strong>Условия:</strong> полностью белая зарплата, техника на выбор, дружная инженерная культура.</p>"
90001178,Data Engineer,От 1 года до 3 лет,between1And3,75000,115000,RUR,flexible,"[""Git"", ""Celery"", ""Microservices"", ""PostgreSQL""]","<h3>О проекте:</h3><p>Мы разрабатываем высоконагруженную платформу автоматизации аналитики и бизнес-процессов.</p>
    <h3>Обязанности:</h3><ul><li>Разработка микросервисов на Python и фреймворке Flask.</li>
    <li>Проектирование архитектуры базы данных PostgreSQL и оптимизация сложных аналитических запросов.</li>
    <li>Контейнеризация и настройка пайплайнов деплоя с использованием Docker.</li></ul>
    <h3>Требования:</h3><ul><li>Опыт работы с технологиями: Git, Celery, Microservices, PostgreSQL.</li>
    <li>Понимание принципов чистого кода, SOLID и микросервисной архитектуры.</li>
    <li>Умение работать в Agile/Scrum команде.</li></ul>
    <h3>Мы предлагаем:</h3><ul><li>Конкурентная зарплата, гибкий график, ДМС и возможность удаленной работы.</li></ul>"
90001179,Инженер бэкенда,От 1 года до 3 лет,between1And3,55000,85000,RUR,remote,"[""REST API"", ""Git"", ""Linux"", ""FastAPI"", ""Python"", ""Asyncio"", ""Django"", ""PostgreSQL""]","<p>В финтех направление открыта вакансия Инженер бэкенда.</p>
    <p><strong>Задачи:</strong></p><ul><li>Создание масштабируемых сервисов с низким latency.</li>
    <li>Интеграция с платежными шлюзами и внешними API.</li><li>Написание юнит и интеграционных тестов.</li></ul>
    <p><strong>Стек:</strong> REST API, Git, Linux, FastAPI, Python, Asyncio, Django, PostgreSQL.</p>
    <p><strong>Условия:</strong> полностью белая зарплата, техника на выбор, дружная инженерная культура.</p>"
90001180,IT Компания: Lead / Senior Backend Engineer (Go / Python),Более 6 лет,moreThan6,295000,460000,RUR,remote,"[""REST API"", ""Microservices"", ""Kafka"", ""ClickHouse"", ""PostgreSQL"", ""Kubernetes""]","<h3>О проекте:</h3><p>Мы разрабатываем высоконагруженную платформу автоматизации аналитики и бизнес-процессов.</p>
    <h3>Обязанности:</h3><ul><li>Разработка микросервисов на Python и фреймворке Flask.</li>
    <li>Проектирование архитектуры базы данных PostgreSQL и оптимизация сложных аналитических запросов.</li>
    <li>Контейнеризация и настройка пайплайнов деплоя с использованием Docker и Kubernetes.</li></ul>
    <h3>Требования:</h3><ul><li>Опыт работы с технологиями: REST API, Microservices, Kafka, ClickHouse, PostgreSQL, Kubernetes.</li>
    <li>Понимание принципов чистого кода, SOLID и микросервисной архитектуры.</li>
    <li>Умение работать в Agile/Scrum команде.</li></ul>
    <h3>Мы предлагаем:</h3><ul><li>Конкурентная зарплата, гибкий график, ДМС и возможность удаленной работы.</li></ul>"
90001181,Ищем: Junior Backend Engineer (FastAPI),От 1 года до 3 лет,between1And3,70000,110000,RUR,remote,"[""Git"", ""REST API"", ""Linux"", ""FastAPI"", ""Kafka"", ""Django"", ""PostgreSQL"", ""Kubernetes""]","<h3>О проекте:</h3><p>Мы разрабатываем высоконагруженную платформу автоматизации аналитики и бизнес-процессов.</p>
    <h3>Обязанности:</h3><ul><li>Разработка микросервисов на Python и фреймворке FastAPI.</li>
    <li>Проектирование архитектуры базы данных PostgreSQL и оптимизация сложных аналитических запросов.</li>
    <li>Контейнеризация и настройка пайплайнов деплоя с использованием Docker и Kubernetes.</li></ul>
    <h3>Требования:</h3><ul><li>Опыт работы с технологиями: Git, REST API, Linux, FastAPI, Kafka, Django, PostgreSQL, Kubernetes.</li>
    <li>Понимание принципов чистого кода, SOLID и микросервисной архитектуры.</li>
    <li>Умение работать в Agile/Scrum команде.</li></ul>
    <h3>Мы предлагаем:</h3><ul><li>Конкурентная зарплата, гибкий график, ДМС и возможность удаленной работы.</li></ul>"
90001182,Fullstack Developer (Python / Vue.js),От 1 года до 3 лет,between1And3,140000,230000,RUR,remote,"[""Celery"", ""FastAPI"", ""Python""]","<p>В финтех направление открыта вакансия Fullstack Developer (Python / Vue.js).</p>
    <p><strong>Задачи:</strong></p><ul><li>Создание масштабируемых сервисов с низким latency.</li>
    <li>Интеграция с платежными шлюзами и внешними API.</li><li>Написание юнит и интеграционных тестов.</li></ul>
    <p><strong>Стек:</strong> Celery, FastAPI, Python.</p>
    <p><strong>Условия:</strong> полностью белая зарплата, техника на выбор, дружная инженерная культура.</p>"
90001183,Middle Go Engineer (Микросервисы),От 3 до 6 лет,between3And6,,,RUR,flexible,"[""FastAPI"", ""Redis"", ""Microservices"", ""Pytest"", ""Python"", ""PostgreSQL"", ""RabbitMQ""]","<p>В финтех направление открыта вакансия Middle Go Engineer (Микросервисы).</p>
    <p><strong>Задачи:</strong></p><ul><li>Создание масштабируемых сервисов с низким latency.</li>
    <li>Интеграция с платежными шлюзами и внешними API.</li><li>Написание юнит и интеграционных тестов.</li></ul>
    <p><strong>Стек:</strong> FastAPI, Redis, Microservices, Pytest, Python, PostgreSQL, RabbitMQ.</p>
    <p><strong>Условия:</strong> полностью белая зарплата, техника на выбор, дружная инженерная культура.</p>"
90001184,"Backend Разработчик (Python, FastAPI, PostgreSQL)",От 1 года до 3 лет,between1And3,155000,250000,RUR,flexible,"[""Git"", ""FastAPI"", ""Redis"", ""SQLAlchemy"", ""Django"", ""ClickHouse"", ""PostgreSQL""]","<p>В финтех направление открыта вакансия Backend Разработчик (Python, FastAPI, PostgreSQL).</p>
    <p><strong>Задачи:</strong></p><ul><li>Создание масштабируемых сервисов с низким latency.</li>
    <li>Интеграция с платежными шлюзами и внешними API.</li><li>Написание юнит и интеграционных тестов.</li></ul>
    <p><strong>Стек:</strong> Git, FastAPI, Redis, SQLAlchemy, Django, ClickHouse, PostgreSQL.</p>
    <p><strong>Условия:</strong> полностью белая зарплата, техника на выбор, дружная инженерная культура.</p>"
90001185,Senior Python Developer,От 3 до 6 лет,between3And6,235000,,RUR,remote,"[""FastAPI"", ""Linux"", ""Microservices"", ""CI/CD"", ""Go"", ""Celery"", ""ClickHouse""]","<p>В финтех направление открыта вакансия Senior Python Developer.</p>
    <p><strong>Задачи:</strong></p><ul><li>Создание масштабируемых сервисов с низким latency.</li>
    <li>Интеграция с платежными шлюзами и внешними API.</li><li>Написание юнит и интеграционных тестов.</li></ul>
    <p><strong>Стек:</strong> FastAPI, Linux, Microservices, CI/CD, Go, Celery, ClickHouse.</p>
    <p><strong>Условия:</strong> полностью белая зарплата, техника на выбор, дружная инженерная культура.</p>"
90001186,Удаленно: Junior Python Developer,Нет опыта,noExperience,,85000,RUR,remote,"[""Git"", ""Linux"", ""Python"", ""Django"", ""PostgreSQL""]","<h3>О проекте:</h3><p>Мы разрабатываем высоконагруженную платформу автоматизации аналитики и бизнес-процессов.</p>
    <h3>Обязанности:</h3><ul><li>Разработка микросервисов на Python и фреймворке Django.</li>
    <li>Проектирование архитектуры базы данных PostgreSQL и оптимизация сложных аналитических запросов.</li>
    <li>Контейнеризация и настройка пайплайнов деплоя с использованием Docker.</li></ul>
    <h3>Требования:</h3><ul><li>Опыт работы с технологиями: Git, Linux, Python, Django, PostgreSQL.</li>
    <li>Понимание принципов чистого кода, SOLID и микросервисной архитектуры.</li>
    <li>Умение работать в Agile/Scrum команде.</li></ul>
    <h3>Мы предлагаем:</h3><ul><li>Конкурентная зарплата, гибкий график, ДМС и возможность удаленной работы.</li></ul>"
90001187,Senior Data Engineer / Architect,Более 6 лет,moreThan6,355000,,RUR,remote,"[""Linux"", ""CI/CD"", ""Go"", ""Docker"", ""Python"", ""Kubernetes""]","<h3>О проекте:</h3><p>Мы разрабатываем высоконагруженную платформу автоматизации аналитики и бизнес-процессов.</p>
    <h3>Обязанности:</h3><ul><li>Разработка микросервисов на Go и фреймворке Flask.</li>
    <li>Проектирование архитектуры базы данных Redis и оптимизация сложных аналитических запросов.</li>
    <li>Контейнеризация и настройка пайплайнов деплоя с использованием Docker и Kubernetes.</li></ul>
    <h3>Требования:</h3><ul><li>Опыт работы с технологиями: Linux, CI/CD, Go, Docker, Python, Kubernetes.</li>
    <li>Понимание принципов чистого кода, SOLID и микросервисной архитектуры.</li>
    <li>Умение работать в Agile/Scrum команде.</li></ul>
    <h3>Мы предлагаем:</h3><ul><li>Конкурентная зарплата, гибкий график, ДМС и возможность удаленной работы.</li></ul>"
90001188,IT Компания: Junior Backend Engineer (FastAPI),От 3 до 6 лет,between3And6,,,RUR,fullDay,"[""Git"", ""Microservices"", ""Celery"", ""Python"", ""Django"", ""PostgreSQL""]","<h3>О проекте:</h3><p>Мы разрабатываем высоконагруженную платформу автоматизации аналитики и бизнес-процессов.</p>
    <h3>Обязанности:</h3><ul><li>Разработка микросервисов на Python и фреймворке Django.</li>
    <li>Проектирование архитектуры базы данных PostgreSQL и оптимизация сложных аналитических запросов.</li>
    <li>Контейнеризация и настройка пайплайнов деплоя с использованием Docker.</li></ul>
    <h3>Требования:</h3><ul><li>Опыт работы с технологиями: Git, Microservices, Celery, Python, Django, PostgreSQL.</li>
    <li>Понимание принципов чистого кода, SOLID и микросервисной архитектуры.</li>
    <li>Умение работать в Agile/Scrum команде.</li></ul>
    <h3>Мы предлагаем:</h3><ul><li>Конкурентная зарплата, гибкий график, ДМС и возможность удаленной работы.</li></ul>"
90001189,"IT Компания: Senior Backend Architect (Go, PostgreSQL, Kafka)",От 3 до 6 лет,between3And6,,,RUR,fullDay,"[""Go"", ""ClickHouse""]","<h3>О проекте:</h3><p>Мы разрабатываем высоконагруженную платформу автоматизации аналитики и бизнес-процессов.</p>
    <h3>Обязанности:</h3><ul><li>Разработка микросервисов на Python и фреймворке Flask.</li>
    <li>Проектирование архитектуры базы данных Redis и оптимизация сложных аналитических запросов.</li>
    <li>Контейнеризация и настройка пайплайнов деплоя с использованием Docker.</li></ul>
    <h3>Требования:</h3><ul><li>Опыт работы с технологиями: Go, ClickHouse.</li>
    <li>Понимание принципов чистого кода, SOLID и микросервисной архитектуры.</li>
    <li>Умение работать в Agile/Scrum команде.</li></ul>
    <h3>Мы предлагаем:</h3><ul><li>Конкурентная зарплата, гибкий график, ДМС и возможность удаленной работы.</li></ul>"
90001190,Lead / Senior Backend Engineer (Go / Python),Более 6 лет,moreThan6,350000,550000,RUR,fullDay,"[""Microservices"", ""Pytest"", ""CI/CD"", ""Kubernetes"", ""PostgreSQL""]","<h3>О проекте:</h3><p>Мы разрабатываем высоконагруженную платформу автоматизации аналитики и бизнес-процессов.</p>
    <h3>Обязанности:</h3><ul><li>Разработка микросервисов на Python и фреймворке Flask.</li>
    <li>Проектирование архитектуры базы данных PostgreSQL и оптимизация сложных аналитических запросов.</li>
    <li>Контейнеризация и настройка пайплайнов деплоя с использованием Docker и Kubernetes.</li></ul>
    <h3>Требования:</h3><ul><li>Опыт работы с технологиями: Microservices, Pytest, CI/CD, Kubernetes, PostgreSQL.</li>
    <li>Понимание принципов чистого кода, SOLID и микросервисной архитектуры.</li>
    <li>Умение работать в Agile/Scrum команде.</li></ul>
    <h3>Мы предлагаем:</h3><ul><li>Конкурентная зарплата, гибкий график, ДМС и возможность удаленной работы.</li></ul>"
90001191,Инженер бэкенда,От 1 года до 3 лет,between1And3,135000,,RUR,remote,"[""FastAPI"", ""Linux"", ""Go"", ""SQLAlchemy"", ""Docker"", ""Asyncio""]","<p>В финтех направление открыта вакансия Инженер бэкенда.</p>
    <p><strong>Задачи:</strong></p><ul><li>Создание масштабируемых сервисов с низким latency.</li>
    <li>Интеграция с платежными шлюзами и внешними API.</li><li>Написание юнит и интеграционных тестов.</li></ul>
    <p><strong>Стек:</strong> FastAPI, Linux, Go, SQLAlchemy, Docker, Asyncio.</p>
    <p><strong>Условия:</strong> полностью белая зарплата, техника на выбор, дружная инженерная культура.</p>"
90001192,Senior Golang Developer,От 3 до 6 лет,between3And6,335000,505000,RUR,flexible,"[""Kubernetes"", ""FastAPI"", ""Docker""]","<p>В финтех направление открыта вакансия Senior Golang Developer.</p>
    <p><strong>Задачи:</strong></p><ul><li>Создание масштабируемых сервисов с низким latency.</li>
    <li>Интеграция с платежными шлюзами и внешними API.</li><li>Написание юнит и интеграционных тестов.</li></ul>
    <p><strong>Стек:</strong> Kubernetes, FastAPI, Docker.</p>
    <p><strong>Условия:</strong> полностью белая зарплата, техника на выбор, дружная инженерная культура.</p>"
90001193,IT Компания: Fullstack Developer (Python / Vue.js),От 1 года до 3 лет,between1And3,,,RUR,remote,"[""Asyncio"", ""Git"", ""SQLAlchemy""]","<h3>О проекте:</h3><p>Мы разрабатываем высоконагруженную платформу автоматизации аналитики и бизнес-процессов.</p>
    <h3>Обязанности:</h3><ul><li>Разработка микросервисов на Python и фреймворке Flask.</li>
    <li>Проектирование архитектуры базы данных Redis и оптимизация сложных аналитических запросов.</li>
    <li>Контейнеризация и настройка пайплайнов деплоя с использованием Docker.</li></ul>
    <h3>Требования:</h3><ul><li>Опыт работы с технологиями: Asyncio, Git, SQLAlchemy.</li>
    <li>Понимание принципов чистого кода, SOLID и микросервисной архитектуры.</li>
    <li>Умение работать в Agile/Scrum команде.</li></ul>
    <h3>Мы предлагаем:</h3><ul><li>Конкурентная зарплата, гибкий график, ДМС и возможность удаленной работы.</li></ul>"
90001194,Senior DevOps / SRE Engineer,От 3 до 6 лет,between3And6,255000,,RUR,remote,"[""FastAPI"", ""Linux"", ""Python"", ""Kafka"", ""ClickHouse""]","<h3>О проекте:</h3><p>Мы разрабатываем высоконагруженную платформу автоматизации аналитики и бизнес-процессов.</p>
    <h3>Обязанности:</h3><ul><li>Разработка микросервисов на Python и фреймворке FastAPI.</li>
    <li>Проектирование архитектуры базы данных Redis и оптимизация сложных аналитических запросов.</li>
    <li>Контейнеризация и настройка пайплайнов деплоя с использованием Docker.</li></ul>
    <h3>Требования:</h3><ul><li>Опыт работы с технологиями: FastAPI, Linux, Python, Kafka, ClickHouse.</li>
    <li>Понимание принципов чистого кода, SOLID и микросервисной архитектуры.</li>
    <li>Умение работать в Agile/Scrum команде.</li></ul>
    <h3>Мы предлагаем:</h3><ul><li>Конкурентная зарплата, гибкий график, ДМС и возможность удаленной работы.</li></ul>"
90001195,Senior Python Developer,От 3 до 6 лет,between3And6,,,RUR,fullDay,"[""Linux"", ""CI/CD"", ""Go"", ""Python"", ""Django""]","<p>В финтех направление открыта вакансия Senior Python Developer.</p>
    <p><strong>Задачи:</strong></p><ul><li>Создание масштабируемых сервисов с низким latency.</li>
    <li>Интеграция с платежными шлюзами и внешними API.</li><li>Написание юнит и интеграционных тестов.</li></ul>
    <p><strong>Стек:</strong> Linux, CI/CD, Go, Python, Django.</p>
    <p><strong>Условия:</strong> полностью белая зарплата, техника на выбор, дружная инженерная культура.</p>"
90001196,Go Backend Developer,От 3 до 6 лет,between3And6,,,RUR,fullDay,"[""SQLAlchemy"", ""PostgreSQL"", ""Python""]","<p>В финтех направление открыта вакансия Go Backend Developer.</p>
    <p><strong>Задачи:</strong></p><ul><li>Создание масштабируемых сервисов с низким latency.</li>
    <li>Интеграция с платежными шлюзами и внешними API.</li><li>Написание юнит и интеграционных тестов.</li></ul>
    <p><strong>Стек:</strong> SQLAlchemy, PostgreSQL, Python.</p>
    <p><strong>Условия:</strong> полностью белая зарплата, техника на выбор, дружная инженерная культура.</p>"
90001197,IT Компания: Младший программист Python / Django,От 1 года до 3 лет,between1And3,60000,,RUR,fullDay,"[""REST API"", ""Git"", ""Linux"", ""Python"", ""PostgreSQL""]","<p>В финтех направление открыта вакансия IT Компания: Младший программист Python / Django.</p>
    <p><strong>Задачи:</strong></p><ul><li>Создание масштабируемых сервисов с низким latency.</li>
    <li>Интеграция с платежными шлюзами и внешними API.</li><li>Написание юнит и интеграционных тестов.</li></ul>
    <p><strong>Стек:</strong> REST API, Git, Linux, Python, PostgreSQL.</p>
    <p><strong>Условия:</strong> полностью белая зарплата, техника на выбор, дружная инженерная культура.</p>"
90001198,Senior Golang Developer,От 3 до 6 лет,between3And6,355000,535000,RUR,flexible,"[""FastAPI"", ""Microservices"", ""Pytest"", ""CI/CD"", ""ClickHouse""]","<p>В финтех направление открыта вакансия Senior Golang Developer.</p>
    <p><strong>Задачи:</strong></p><ul><li>Создание масштабируемых сервисов с низким latency.</li>
    <li>Интеграция с платежными шлюзами и внешними API.</li><li>Написание юнит и интеграционных тестов.</li></ul>
    <p><strong>Стек:</strong> FastAPI, Microservices, Pytest, CI/CD, ClickHouse.</p>
    <p><strong>Условия:</strong> полностью белая зарплата, техника на выбор, дружная инженерная культура.</p>"
90001199,Удаленно: Middle Python Developer,От 1 года до 3 лет,between1And3,130000,205000,RUR,fullDay,"[""FastAPI"", ""Linux"", ""SQLAlchemy"", ""Docker"", ""Python""]","<p>В финтех направление открыта вакансия Удаленно: Middle Python Developer.</p>
    <p><strong>Задачи:</strong></p><ul><li>Создание масштабируемых сервисов с низким latency.</li>
    <li>Интеграция с платежными шлюзами и внешними API.</li><li>Написание юнит и интеграционных тестов.</li></ul>
    <p><strong>Стек:</strong> FastAPI, Linux, SQLAlchemy, Docker, Python.</p>
    <p><strong>Условия:</strong> полностью белая зарплата, техника на выбор, дружная инженерная культура.</p>"
90001200,Ищем: Lead / Senior Backend Engineer (Go / Python),Более 6 лет,moreThan6,375000,590000,RUR,fullDay,"[""REST API"", ""FastAPI"", ""Microservices"", ""CI/CD"", ""Docker"", ""PostgreSQL""]","<h3>О проекте:</h3><p>Мы разрабатываем высоконагруженную платформу автоматизации аналитики и бизнес-процессов.</p>
    <h3>Обязанности:</h3><ul><li>Разработка микросервисов на Python и фреймворке FastAPI.</li>
    <li>Проектирование архитектуры базы данных PostgreSQL и оптимизация сложных аналитических запросов.</li>
    <li>Контейнеризация и настройка пайплайнов деплоя с использованием Docker.</li></ul>
    <h3>Требования:</h3><ul><li>Опыт работы с технологиями: REST API, FastAPI, Microservices, CI/CD, Docker, PostgreSQL.</li>
    <li>Понимание принципов чистого кода, SOLID и микросервисной архитектуры.</li>
    <li>Умение работать в Agile/Scrum команде.</li></ul>
    <h3>Мы предлагаем:</h3><ul><li>Конкурентная зарплата, гибкий график, ДМС и возможность удаленной работы.</li></ul>"
90001201,IT Компания: Lead / Senior Backend Engineer (Go / Python),Более 6 лет,moreThan6,300000,465000,RUR,fullDay,"[""Go"", ""Docker"", ""Python""]","<h3>О проекте:</h3><p>Мы разрабатываем высоконагруженную платформу автоматизации аналитики и бизнес-процессов.</p>
    <h3>Обязанности:</h3><ul><li>Разработка микросервисов на Go и фреймворке Flask.</li>
    <li>Проектирование архитектуры базы данных Redis и оптимизация сложных аналитических запросов.</li>
    <li>Контейнеризация и настройка пайплайнов деплоя с использованием Docker.</li></ul>
    <h3>Требования:</h3><ul><li>Опыт работы с технологиями: Go, Docker, Python.</li>
    <li>Понимание принципов чистого кода, SOLID и микросервисной архитектуры.</li>
    <li>Умение работать в Agile/Scrum команде.</li></ul>
    <h3>Мы предлагаем:</h3><ul><li>Конкурентная зарплата, гибкий график, ДМС и возможность удаленной работы.</li></ul>"
90001202,Middle Data Engineer,От 3 до 6 лет,between3And6,145000,220000,RUR,remote,"[""Git"", ""Kubernetes"", ""FastAPI""]","<h3>О проекте:</h3><p>Мы разрабатываем высоконагруженную платформу автоматизации аналитики и бизнес-процессов.</p>
    <h3>Обязанности:</h3><ul><li>Разработка микросервисов на Python и фреймворке FastAPI.</li>
    <li>Проектирование архитектуры базы данных Redis и оптимизация сложных аналитических запросов.</li>
    <li>Контейнеризация и настройка пайплайнов деплоя с использованием Docker и Kubernetes.</li></ul>
    <h3>Требования:</h3><ul><li>Опыт работы с технологиями: Git, Kubernetes, FastAPI.</li>
    <li>Понимание принципов чистого кода, SOLID и микросервисной архитектуры.</li>
    <li>Умение работать в Agile/Scrum команде.</li></ul>
    <h3>Мы предлагаем:</h3><ul><li>Конкурентная зарплата, гибкий график, ДМС и возможность удаленной работы.</li></ul>"
90001203,"Удаленно: Senior Backend Architect (Go, PostgreSQL, Kafka)",Более 6 лет,moreThan6,,,RUR,remote,"[""Linux"", ""Redis"", ""Microservices"", ""ClickHouse"", ""PostgreSQL""]","<h3>О проекте:</h3><p>Мы разрабатываем высоконагруженную платформу автоматизации аналитики и бизнес-процессов.</p>
    <h3>Обязанности:</h3><ul><li>Разработка микросервисов на Python и фреймворке Flask.</li>
    <li>Проектирование архитектуры базы данных PostgreSQL и оптимизация сложных аналитических запросов.</li>
    <li>Контейнеризация и настройка пайплайнов деплоя с использованием Docker.</li></ul>
    <h3>Требования:</h3><ul><li>Опыт работы с технологиями: Linux, Redis, Microservices, ClickHouse, PostgreSQL.</li>
    <li>Понимание принципов чистого кода, SOLID и микросервисной архитектуры.</li>
    <li>Умение работать в Agile/Scrum команде.</li></ul>
    <h3>Мы предлагаем:</h3><ul><li>Конкурентная зарплата, гибкий график, ДМС и возможность удаленной работы.</li></ul>"
90001204,Удаленно: Middle Python Developer,От 1 года до 3 лет,between1And3,120000,190000,RUR,remote,"[""Git"", ""SQLAlchemy"", ""Python"", ""ClickHouse"", ""PostgreSQL""]","<p>В финтех направление открыта вакансия Удаленно: Middle Python Developer.</p>
    <p><strong>Задачи:</strong></p><ul><li>Создание масштабируемых сервисов с низким latency.</li>
    <li>Интеграция с платежными шлюзами и внешними API.</li><li>Написание юнит и интеграционных тестов.</li></ul>
    <p><strong>Стек:</strong> Git, SQLAlchemy, Python, ClickHouse, PostgreSQL.</p>
    <p><strong>Условия:</strong> полностью белая зарплата, техника на выбор, дружная инженерная культура.</p>"
90001205,IT Компания: Младший программист Python / Django,От 1 года до 3 лет,between1And3,,85000,RUR,remote,"[""Git"", ""Linux"", ""PostgreSQL"", ""Python""]","<p>В финтех направление открыта вакансия IT Компания: Младший программист Python / Django.</p>
    <p><strong>Задачи:</strong></p><ul><li>Создание масштабируемых сервисов с низким latency.</li>
    <li>Интеграция с платежными шлюзами и внешними API.</li><li>Написание юнит и интеграционных тестов.</li></ul>
    <p><strong>Стек:</strong> Git, Linux, PostgreSQL, Python.</p>
    <p><strong>Условия:</strong> полностью белая зарплата, техника на выбор, дружная инженерная культура.</p>"
90001206,Junior Backend Engineer (FastAPI),От 1 года до 3 лет,between1And3,,,RUR,remote,"[""Django"", ""Go"", ""Linux""]","<h3>О проекте:</h3><p>Мы разрабатываем высоконагруженную платформу автоматизации аналитики и бизнес-процессов.</p>
    <h3>Обязанности:</h3><ul><li>Разработка микросервисов на Go и фреймворке Django.</li>
    <li>Проектирование архитектуры базы данных Redis и оптимизация сложных аналитических запросов.</li>
    <li>Контейнеризация и настройка пайплайнов деплоя с использованием Docker.</li></ul>
    <h3>Требования:</h3><ul><li>Опыт работы с технологиями: Django, Go, Linux.</li>
    <li>Понимание принципов чистого кода, SOLID и микросервисной архитектуры.</li>
    <li>Умение работать в Agile/Scrum команде.</li></ul>
    <h3>Мы предлагаем:</h3><ul><li>Конкурентная зарплата, гибкий график, ДМС и возможность удаленной работы.</li></ul>"
90001207,IT Компания: Lead / Senior Backend Engineer (Go / Python),Более 6 лет,moreThan6,,,RUR,flexible,"[""Kubernetes"", ""ClickHouse"", ""SQLAlchemy""]","<p>В финтех направление открыта вакансия IT Компания: Lead / Senior Backend Engineer (Go / Python).</p>
    <p><strong>Задачи:</strong></p><ul><li>Создание масштабируемых сервисов с низким latency.</li>
    <li>Интеграция с платежными шлюзами и внешними API.</li><li>Написание юнит и интеграционных тестов.</li></ul>
    <p><strong>Стек:</strong> Kubernetes, ClickHouse, SQLAlchemy.</p>
    <p><strong>Условия:</strong> полностью белая зарплата, техника на выбор, дружная инженерная культура.</p>"
90001208,Go Backend Developer,Более 6 лет,moreThan6,375000,,RUR,remote,"[""Linux"", ""Microservices"", ""Go"", ""Docker"", ""Python""]","<h3>О проекте:</h3><p>Мы разрабатываем высоконагруженную платформу автоматизации аналитики и бизнес-процессов.</p>
    <h3>Обязанности:</h3><ul><li>Разработка микросервисов на Python и фреймворке Flask.</li>
    <li>Проектирование архитектуры базы данных Redis и оптимизация сложных аналитических запросов.</li>
    <li>Контейнеризация и настройка пайплайнов деплоя с использованием Docker.</li></ul>
    <h3>Требования:</h3><ul><li>Опыт работы с технологиями: Linux, Microservices, Go, Docker, Python.</li>
    <li>Понимание принципов чистого кода, SOLID и микросервисной архитектуры.</li>
    <li>Умение работать в Agile/Scrum команде.</li></ul>
    <h3>Мы предлагаем:</h3><ul><li>Конкурентная зарплата, гибкий график, ДМС и возможность удаленной работы.</li></ul>"
90001209,IT Компания: Junior Python Developer,Нет опыта,noExperience,,,RUR,fullDay,"[""Git"", ""REST API"", ""Celery"", ""Python""]","<p>В финтех направление открыта вакансия IT Компания: Junior Python Developer.</p>
    <p><strong>Задачи:</strong></p><ul><li>Создание масштабируемых сервисов с низким latency.</li>
    <li>Интеграция с платежными шлюзами и внешними API.</li><li>Написание юнит и интеграционных тестов.</li></ul>
    <p><strong>Стек:</strong> Git, REST API, Celery, Python.</p>
    <p><strong>Условия:</strong> полностью белая зарплата, техника на выбор, дружная инженерная культура.</p>"
90001210,Senior Golang Developer,От 3 до 6 лет,between3And6,,,RUR,remote,"[""Redis"", ""Go"", ""Docker"", ""Python"", ""RabbitMQ""]","<p>В финтех направление открыта вакансия Senior Golang Developer.</p>
    <p><strong>Задачи:</strong></p><ul><li>Создание масштабируемых сервисов с низким latency.</li>
    <li>Интеграция с платежными шлюзами и внешними API.</li><li>Написание юнит и интеграционных тестов.</li></ul>
    <p><strong>Стек:</strong> Redis, Go, Docker, Python, RabbitMQ.</p>
    <p><strong>Условия:</strong> полностью белая зарплата, техника на выбор, дружная инженерная культура.</p>"
90001211,Ищем: Junior Backend Engineer (FastAPI),От 1 года до 3 лет,between1And3,70000,,RUR,remote,"[""Git"", ""REST API"", ""Linux"", ""Python"", ""PostgreSQL""]","<p>В финтех направление открыта вакансия Ищем: Junior Backend Engineer (FastAPI).</p>
    <p><strong>Задачи:</strong></p><ul><li>Создание масштабируемых сервисов с низким latency.</li>
    <li>Интеграция с платежными шлюзами и внешними API.</li><li>Написание юнит и интеграционных тестов.</li></ul>
    <p><strong>Стек:</strong> Git, REST API, Linux, Python, PostgreSQL.</p>
    <p><strong>Условия:</strong> полностью белая зарплата, техника на выбор, дружная инженерная культура.</p>"
90001212,Младший программист Python / Django,От 3 до 6 лет,between3And6,,,RUR,flexible,"[""Git"", ""Redis"", ""CI/CD"", ""Python"", ""Kafka""]","<p>В финтех направление открыта вакансия Младший программист Python / Django.</p>
    <p><strong>Задачи:</strong></p><ul><li>Создание масштабируемых сервисов с низким latency.</li>
    <li>Интеграция с платежными шлюзами и внешними API.</li><li>Написание юнит и интеграционных тестов.</li></ul>
    <p><strong>Стек:</strong> Git, Redis, CI/CD, Python, Kafka.</p>
    <p><strong>Условия:</strong> полностью белая зарплата, техника на выбор, дружная инженерная культура.</p>"
90001213,IT Компания: Trainee / Junior Data Engineer,Нет опыта,noExperience,,,RUR,fullDay,"[""Git"", ""REST API"", ""FastAPI"", ""Linux"", ""CI/CD"", ""Python""]","<p>В финтех направление открыта вакансия IT Компания: Trainee / Junior Data Engineer.</p>
    <p><strong>Задачи:</strong></p><ul><li>Создание масштабируемых сервисов с низким latency.</li>
    <li>Интеграция с платежными шлюзами и внешними API.</li><li>Написание юнит и интеграционных тестов.</li></ul>
    <p><strong>Стек:</strong> Git, REST API, FastAPI, Linux, CI/CD, Python.</p>
    <p><strong>Условия:</strong> полностью белая зарплата, техника на выбор, дружная инженерная культура.</p>"
90001214,DevOps Engineer,Более 6 лет,moreThan6,410000,610000,RUR,remote,"[""Celery"", ""Go"", ""Linux"", ""ClickHouse""]","<h3>О проекте:</h3><p>Мы разрабатываем высоконагруженную платформу автоматизации аналитики и бизнес-процессов.</p>
    <h3>Обязанности:</h3><ul><li>Разработка микросервисов на Go и фреймворке Flask.</li>
    <li>Проектирование архитектуры базы данных Redis и оптимизация сложных аналитических запросов.</li>
    <li>Контейнеризация и настройка пайплайнов деплоя с использованием Docker.</li></ul>
    <h3>Требования:</h3><ul><li>Опыт работы с технологиями: Celery, Go, Linux, ClickHouse.</li>
    <li>Понимание принципов чистого кода, SOLID и микросервисной архитектуры.</li>
    <li>Умение работать в Agile/Scrum команде.</li></ul>
    <h3>Мы предлагаем:</h3><ul><li>Конкурентная зарплата, гибкий график, ДМС и возможность удаленной работы.</li></ul>"
90001215,IT Компания: Trainee / Junior Data Engineer,Нет опыта,noExperience,50000,80000,RUR,remote,"[""REST API"", ""Git"", ""Linux"", ""Go"", ""Python"", ""Django""]","<p>В финтех направление открыта вакансия IT Компания: Trainee / Junior Data Engineer.</p>
    <p><strong>Задачи:</strong></p><ul><li>Создание масштабируемых сервисов с низким latency.</li>
    <li>Интеграция с платежными шлюзами и внешними API.</li><li>Написание юнит и интеграционных тестов.</li></ul>
    <p><strong>Стек:</strong> REST API, Git, Linux, Go, Python, Django.</p>
    <p><strong>Условия:</strong> полностью белая зарплата, техника на выбор, дружная инженерная культура.</p>"
90001216,"IT Компания: Backend Разработчик (Python, FastAPI, PostgreSQL)",От 1 года до 3 лет,between1And3,,,RUR,fullDay,"[""Kafka"", ""ClickHouse"", ""FastAPI"", ""Python""]","<h3>О проекте:</h3><p>Мы разрабатываем высоконагруженную платформу автоматизации аналитики и бизнес-процессов.</p>
    <h3>Обязанности:</h3><ul><li>Разработка микросервисов на Python и фреймворке FastAPI.</li>
    <li>Проектирование архитектуры базы данных Redis и оптимизация сложных аналитических запросов.</li>
    <li>Контейнеризация и настройка пайплайнов деплоя с использованием Docker.</li></ul>
    <h3>Требования:</h3><ul><li>Опыт работы с технологиями: Kafka, ClickHouse, FastAPI, Python.</li>
    <li>Понимание принципов чистого кода, SOLID и микросервисной архитектуры.</li>
    <li>Умение работать в Agile/Scrum команде.</li></ul>
    <h3>Мы предлагаем:</h3><ul><li>Конкурентная зарплата, гибкий график, ДМС и возможность удаленной работы.</li></ul>"
90001217,IT Компания: Junior Go / Golang Developer,От 1 года до 3 лет,between1And3,70000,120000,RUR,fullDay,"[""REST API"", ""Git"", ""Linux"", ""Microservices"", ""Go"", ""PostgreSQL""]","<h3>О проекте:</h3><p>Мы разрабатываем высоконагруженную платформу автоматизации аналитики и бизнес-процессов.</p>
    <h3>Обязанности:</h3><ul><li>Разработка микросервисов на Python и фреймворке Flask.</li>
    <li>Проектирование архитектуры базы данных PostgreSQL и оптимизация сложных аналитических запросов.</li>
    <li>Контейнеризация и настройка пайплайнов деплоя с использованием Docker.</li></ul>
    <h3>Требования:</h3><ul><li>Опыт работы с технологиями: REST API, Git, Linux, Microservices, Go, PostgreSQL.</li>
    <li>Понимание принципов чистого кода, SOLID и микросервисной архитектуры.</li>
    <li>Умение работать в Agile/Scrum команде.</li></ul>
    <h3>Мы предлагаем:</h3><ul><li>Конкурентная зарплата, гибкий график, ДМС и возможность удаленной работы.</li></ul>"
90001218,Ищем: Senior Golang Developer,От 3 до 6 лет,between3And6,,,RUR,fullDay,"[""REST API"", ""FastAPI"", ""Go"", ""Docker"", ""Python"", ""PostgreSQL""]","<p>В финтех направление открыта вакансия Ищем: Senior Golang Developer.</p>
    <p><strong>Задачи:</strong></p><ul><li>Создание масштабируемых сервисов с низким latency.</li>
    <li>Интеграция с платежными шлюзами и внешними API.</li><li>Написание юнит и интеграционных тестов.</li></ul>
    <p><strong>Стек:</strong> REST API, FastAPI, Go, Docker, Python, PostgreSQL.</p>
    <p><strong>Условия:</strong> полностью белая зарплата, техника на выбор, дружная инженерная культура.</p>"
90001219,Junior Python Developer,Нет опыта,noExperience,,,RUR,remote,"[""REST API"", ""Linux"", ""Python"", ""Django"", ""ClickHouse"", ""PostgreSQL""]","<h3>О проекте:</h3><p>Мы разрабатываем высоконагруженную платформу автоматизации аналитики и бизнес-процессов.</p>
    <h3>Обязанности:</h3><ul><li>Разработка микросервисов на Python и фреймворке Django.</li>
    <li>Проектирование архитектуры базы данных PostgreSQL и оптимизация сложных аналитических запросов.</li>
    <li>Контейнеризация и настройка пайплайнов деплоя с использованием Docker.</li></ul>
    <h3>Требования:</h3><ul><li>Опыт работы с технологиями: REST API, Linux, Python, Django, ClickHouse, PostgreSQL.</li>
    <li>Понимание принципов чистого кода, SOLID и микросервисной архитектуры.</li>
    <li>Умение работать в Agile/Scrum команде.</li></ul>
    <h3>Мы предлагаем:</h3><ul><li>Конкурентная зарплата, гибкий график, ДМС и возможность удаленной работы.</li></ul>"
90001220,Software Engineer,Нет опыта,noExperience,80000,125000,RUR,remote,"[""REST API"", ""Linux"", ""Pytest"", ""Go"", ""SQLAlchemy"", ""Django""]","<p>В финтех направление открыта вакансия Software Engineer.</p>
    <p><strong>Задачи:</strong></p><ul><li>Создание масштабируемых сервисов с низким latency.</li>
    <li>Интеграция с платежными шлюзами и внешними API.</li><li>Написание юнит и интеграционных тестов.</li></ul>
    <p><strong>Стек:</strong> REST API, Linux, Pytest, Go, SQLAlchemy, Django.</p>
    <p><strong>Условия:</strong> полностью белая зарплата, техника на выбор, дружная инженерная культура.</p>"
90001221,"Ищем: Backend Разработчик (Python, FastAPI, PostgreSQL)",От 1 года до 3 лет,between1And3,175000,285000,RUR,remote,"[""Redis"", ""Microservices"", ""Go"", ""Python"", ""ClickHouse""]","<h3>О проекте:</h3><p>Мы разрабатываем высоконагруженную платформу автоматизации аналитики и бизнес-процессов.</p>
    <h3>Обязанности:</h3><ul><li>Разработка микросервисов на Go и фреймворке Flask.</li>
    <li>Проектирование архитектуры базы данных Redis и оптимизация сложных аналитических запросов.</li>
    <li>Контейнеризация и настройка пайплайнов деплоя с использованием Docker.</li></ul>
    <h3>Требования:</h3><ul><li>Опыт работы с технологиями: Redis, Microservices, Go, Python, ClickHouse.</li>
    <li>Понимание принципов чистого кода, SOLID и микросервисной архитектуры.</li>
    <li>Умение работать в Agile/Scrum команде.</li></ul>
    <h3>Мы предлагаем:</h3><ul><li>Конкурентная зарплата, гибкий график, ДМС и возможность удаленной работы.</li></ul>"
90001222,"Middle DevOps Engineer (Docker, K8s)",От 3 до 6 лет,between3And6,,,RUR,remote,"[""FastAPI"", ""Redis"", ""Pytest"", ""Celery"", ""Asyncio""]","<p>В финтех направление открыта вакансия Middle DevOps Engineer (Docker, K8s).</p>
    <p><strong>Задачи:</strong></p><ul><li>Создание масштабируемых сервисов с низким latency.</li>
    <li>Интеграция с платежными шлюзами и внешними API.</li><li>Написание юнит и интеграционных тестов.</li></ul>
    <p><strong>Стек:</strong> FastAPI, Redis, Pytest, Celery, Asyncio.</p>
    <p><strong>Условия:</strong> полностью белая зарплата, техника на выбор, дружная инженерная культура.</p>"
90001223,Data Engineer,От 3 до 6 лет,between3And6,220000,330000,RUR,fullDay,"[""Kubernetes"", ""Docker"", ""Redis""]","<p>В финтех направление открыта вакансия Data Engineer.</p>
    <p><strong>Задачи:</strong></p><ul><li>Создание масштабируемых сервисов с низким latency.</li>
    <li>Интеграция с платежными шлюзами и внешними API.</li><li>Написание юнит и интеграционных тестов.</li></ul>
    <p><strong>Стек:</strong> Kubernetes, Docker, Redis.</p>
    <p><strong>Условия:</strong> полностью белая зарплата, техника на выбор, дружная инженерная культура.</p>"
90001224,"Middle DevOps Engineer (Docker, K8s)",От 3 до 6 лет,between3And6,195000,300000,RUR,remote,"[""Redis"", ""SQLAlchemy"", ""Celery"", ""Python"", ""Asyncio"", ""PostgreSQL""]","<h3>О проекте:</h3><p>Мы разрабатываем высоконагруженную платформу автоматизации аналитики и бизнес-процессов.</p>
    <h3>Обязанности:</h3><ul><li>Разработка микросервисов на Python и фреймворке Flask.</li>
    <li>Проектирование архитектуры базы данных PostgreSQL и оптимизация сложных аналитических запросов.</li>
    <li>Контейнеризация и настройка пайплайнов деплоя с использованием Docker.</li></ul>
    <h3>Требования:</h3><ul><li>Опыт работы с технологиями: Redis, SQLAlchemy, Celery, Python, Asyncio, PostgreSQL.</li>
    <li>Понимание принципов чистого кода, SOLID и микросервисной архитектуры.</li>
    <li>Умение работать в Agile/Scrum команде.</li></ul>
    <h3>Мы предлагаем:</h3><ul><li>Конкурентная зарплата, гибкий график, ДМС и возможность удаленной работы.</li></ul>"
90001225,Middle Python Developer,От 1 года до 3 лет,between1And3,120000,195000,RUR,fullDay,"[""Git"", ""FastAPI"", ""Microservices"", ""Docker"", ""Python"", ""Asyncio""]","<p>В финтех направление открыта вакансия Middle Python Developer.</p>
    <p><strong>Задачи:</strong></p><ul><li>Создание масштабируемых сервисов с низким latency.</li>
    <li>Интеграция с платежными шлюзами и внешними API.</li><li>Написание юнит и интеграционных тестов.</li></ul>
    <p><strong>Стек:</strong> Git, FastAPI, Microservices, Docker, Python, Asyncio.</p>
    <p><strong>Условия:</strong> полностью белая зарплата, техника на выбор, дружная инженерная культура.</p>"
90001226,Senior Python Developer,От 3 до 6 лет,between3And6,275000,435000,RUR,flexible,"[""FastAPI"", ""Microservices"", ""Python"", ""Kubernetes"", ""PostgreSQL""]","<p>В финтех направление открыта вакансия Senior Python Developer.</p>
    <p><strong>Задачи:</strong></p><ul><li>Создание масштабируемых сервисов с низким latency.</li>
    <li>Интеграция с платежными шлюзами и внешними API.</li><li>Написание юнит и интеграционных тестов.</li></ul>
    <p><strong>Стек:</strong> FastAPI, Microservices, Python, Kubernetes, PostgreSQL.</p>
    <p><strong>Условия:</strong> полностью белая зарплата, техника на выбор, дружная инженерная культура.</p>"
90001227,Junior Go / Golang Developer,Нет опыта,noExperience,50000,90000,RUR,remote,"[""Git"", ""Django"", ""Python"", ""Asyncio""]","<p>В финтех направление открыта вакансия Junior Go / Golang Developer.</p>
    <p><strong>Задачи:</strong></p><ul><li>Создание масштабируемых сервисов с низким latency.</li>
    <li>Интеграция с платежными шлюзами и внешними API.</li><li>Написание юнит и интеграционных тестов.</li></ul>
    <p><strong>Стек:</strong> Git, Django, Python, Asyncio.</p>
    <p><strong>Условия:</strong> полностью белая зарплата, техника на выбор, дружная инженерная культура.</p>"
90001228,Разработчик Python,От 1 года до 3 лет,between1And3,,,RUR,remote,"[""Go"", ""Celery"", ""Python""]","<h3>О проекте:</h3><p>Мы разрабатываем высоконагруженную платформу автоматизации аналитики и бизнес-процессов.</p>
    <h3>Обязанности:</h3><ul><li>Разработка микросервисов на Python и фреймворке Flask.</li>
    <li>Проектирование архитектуры базы данных Redis и оптимизация сложных аналитических запросов.</li>
    <li>Контейнеризация и настройка пайплайнов деплоя с использованием Docker.</li></ul>
    <h3>Требования:</h3><ul><li>Опыт работы с технологиями: Go, Celery, Python.</li>
    <li>Понимание принципов чистого кода, SOLID и микросервисной архитектуры.</li>
    <li>Умение работать в Agile/Scrum команде.</li></ul>
    <h3>Мы предлагаем:</h3><ul><li>Конкурентная зарплата, гибкий график, ДМС и возможность удаленной работы.</li></ul>"
90001229,DevOps Engineer,От 1 года до 3 лет,between1And3,145000,230000,RUR,flexible,"[""FastAPI"", ""Redis"", ""Go"", ""Celery"", ""Python"", ""Asyncio""]","<p>В финтех направление открыта вакансия DevOps Engineer.</p>
    <p><strong>Задачи:</strong></p><ul><li>Создание масштабируемых сервисов с низким latency.</li>
    <li>Интеграция с платежными шлюзами и внешними API.</li><li>Написание юнит и интеграционных тестов.</li></ul>
    <p><strong>Стек:</strong> FastAPI, Redis, Go, Celery, Python, Asyncio.</p>
    <p><strong>Условия:</strong> полностью белая зарплата, техника на выбор, дружная инженерная культура.</p>"
90001230,"Удаленно: Middle DevOps Engineer (Docker, K8s)",От 3 до 6 лет,between3And6,215000,340000,RUR,fullDay,"[""Kafka"", ""SQLAlchemy"", ""PostgreSQL"", ""Docker""]","<p>В финтех направление открыта вакансия Удаленно: Middle DevOps Engineer (Docker, K8s).</p>
    <p><strong>Задачи:</strong></p><ul><li>Создание масштабируемых сервисов с низким latency.</li>
    <li>Интеграция с платежными шлюзами и внешними API.</li><li>Написание юнит и интеграционных тестов.</li></ul>
    <p><strong>Стек:</strong> Kafka, SQLAlchemy, PostgreSQL, Docker.</p>
    <p><strong>Условия:</strong> полностью белая зарплата, техника на выбор, дружная инженерная культура.</p>"
90001231,Junior Python Developer,Нет опыта,noExperience,,,RUR,remote,"[""Git"", ""Linux"", ""Celery"", ""Python"", ""PostgreSQL"", ""RabbitMQ""]","<h3>О проекте:</h3><p>Мы разрабатываем высоконагруженную платформу автоматизации аналитики и бизнес-процессов.</p>
    <h3>Обязанности:</h3><ul><li>Разработка микросервисов на Python и фреймворке Flask.</li>
    <li>Проектирование архитектуры базы данных PostgreSQL и оптимизация сложных аналитических запросов.</li>
    <li>Контейнеризация и настройка пайплайнов деплоя с использованием Docker.</li></ul>
    <h3>Требования:</h3><ul><li>Опыт работы с технологиями: Git, Linux, Celery, Python, PostgreSQL, RabbitMQ.</li>
    <li>Понимание принципов чистого кода, SOLID и микросервисной архитектуры.</li>
    <li>Умение работать в Agile/Scrum команде.</li></ul>
    <h3>Мы предлагаем:</h3><ul><li>Конкурентная зарплата, гибкий график, ДМС и возможность удаленной работы.</li></ul>"
90001232,IT Компания: Middle Go Engineer (Микросервисы),От 3 до 6 лет,between3And6,165000,255000,RUR,fullDay,"[""Git"", ""Redis"", ""Pytest"", ""SQLAlchemy"", ""Docker"", ""Python"", ""Asyncio""]","<h3>О проекте:</h3><p>Мы разрабатываем высоконагруженную платформу автоматизации аналитики и бизнес-процессов.</p>
    <h3>Обязанности:</h3><ul><li>Разработка микросервисов на Python и фреймворке Flask.</li>
    <li>Проектирование архитектуры базы данных Redis и оптимизация сложных аналитических запросов.</li>
    <li>Контейнеризация и настройка пайплайнов деплоя с использованием Docker.</li></ul>
    <h3>Требования:</h3><ul><li>Опыт работы с технологиями: Git, Redis, Pytest, SQLAlchemy, Docker, Python, Asyncio.</li>
    <li>Понимание принципов чистого кода, SOLID и микросервисной архитектуры.</li>
    <li>Умение работать в Agile/Scrum команде.</li></ul>
    <h3>Мы предлагаем:</h3><ul><li>Конкурентная зарплата, гибкий график, ДМС и возможность удаленной работы.</li></ul>"
90001233,Удаленно: Младший программист Python / Django,От 1 года до 3 лет,between1And3,60000,95000,RUR,remote,"[""Linux"", ""Python"", ""Django"", ""ClickHouse"", ""PostgreSQL""]","<h3>О проекте:</h3><p>Мы разрабатываем высоконагруженную платформу автоматизации аналитики и бизнес-процессов.</p>
    <h3>Обязанности:</h3><ul><li>Разработка микросервисов на Python и фреймворке Django.</li>
    <li>Проектирование архитектуры базы данных PostgreSQL и оптимизация сложных аналитических запросов.</li>
    <li>Контейнеризация и настройка пайплайнов деплоя с использованием Docker.</li></ul>
    <h3>Требования:</h3><ul><li>Опыт работы с технологиями: Linux, Python, Django, ClickHouse, PostgreSQL.</li>
    <li>Понимание принципов чистого кода, SOLID и микросервисной архитектуры.</li>
    <li>Умение работать в Agile/Scrum команде.</li></ul>
    <h3>Мы предлагаем:</h3><ul><li>Конкурентная зарплата, гибкий график, ДМС и возможность удаленной работы.</li></ul>"
90001234,Senior Data Engineer / Architect,Нет опыта,noExperience,290000,465000,RUR,flexible,"[""Go"", ""Docker"", ""Kafka"", ""PostgreSQL"", ""Kubernetes""]","<p>В финтех направление открыта вакансия Senior Data Engineer / Architect.</p>
    <p><strong>Задачи:</strong></p><ul><li>Создание масштабируемых сервисов с низким latency.</li>
    <li>Интеграция с платежными шлюзами и внешними API.</li><li>Написание юнит и интеграционных тестов.</li></ul>
    <p><strong>Стек:</strong> Go, Docker, Kafka, PostgreSQL, Kubernetes.</p>
    <p><strong>Условия:</strong> полностью белая зарплата, техника на выбор, дружная инженерная культура.</p>"
90001235,Lead / Senior Backend Engineer (Go / Python),Более 6 лет,moreThan6,350000,550000,RUR,fullDay,"[""FastAPI"", ""Redis"", ""Docker"", ""Python"", ""Kafka"", ""ClickHouse""]","<h3>О проекте:</h3><p>Мы разрабатываем высоконагруженную платформу автоматизации аналитики и бизнес-процессов.</p>
    <h3>Обязанности:</h3><ul><li>Разработка микросервисов на Python и фреймворке FastAPI.</li>
    <li>Проектирование архитектуры базы данных Redis и оптимизация сложных аналитических запросов.</li>
    <li>Контейнеризация и настройка пайплайнов деплоя с использованием Docker.</li></ul>
    <h3>Требования:</h3><ul><li>Опыт работы с технологиями: FastAPI, Redis, Docker, Python, Kafka, ClickHouse.</li>
    <li>Понимание принципов чистого кода, SOLID и микросервисной архитектуры.</li>
    <li>Умение работать в Agile/Scrum команде.</li></ul>
    <h3>Мы предлагаем:</h3><ul><li>Конкурентная зарплата, гибкий график, ДМС и возможность удаленной работы.</li></ul>"
90001236,Junior Backend Engineer (FastAPI),От 1 года до 3 лет,between1And3,70000,,RUR,remote,"[""Kafka"", ""Django"", ""Linux""]","<h3>О проекте:</h3><p>Мы разрабатываем высоконагруженную платформу автоматизации аналитики и бизнес-процессов.</p>
    <h3>Обязанности:</h3><ul><li>Разработка микросервисов на Python и фреймворке Django.</li>
    <li>Проектирование архитектуры базы данных Redis и оптимизация сложных аналитических запросов.</li>
    <li>Контейнеризация и настройка пайплайнов деплоя с использованием Docker.</li></ul>
    <h3>Требования:</h3><ul><li>Опыт работы с технологиями: Kafka, Django, Linux.</li>
    <li>Понимание принципов чистого кода, SOLID и микросервисной архитектуры.</li>
    <li>Умение работать в Agile/Scrum команде.</li></ul>
    <h3>Мы предлагаем:</h3><ul><li>Конкурентная зарплата, гибкий график, ДМС и возможность удаленной работы.</li></ul>"
90001237,Ищем: Golang Developer (Middle),От 3 до 6 лет,between3And6,210000,315000,RUR,remote,"[""Asyncio"", ""Go"", ""Python""]","<h3>О проекте:</h3><p>Мы разрабатываем высоконагруженную платформу автоматизации аналитики и бизнес-процессов.</p>
    <h3>Обязанности:</h3><ul><li>Разработка микросервисов на Go и фреймворке Flask.</li>
    <li>Проектирование архитектуры базы данных Redis и оптимизация сложных аналитических запросов.</li>
    <li>Контейнеризация и настройка пайплайнов деплоя с использованием Docker.</li></ul>
    <h3>Требования:</h3><ul><li>Опыт работы с технологиями: Asyncio, Go, Python.</li>
    <li>Понимание принципов чистого кода, SOLID и микросервисной архитектуры.</li>
    <li>Умение работать в Agile/Scrum команде.</li></ul>
    <h3>Мы предлагаем:</h3><ul><li>Конкурентная зарплата, гибкий график, ДМС и возможность удаленной работы.</li></ul>"
90001238,Software Engineer,Нет опыта,noExperience,40000,75000,RUR,remote,"[""Kafka"", ""Django"", ""Linux""]","<p>В финтех направление открыта вакансия Software Engineer.</p>
    <p><strong>Задачи:</strong></p><ul><li>Создание масштабируемых сервисов с низким latency.</li>
    <li>Интеграция с платежными шлюзами и внешними API.</li><li>Написание юнит и интеграционных тестов.</li></ul>
    <p><strong>Стек:</strong> Kafka, Django, Linux.</p>
    <p><strong>Условия:</strong> полностью белая зарплата, техника на выбор, дружная инженерная культура.</p>"
90001239,Junior Python Developer,Нет опыта,noExperience,55000,105000,RUR,remote,"[""REST API"", ""Linux"", ""FastAPI"", ""Go"", ""Python"", ""ClickHouse""]","<p>В финтех направление открыта вакансия Junior Python Developer.</p>
    <p><strong>Задачи:</strong></p><ul><li>Создание масштабируемых сервисов с низким latency.</li>
    <li>Интеграция с платежными шлюзами и внешними API.</li><li>Написание юнит и интеграционных тестов.</li></ul>
    <p><strong>Стек:</strong> REST API, Linux, FastAPI, Go, Python, ClickHouse.</p>
    <p><strong>Условия:</strong> полностью белая зарплата, техника на выбор, дружная инженерная культура.</p>"
90001240,Стажер-разработчик Python,Нет опыта,noExperience,35000,,RUR,fullDay,"[""REST API"", ""Linux"", ""SQLAlchemy"", ""Docker"", ""Python"", ""Asyncio"", ""Django"", ""PostgreSQL""]","<h3>О проекте:</h3><p>Мы разрабатываем высоконагруженную платформу автоматизации аналитики и бизнес-процессов.</p>
    <h3>Обязанности:</h3><ul><li>Разработка микросервисов на Python и фреймворке Django.</li>
    <li>Проектирование архитектуры базы данных PostgreSQL и оптимизация сложных аналитических запросов.</li>
    <li>Контейнеризация и настройка пайплайнов деплоя с использованием Docker.</li></ul>
    <h3>Требования:</h3><ul><li>Опыт работы с технологиями: REST API, Linux, SQLAlchemy, Docker, Python, Asyncio, Django, PostgreSQL.</li>
    <li>Понимание принципов чистого кода, SOLID и микросервисной архитектуры.</li>
    <li>Умение работать в Agile/Scrum команде.</li></ul>
    <h3>Мы предлагаем:</h3><ul><li>Конкурентная зарплата, гибкий график, ДМС и возможность удаленной работы.</li></ul>"
90001241,"Ищем: Senior Backend Architect (Go, PostgreSQL, Kafka)",Более 6 лет,moreThan6,430000,645000,RUR,fullDay,"[""Django"", ""Go"", ""PostgreSQL"", ""Kubernetes""]","<h3>О проекте:</h3><p>Мы разрабатываем высоконагруженную платформу автоматизации аналитики и бизнес-процессов.</p>
    <h3>Обязанности:</h3><ul><li>Разработка микросервисов на Python и фреймворке Django.</li>
    <li>Проектирование архитектуры базы данных PostgreSQL и оптимизация сложных аналитических запросов.</li>
    <li>Контейнеризация и настройка пайплайнов деплоя с использованием Docker и Kubernetes.</li></ul>
    <h3>Требования:</h3><ul><li>Опыт работы с технологиями: Django, Go, PostgreSQL, Kubernetes.</li>
    <li>Понимание принципов чистого кода, SOLID и микросервисной архитектуры.</li>
    <li>Умение работать в Agile/Scrum команде.</li></ul>
    <h3>Мы предлагаем:</h3><ul><li>Конкурентная зарплата, гибкий график, ДМС и возможность удаленной работы.</li></ul>"
90001242,Инженер бэкенда,Более 6 лет,moreThan6,,530000,RUR,remote,"[""Microservices"", ""PostgreSQL"", ""RabbitMQ""]","<h3>О проекте:</h3><p>Мы разрабатываем высоконагруженную платформу автоматизации аналитики и бизнес-процессов.</p>
    <h3>Обязанности:</h3><ul><li>Разработка микросервисов на Python и фреймворке Flask.</li>
    <li>Проектирование архитектуры базы данных PostgreSQL и оптимизация сложных аналитических запросов.</li>
    <li>Контейнеризация и настройка пайплайнов деплоя с использованием Docker.</li></ul>
    <h3>Требования:</h3><ul><li>Опыт работы с технологиями: Microservices, PostgreSQL, RabbitMQ.</li>
    <li>Понимание принципов чистого кода, SOLID и микросервисной архитектуры.</li>
    <li>Умение работать в Agile/Scrum команде.</li></ul>
    <h3>Мы предлагаем:</h3><ul><li>Конкурентная зарплата, гибкий график, ДМС и возможность удаленной работы.</li></ul>"
90001243,"Middle DevOps Engineer (Docker, K8s)",От 3 до 6 лет,between3And6,185000,290000,RUR,remote,"[""Git"", ""REST API"", ""Go"", ""SQLAlchemy"", ""Docker"", ""Python""]","<h3>О проекте:</h3><p>Мы разрабатываем высоконагруженную платформу автоматизации аналитики и бизнес-процессов.</p>
    <h3>Обязанности:</h3><ul><li>Разработка микросервисов на Python и фреймворке Flask.</li>
    <li>Проектирование архитектуры базы данных Redis и оптимизация сложных аналитических запросов.</li>
    <li>Контейнеризация и настройка пайплайнов деплоя с использованием Docker.</li></ul>
    <h3>Требования:</h3><ul><li>Опыт работы с технологиями: Git, REST API, Go, SQLAlchemy, Docker, Python.</li>
    <li>Понимание принципов чистого кода, SOLID и микросервисной архитектуры.</li>
    <li>Умение работать в Agile/Scrum команде.</li></ul>
    <h3>Мы предлагаем:</h3><ul><li>Конкурентная зарплата, гибкий график, ДМС и возможность удаленной работы.</li></ul>"
90001244,IT Компания: Стажер-разработчик Python,Нет опыта,noExperience,,,RUR,flexible,"[""REST API"", ""Git"", ""Microservices"", ""Go"", ""Python"", ""PostgreSQL""]","<p>В финтех направление открыта вакансия IT Компания: Стажер-разработчик Python.</p>
    <p><strong>Задачи:</strong></p><ul><li>Создание масштабируемых сервисов с низким latency.</li>
    <li>Интеграция с платежными шлюзами и внешними API.</li><li>Написание юнит и интеграционных тестов.</li></ul>
    <p><strong>Стек:</strong> REST API, Git, Microservices, Go, Python, PostgreSQL.</p>
    <p><strong>Условия:</strong> полностью белая зарплата, техника на выбор, дружная инженерная культура.</p>"
90001245,Удаленно: Senior DevOps / SRE Engineer,От 3 до 6 лет,between3And6,,,RUR,remote,"[""Pytest"", ""Go"", ""SQLAlchemy"", ""Python"", ""Kafka""]","<p>В финтех направление открыта вакансия Удаленно: Senior DevOps / SRE Engineer.</p>
    <p><strong>Задачи:</strong></p><ul><li>Создание масштабируемых сервисов с низким latency.</li>
    <li>Интеграция с платежными шлюзами и внешними API.</li><li>Написание юнит и интеграционных тестов.</li></ul>
    <p><strong>Стек:</strong> Pytest, Go, SQLAlchemy, Python, Kafka.</p>
    <p><strong>Условия:</strong> полностью белая зарплата, техника на выбор, дружная инженерная культура.</p>"
90001246,IT Компания: Middle Python Developer,Более 6 лет,moreThan6,135000,215000,RUR,remote,"[""FastAPI"", ""Redis"", ""Python"", ""Kafka"", ""PostgreSQL"", ""RabbitMQ""]","<h3>О проекте:</h3><p>Мы разрабатываем высоконагруженную платформу автоматизации аналитики и бизнес-процессов.</p>
    <h3>Обязанности:</h3><ul><li>Разработка микросервисов на Python и фреймворке FastAPI.</li>
    <li>Проектирование архитектуры базы данных PostgreSQL и оптимизация сложных аналитических запросов.</li>
    <li>Контейнеризация и настройка пайплайнов деплоя с использованием Docker.</li></ul>
    <h3>Требования:</h3><ul><li>Опыт работы с технологиями: FastAPI, Redis, Python, Kafka, PostgreSQL, RabbitMQ.</li>
    <li>Понимание принципов чистого кода, SOLID и микросервисной архитектуры.</li>
    <li>Умение работать в Agile/Scrum команде.</li></ul>
    <h3>Мы предлагаем:</h3><ul><li>Конкурентная зарплата, гибкий график, ДМС и возможность удаленной работы.</li></ul>"
90001247,Разработчик Python,От 1 года до 3 лет,between1And3,160000,260000,RUR,fullDay,"[""Git"", ""FastAPI"", ""Docker"", ""Asyncio"", ""ClickHouse""]","<h3>О проекте:</h3><p>Мы разрабатываем высоконагруженную платформу автоматизации аналитики и бизнес-процессов.</p>
    <h3>Обязанности:</h3><ul><li>Разработка микросервисов на Python и фреймворке FastAPI.</li>
    <li>Проектирование архитектуры базы данных Redis и оптимизация сложных аналитических запросов.</li>
    <li>Контейнеризация и настройка пайплайнов деплоя с использованием Docker.</li></ul>
    <h3>Требования:</h3><ul><li>Опыт работы с технологиями: Git, FastAPI, Docker, Asyncio, ClickHouse.</li>
    <li>Понимание принципов чистого кода, SOLID и микросервисной архитектуры.</li>
    <li>Умение работать в Agile/Scrum команде.</li></ul>
    <h3>Мы предлагаем:</h3><ul><li>Конкурентная зарплата, гибкий график, ДМС и возможность удаленной работы.</li></ul>"
90001248,"Ищем: Backend Разработчик (Python, FastAPI, PostgreSQL)",От 1 года до 3 лет,between1And3,,,RUR,remote,"[""FastAPI"", ""Go"", ""SQLAlchemy"", ""Python"", ""PostgreSQL""]","<h3>О проекте:</h3><p>Мы разрабатываем высоконагруженную платформу автоматизации аналитики и бизнес-процессов.</p>
    <h3>Обязанности:</h3><ul><li>Разработка микросервисов на Python и фреймворке FastAPI.</li>
    <li>Проектирование архитектуры базы данных PostgreSQL и оптимизация сложных аналитических запросов.</li>
    <li>Контейнеризация и настройка пайплайнов деплоя с использованием Docker.</li></ul>
    <h3>Требования:</h3><ul><li>Опыт работы с технологиями: FastAPI, Go, SQLAlchemy, Python, PostgreSQL.</li>
    <li>Понимание принципов чистого кода, SOLID и микросервисной архитектуры.</li>
    <li>Умение работать в Agile/Scrum команде.</li></ul>
    <h3>Мы предлагаем:</h3><ul><li>Конкурентная зарплата, гибкий график, ДМС и возможность удаленной работы.</li></ul>"
90001249,IT Компания: Fullstack Developer (Python / Vue.js),От 1 года до 3 лет,between1And3,160000,260000,RUR,fullDay,"[""Git"", ""SQLAlchemy"", ""Docker"", ""Python""]","<p>В финтех направление открыта вакансия IT Компания: Fullstack Developer (Python / Vue.js).</p>
    <p><strong>Задачи:</strong></p><ul><li>Создание масштабируемых сервисов с низким latency.</li>
    <li>Интеграция с платежными шлюзами и внешними API.</li><li>Написание юнит и интеграционных тестов.</li></ul>
    <p><strong>Стек:</strong> Git, SQLAlchemy, Docker, Python.</p>
    <p><strong>Условия:</strong> полностью белая зарплата, техника на выбор, дружная инженерная культура.</p>"
90001250,Junior Python Developer,Нет опыта,noExperience,45000,85000,RUR,fullDay,"[""Celery"", ""PostgreSQL"", ""Linux""]","<p>В финтех направление открыта вакансия Junior Python Developer.</p>
    <p><strong>Задачи:</strong></p><ul><li>Создание масштабируемых сервисов с низким latency.</li>
    <li>Интеграция с платежными шлюзами и внешними API.</li><li>Написание юнит и интеграционных тестов.</li></ul>
    <p><strong>Стек:</strong> Celery, PostgreSQL, Linux.</p>
    <p><strong>Условия:</strong> полностью белая зарплата, техника на выбор, дружная инженерная культура.</p>"
